{"type": "FeatureCollection", "name": "field_stats", "alma_run": {"script_version": "0.0.5", "threshold": 0.5, "uncertain_method": "otsu", "uncertain_band": [0.43, 0.4919], "otsu_threshold": 0.4577, "otsu_3class_thresholds": [0.43, 0.4919], "prob_hist_bins": [0.0, 0.05, 0.1, 0.15, 0.2, 0.25, 0.3, 0.35, 0.4, 0.45, 0.5, 0.55, 0.6, 0.65, 0.7, 0.75, 0.8, 0.85, 0.9, 0.95, 1.0], "season": ["2024-11-01", "2025-04-30"]}, "features": [{"type": "Feature", "properties": {"field_id": 1, "diam_km": 0.804627985964553, "status": "active", "active_frac": 0.954, "mean_prob": 0.584, "uncertainty_frac": 0.036, "area_ha": 50.9, "active_area_ha": 48.56, "credit_score": 84, "threshold": 0.5, "prob_hist": [0.0, 0.0, 0.0, 0.0, 0.0, 0.0, 0.0, 0.0, 0.0067, 0.0393, 0.1035, 0.4475, 0.4029, 0.0, 0.0, 0.0, 0.0, 0.0, 0.0, 0.0]}, "geometry": {"type": "MultiPolygon", "coordinates": [[[[55.90853304398606, 25.123987272420607], [55.90852254515368, 25.123835421328778], [55.9085050708282, 25.123684103681832], [55.90848065169095, 25.12353358493994], [55.908449330606224, 25.123384129160748], [55.908411162546045, 25.123235998536135], [55.908366214493405, 25.12308945293249], [55.908314565324716, 25.122944749434506], [55.90825630567121, 25.12280214189444], [55.90819153775971, 25.122661880486795], [55.908120375233395, 25.12252421126944], [55.908042942952044, 25.122389375751965], [55.90795937677301, 25.12225761047218], [55.90786982331279, 25.122129146581], [55.90777443968961, 25.12200420943731], [55.90767339324781, 25.121883018212376], [55.90756686126421, 25.12176578550556], [55.907455030636896, 25.12165271697147], [55.9073380975576, 25.12154401095916], [55.907216267167165, 25.121439858164266], [55.90708975319585, 25.12134044129461], [55.90695877758838, 25.121245934749602], [55.90682357011451, 25.121156504314566], [55.9066843679661, 25.121072306869785], [55.90654141534092, 25.120993490115467], [55.90639496301443, 25.12092019231266], [55.90624526789981, 25.120852542040836], [55.90609259259749, 25.120790657972258], [55.9059372049344, 25.120734648663962], [55.90577937749444, 25.120684612367363], [55.905619387140106, 25.12064063685592], [55.905457514527264, 25.120602799271172], [55.9052940436127, 25.12057116598748], [55.90512926115622, 25.120545792495655], [55.904963456217686, 25.120526723305613], [55.904796919650124, 25.120513991868272], [55.904629943589676, 25.12050762051697], [55.904462820943166, 25.120507620428267], [55.904295844874554, 25.120513991602298], [55.9041293082907, 25.120526722862827], [55.903963503327745, 25.120545791876864], [55.90379872083873, 25.12057116519375], [55.90363524988368, 25.12060279830389], [55.903473377222355, 25.120640635716804], [55.90331338681173, 25.120684611058383], [55.903155559307656, 25.120734647187415], [55.90300017157284, 25.120790656330758], [55.902847496191285, 25.120852540237234], [55.90269780099001, 25.120920190350148], [55.90255134856965, 25.120993487997485], [55.90240839584352, 25.12107230460001], [55.90226919358726, 25.121156501897005], [55.90213398599886, 25.1212459321885], [55.90200301027034, 25.12134043859445], [55.901876496171695, 25.12143985532982], [55.90175466564785, 25.121544007995336], [55.90163773242934, 25.121652713883503], [55.90152590165723, 25.121765782298887], [55.901419369523445, 25.121883014892596], [55.90131832292646, 25.122004206010246], [55.90122293914322, 25.122129143052675], [55.901133385518456, 25.12225760684875], [55.901049819170666, 25.122389372039827], [55.900972386716596, 25.12252420747509], [55.90090122401395, 25.12266187661692], [55.900836455922835, 25.122802137955784], [55.90077819608662, 25.122944745433962], [55.9007265467326, 25.123089448877113], [55.900681598492255, 25.123235994433053], [55.90064343024233, 25.123384125017093], [55.900612108966165, 25.123533580763056], [55.90058768963609, 25.123684099479007], [55.90057021511681, 25.123835417107383], [55.90055971608993, 25.123987268188067], [55.90055621100012, 25.124139386324075], [55.90055970602246, 25.12429150464908], [55.900570195051486, 25.124443356295266], [55.90058765971161, 25.124594674861864], [55.900612069389354, 25.12474519488224], [55.9006433812867, 25.12489465228979], [55.90068154049611, 25.12504278488112], [55.90072648009664, 25.1251893327762], [55.900778121271195, 25.12533403887418], [55.90083637344464, 25.125476649304552], [55.90090113444255, 25.125616913872555], [55.90097229067028, 25.1257545864982], [55.90104971731226, 25.12588942564788], [55.901133278550645, 25.126021194758437], [55.90122282780361, 25.126149662651983], [55.901318207982456, 25.1262746039416], [55.90141925176695, 25.126395799426987], [55.901525781899, 25.1265130364788], [55.901637611493356, 25.12662610941204], [55.90175454436572, 25.126734819846742], [55.901876375376595, 25.126838977056284], [55.902002890791366, 25.126938398301874], [55.90213386865523, 25.12703290915339], [55.902269079182545, 25.12712234379527], [55.90240828516007, 25.12720654531781], [55.902551242363195, 25.127285365992154], [55.90269769998435, 25.12735866752974], [55.902847401073124, 25.12742632132493], [55.9030000829873, 25.127488208680738], [55.90315547785347, 25.12754422101702], [55.903313313037344, 25.12759426006118], [55.903473311621944, 25.127638238020484], [55.903635192893795, 25.127676077736233], [55.903798672835336, 25.127707712819085], [55.903963464623466, 25.12773308776561], [55.904129279132825, 25.12775215805572], [55.90429582544326, 25.127764890230775], [55.90446281135033, 25.12777126195219], [55.904629943878085, 25.12777126204092], [55.90479692979332, 25.127764890496785], [55.90496347612006, 25.12775215849857], [55.90512929065389, 25.12773308838449], [55.905294082474505, 25.12770771361293], [55.90545756245657, 25.127676078703665], [55.9056194437769, 25.127638239159783], [55.90577944241787, 25.127594261370326], [55.905937277665835, 25.12754422249375], [55.906092672603776, 25.12748821032243], [55.90624535459723, 25.12742632312876], [55.906395055772684, 25.12735866949249], [55.90654151348775, 25.127285368110442], [55.90668447079184, 25.127206547587882], [55.906823676877266, 25.12712234621313], [55.90695888751914, 25.127032911714753], [55.90708986550408, 25.126938401002324], [55.90721638104622, 25.12683897989106], [55.90733821219054, 25.12673482281088], [55.907455145202164, 25.126626112500286], [55.9075669749414, 25.1265130396858], [55.90767350522362, 25.12639580274705], [55.907774549163406, 25.12627460736898], [55.90786992950227, 25.1261496661806], [55.907959478919835, 25.126021198382123], [55.908043040327044, 25.12588942936031], [55.908120467141735, 25.12575459029278], [55.90819162354584, 25.1256169177427], [55.90825638472344, 25.125476653243435], [55.908314637079584, 25.125334042874893], [55.9083662784395, 25.125189336831752], [55.908411218227755, 25.125042788984373], [55.90844937762693, 25.124894656433536], [55.908480689715724, 25.124745199059248], [55.908505099586264, 25.124594679064785], [55.908522564440254, 25.1244433605167], [55.9085330536638, 25.124291508881615], [55.90853654888098, 25.124139390560345], [55.90853304398606, 25.123987272420607]]]]}}, {"type": "Feature", "properties": {"field_id": 2, "diam_km": 0.800374946311702, "status": "active", "active_frac": 0.94, "mean_prob": 0.559, "uncertainty_frac": 0.041, "area_ha": 48.77, "active_area_ha": 45.86, "credit_score": 83, "threshold": 0.5, "prob_hist": [0.0, 0.0, 0.0, 0.0, 0.0, 0.0, 0.0, 0.0, 0.0047, 0.055, 0.2774, 0.5934, 0.0695, 0.0, 0.0, 0.0, 0.0, 0.0, 0.0, 0.0]}, "geometry": {"type": "MultiPolygon", "coordinates": [[[[55.91844091571273, 25.123634954956668], [55.91843047242189, 25.123483906499274], [55.91841309052806, 25.123333388666527], [55.91838880055013, 25.123183665515388], [55.91835764512562, 25.123034999707887], [55.918319678935575, 25.122887652050117], [55.918274968608685, 25.12274188103475], [55.91822359260405, 25.122597942387813], [55.918165641073365, 25.122456088619785], [55.91810121570285, 25.122316568582853], [55.91803042953442, 25.122179627034352], [55.917953406767474, 25.122045504207435], [55.91787028254081, 25.12191443538965], [55.91778120269541, 25.12178665051028], [55.91768632351853, 25.121662373737006], [55.917585811469436, 25.121541823082733], [55.917479842887325, 25.121425210023183], [55.91736860368196, 25.121312739125983], [55.91725228900734, 25.12120460769185], [55.91713110291948, 25.12110100540857], [55.917005258018314, 25.12100211401826], [55.91687497507484, 25.12090810699863], [55.916740482643746, 25.12081914925875], [55.91660201666247, 25.120735396849756], [55.91645982003748, 25.12065699669124], [55.916314142218, 25.120584086313496], [55.9161652387587, 25.12051679361645], [55.91601337087127, 25.120455236645093], [55.91585880496637, 25.120399523382794], [55.91570181218645, 25.120349751561644], [55.915542667929955, 25.120306008491173], [55.91538165136865, 25.120268370905247], [55.9152190449577, 25.120236904827394], [55.915055133940584, 25.120211665455177], [55.9148902058486, 25.12019269706322], [55.914724549996784, 25.120180032925656], [55.91455845697644, 25.120173695257794], [55.91439221814551, 25.12017369517708], [55.91422612511772, 25.120180032683646], [55.914060469251076, 25.120192696660315], [55.91389554113686, 25.1202116648921], [55.91373163009017, 25.12023690410515], [55.91356902364238, 25.120268370025087], [55.91340800703696, 25.120306007454648], [55.91324886272924, 25.12034975037055], [55.91309186989098, 25.120399522039232], [55.91293730392084, 25.120455235151447], [55.9127854359613, 25.12051679197529], [55.91263653242316, 25.12058408452776], [55.91249085451825, 25.12065699476402], [55.912348657801374, 25.120735394784425], [55.912210191722, 25.12081914705895], [55.912075699186644, 25.120908104668217], [55.911945416133044, 25.121002111561314], [55.91181957111604, 25.121101002829416], [55.91169838490681, 25.12120460499498], [55.91158207010548, 25.121312736316167], [55.91147083076833, 25.12142520710532], [55.9113648620496, 25.121541820061985], [55.91126434985928, 25.121662370618616], [55.911169470536784, 25.121786647299736], [55.91108039054166, 25.121914432092606], [55.91099726616142, 25.12204550082965], [55.91092024323732, 25.122179623581754], [55.91084945690846, 25.122316565061503], [55.910785031374466, 25.122456085035868], [55.91072707967758, 25.12259793874761], [55.91067570350427, 25.122741877344666], [55.91063099300655, 25.122887648316553], [55.9105930266439, 25.12303499593748], [55.91056187104517, 25.12318366171473], [55.91053758089182, 25.12333338484224], [55.910520198821615, 25.123483902658123], [55.910509755353786, 25.123634951105355], [55.910506268835206, 25.123786265195122], [55.91050974540814, 25.123937579471498], [55.91052017899918, 25.124088628477427], [55.910537551329725, 25.12423914722013], [55.91056183194803, 25.124388871636242], [55.91059297828222, 25.1245375390549], [55.910630935714934, 25.124684888658702], [55.910675637679006, 25.124830661941253], [55.910727005773985, 25.124974603160762], [55.910784949903544, 25.125116459788597], [55.91084936843352, 25.125255982952524], [55.9109201483699, 25.1253929278733], [55.91099716555701, 25.125527054294107], [55.91108028489518, 25.1256581269022], [55.9111693605778, 25.12578591574169], [55.9112642363467, 25.125910196617127], [55.91136474576656, 25.126030751486844], [55.911470712516625, 25.126147368845544], [55.911581950700025, 25.126259844095426], [55.911698265169896, 25.126367979905265], [55.91181945187162, 25.126471586556583], [55.911945298201005, 25.126570482276612], [55.912075583376996, 25.126664493557282], [55.91221007882933, 25.126753455459642], [55.91234854859927, 25.126837211903315], [55.912490749753886, 25.126915615940465], [55.91263643281207, 25.126988530013552], [55.91278534218247, 25.127055826196784], [55.912937216611915, 25.12711738642063], [55.91309178964385, 25.12717310267897], [55.91324879008586, 25.127222877218703], [55.91340794248572, 25.12726662271118], [55.9135689676146, 25.127304262405605], [55.91373158295717, 25.127335730263614], [55.91389550320737, 25.127360971075177], [55.91406044076912, 25.127379940555613], [55.914226106260905, 25.12739260542306], [55.91439220902389, 25.12739894345717], [55.9145584576317, 25.12739894353791], [55.91472456040212, 25.127392605665126], [55.91489022590878, 25.12737994095854], [55.91505516349272, 25.127360971638335], [55.915219083772506, 25.12733573098597], [55.91538169915196, 25.127304263285904], [55.91554272432495, 25.127266623747854], [55.915701876776076, 25.127222878409963], [55.915858877276435, 25.12717310402271], [55.916013450373654, 25.127117387914502], [55.916165324875244, 25.12705582783815], [55.916314234324524, 25.126988531799544], [55.91645991746814, 25.126915617867947], [55.916602118714636, 25.126837213968912], [55.91674058858275, 25.126753457659706], [55.91687508413932, 25.12666449588797], [55.91700536942551, 25.12657048473383], [55.91713121587079, 25.126471589136035], [55.91725240269395, 25.126367982602407], [55.91736871729052, 25.12625984690554], [55.91747995560575, 25.126147371763686], [55.917585922492485, 25.126030754507887], [55.917686432053614, 25.12591019973579], [55.917781307968184, 25.12578591895248], [55.91787038380051, 25.125658130199483], [55.9179535032923, 25.125527057672134], [55.918030520636606, 25.12539293132609], [55.91810130073343, 25.125255986474077], [55.918165719426916, 25.125116463372706], [55.91822366372273, 25.124974606801143], [55.91827503198639, 25.12483066563154], [55.918319734121276, 25.12468489239237], [55.91835769172665, 25.124537542825433], [55.91838883823505, 25.12438887543701], [55.91841311902879, 25.124239151044485], [55.91843049153573, 25.124088632318635], [55.918440925303756, 25.123937583322842], [55.91844440205401, 25.12378626904981], [55.91844091571273, 25.123634954956668]]]]}}, {"type": "Feature", "properties": {"field_id": 3, "diam_km": 0.41695638409238, "status": "active", "active_frac": 0.644, "mean_prob": 0.504, "uncertainty_frac": 0.224, "area_ha": 13.65, "active_area_ha": 8.79, "credit_score": 63, "threshold": 0.5, "prob_hist": [0.0, 0.0, 0.0, 0.0, 0.0, 0.0, 0.0, 0.022, 0.0747, 0.2593, 0.5978, 0.0462, 0.0, 0.0, 0.0, 0.0, 0.0, 0.0, 0.0, 0.0]}, "geometry": {"type": "MultiPolygon", "coordinates": [[[[55.92192444801026, 25.126364950329815], [55.92191900865569, 25.126286261396444], [55.9219099545315, 25.126207848847532], [55.92189730152852, 25.126129850244677], [55.92188107185114, 25.12605240242299], [55.92186129397815, 25.125975641251152], [55.92183800261291, 25.125899701392978], [55.921811238622425, 25.1258247160711], [55.92178104896546, 25.125750816833467], [55.921747486610144, 25.125678133322413], [55.92171061044124, 25.12560679304725], [55.92167048515643, 25.125536921160677], [55.92162718115315, 25.12546864023913], [55.92158077440481, 25.125402070067906], [55.92153134632755, 25.12533732743081], [55.92147898363748, 25.12527452590554], [55.92142377819841, 25.1252137756643], [55.92136582686077, 25.12515518328055], [55.92130523129159, 25.125098851542194], [55.92124209779629, 25.125044879271062], [55.92117653713198, 25.12499336114981], [55.92110866431334, 25.124944387555544], [55.921038598410796, 25.12489804440161], [55.92096646234154, 25.12485441298667], [55.92089238265405, 25.12481356985218], [55.920816489306105, 25.124775586648077], [55.92073891543661, 25.12474053000717], [55.92065979713231, 25.124708461428256], [55.92057927318891, 25.12467943716821], [55.9204974848677, 25.124653508143297], [55.92041457564772, 25.12463071983987], [55.92033069097404, 25.12461111223463], [55.92024597800287, 25.124594719724527], [55.920160585343076, 25.12458157106627], [55.920074662795855, 25.12457168932604], [55.9199883610918, 25.124565091839028], [55.919901831626525, 25.124561790178955], [55.91981522619517, 25.124561790137758], [55.919728696726075, 25.124565091715507], [55.91964239501444, 25.124571689120412], [55.91955647245589, 25.124581570778865], [55.919471079781005, 25.124594719355876], [55.919386366791, 25.124611111785402], [55.919302482094835, 25.124630719310797], [55.919219572848675, 25.124653507535353], [55.9191377844977, 25.124679436482488], [55.91905726052099, 25.12470846066593], [55.91897814217986, 25.12474052916953], [55.918900568270146, 25.124775585736618], [55.91882467487857, 25.124813568868515], [55.91875059514424, 25.124854411932557], [55.9186784590249, 25.12489804327886], [55.91860839306915, 25.124944386366128], [55.91854052019428, 25.124993359895797], [55.91847495947086, 25.125044877954682], [55.918411825913566, 25.125098850165752], [55.91835123027974, 25.12515518184646], [55.91829327887483, 25.125213774175066], [55.91823807336601, 25.12527452436376], [55.91818571060385, 25.12533732583923], [55.9181362824523, 25.125402068429267], [55.91808987562752, 25.125468638556374], [55.918046571545844, 25.125536919436694], [55.91800644618084, 25.125606791285087], [55.917969569930015, 25.125678131525163], [55.91793600749129, 25.1257508150043], [55.91790581774946, 25.1258247142132], [55.91787905367289, 25.125899699509592], [55.917855762220505, 25.125975639345633], [55.91783598425941, 25.126052400498633], [55.9178197544931, 25.12612984830486], [55.91780710140057, 25.126207846895696], [55.91779804718636, 25.126286259436004], [55.91779260774146, 25.126364948364188], [55.91779079261541, 25.12644377563353], [55.91779260499957, 25.126522602954363], [55.917798041721326, 25.12660129203661], [55.91780709324978, 25.126679704832505], [55.917819743712265, 25.126757703778726], [55.9178359709223, 25.126835152037703], [55.9178557464183, 25.126911913737725], [55.91787903551361, 25.126987854211308], [55.91790579735719, 25.1270628402314], [55.91793598500529, 25.127136740245255], [55.91796954550387, 25.127209424605045], [55.91800641998123, 25.127280765795508], [55.918046543751515, 25.127350638657536], [55.918089846427925, 25.127418920607877], [55.918136252046374, 25.127485491853967], [55.9181856791986, 25.127550235604474], [55.91823804117504, 25.127613038273893], [55.91829324611685, 25.127673789682056], [55.91835119717709, 25.127732383247192], [55.91841179269067, 25.12778871617322], [55.9184749263526, 25.127842689629908], [55.918540487404606, 25.127894208926396], [55.91860836082919, 25.12794318367719], [55.91867842755178, 25.127989527960903], [55.918750564649386, 25.128033160470945], [55.9188246455663, 25.12807400465819], [55.918900540336224, 25.128111988865314], [55.918978115810134, 25.12814704645241], [55.91905723589013, 25.128179115914108], [55.91913776176801, 25.12820814098735], [55.91921955216894, 25.128234070750175], [55.919302463599294, 25.12825685971099], [55.919386350598415, 25.1282764678885], [55.91947106599391, 25.128292860881803], [55.91955646115982, 25.128306009930732], [55.91964238627739, 25.128315891966384], [55.91972869059803, 25.128322489651495], [55.91981522270771, 25.128325791410983], [55.91990183079281, 25.12832579145218], [55.91998836290631, 25.128322489775023], [55.920074667234516, 25.12831589217203], [55.92016059236343, 25.12830601021813], [55.92024598754442, 25.12829286125047], [55.920330702958765, 25.12827646833777], [55.92041458998041, 25.12825686024007], [55.92049750143693, 25.12823407135814], [55.920579291867604, 25.128208141673163], [55.92065981777881, 25.12817911667653], [55.92073893789563, 25.128147047290103], [55.9208165134098, 25.128111989776787], [55.9208924082233, 25.128074005641906], [55.9209664891871, 25.12803316152513], [55.92103862633481, 25.12798952908372], [55.92110869311063, 25.12794318486668], [55.92117656659146, 25.12789421018046], [55.92124212770258, 25.127842690946363], [55.92130526142648, 25.127788717549752], [55.921365857004744, 25.127732384681373], [55.92142380813226, 25.127673791171365], [55.92147901314381, 25.127613039815728], [55.92153137519235, 25.12755023719613], [55.9215808024189, 25.127485493492635], [55.92162720811379, 25.12741892229068], [55.9216705108686, 25.127350640381593], [55.92171063471907, 25.127280767557735], [55.92174750927837, 25.127209426402327], [55.92178106986037, 25.12713674207449], [55.92181125759334, 25.127062842089348], [55.921838019523, 25.126987856094715], [55.92186130870548, 25.126911915643305], [55.921881084289595, 25.126835153962073], [55.921897311588566, 25.126757705718546], [55.92190996214061, 25.12667970678435], [55.92191901375906, 25.126601293997055], [55.92192445057117, 25.12652260491998], [55.9219262630458, 25.126443777600873], [55.92192444801026, 25.126364950329815]]]]}}, {"type": "Feature", "properties": {"field_id": 4, "diam_km": 0.834603723355939, "status": "active", "active_frac": 0.82, "mean_prob": 0.543, "uncertainty_frac": 0.137, "area_ha": 54.7, "active_area_ha": 44.86, "credit_score": 75, "threshold": 0.5, "prob_hist": [0.0, 0.0, 0.0, 0.0, 0.0, 0.0, 0.0, 0.0015, 0.0161, 0.1623, 0.3569, 0.3675, 0.0958, 0.0, 0.0, 0.0, 0.0, 0.0, 0.0, 0.0]}, "geometry": {"type": "MultiPolygon", "coordinates": [[[[55.927285685140895, 25.12163915625574], [55.92727479496503, 25.121481648054036], [55.92725666957136, 25.12132469318647], [55.92723134078537, 25.121168567002627], [55.92719885306908, 25.12101354339729], [55.927159263442995, 25.12085989432992], [55.92711264138578, 25.12070788934761], [55.927059068712325, 25.120557795112312], [55.926998639429875, 25.120409874932918], [55.92693145957311, 25.12026438830353], [55.92685764701786, 25.12012159044815], [55.926777331274266, 25.119981731873143], [55.92669065325936, 25.11984505792768], [55.92659776504984, 25.11971180837345], [55.92649882961504, 25.11958221696418], [55.926394020531134, 25.11945651103545], [55.926283521676325, 25.119334911106122], [55.92616752690838, 25.11921763049153], [55.926046239724535, 25.11910487492926], [55.925919872904224, 25.118996842218394], [55.92578864813606, 25.11889372187251], [55.9256527956288, 25.11879569478733], [55.92551255370749, 25.118702932923554], [55.92536816839552, 25.118615599005032], [55.92521989298292, 25.118533846233685], [55.92506798758222, 25.1184578180205], [55.9249127186721, 25.11838764773424], [55.92475435863008, 25.118323458467515], [55.92459318525484, 25.118265362820736], [55.9244294812788, 25.11821346270489], [55.92426353387251, 25.11816784916266], [55.92409563414081, 25.118128602208714], [55.923926076612375, 25.11809579068955], [55.92375515872321, 25.11806947216267], [55.92358318029493, 25.118049692795545], [55.923410443009104, 25.118036487284826], [55.92323724987809, 25.11802987879536], [55.923063904713594, 25.11802987891964], [55.92289071159398, 25.118036487657484], [55.92271797433101, 25.11804969341589], [55.92254599593697, 25.11806947302962], [55.92237507809331, 25.11809579180161], [55.92220552062166, 25.118128603563903], [55.92203762095782, 25.118167850758603], [55.92187167363044, 25.11821346453883], [55.92170796974419, 25.118265364889414], [55.92154679646946, 25.118323460767314], [55.92138843653848, 25.118387650261127], [55.92123316774975, 25.118457820770036], [55.92108126248057, 25.118533849201064], [55.92093298720939, 25.11861560218506], [55.92078860204848, 25.118702936310605], [55.92064836028767, 25.11879569837552], [55.920512507949965, 25.118893725655486], [55.920381283360236, 25.11899684618959], [55.92025491672682, 25.11910487908167], [55.92013362973799, 25.11921763481787], [55.92001763517297, 25.11933491559879], [55.919907136528515, 25.119456515686572], [55.91980232766205, 25.11958222176564], [55.91970339245147, 25.11971181331682], [55.919610504472445, 25.119845063004224], [55.919523826694, 25.119981737073996], [55.91944351119238, 25.120121595764182], [55.91936969888417, 25.12026439372542], [55.9193025192791, 25.120409880451167], [55.919242090252574, 25.12055780071722], [55.9191885178388, 25.120707895029366], [55.919141896044586, 25.120859900078553], [55.91910230668431, 25.121013549202676], [55.91906981923625, 25.12116857285463], [55.919044490720374, 25.12132469907478], [55.91902636559824, 25.121481653968353], [55.919015475694906, 25.121639162185712], [55.91901184014261, 25.121796947405507], [55.91901546534734, 25.121954732819383], [55.919026344977134, 25.12211224161752], [55.91904445997318, 25.122269197474502], [55.919069778583, 25.12242532503372], [55.91910225641588, 25.122580350390823], [55.91914183652065, 25.12273400157405], [55.91918844948543, 25.122886009021435], [55.91924201355915, 25.12303610605381], [55.919302434794844, 25.12318402934256], [55.91936960721427, 25.123329519371858], [55.9194434129938, 25.1234723208938], [55.919523722670796, 25.12361218337631], [55.91961039537077, 25.123748861442845], [55.91970327905433, 25.12388211530277], [55.9198022107839, 25.124011711172216], [55.919907017009244, 25.124137421684242], [55.920017513872246, 25.124259026287866], [55.920133507529066, 25.124376311634975], [55.92025479449036, 25.124489071954773], [55.920381161978156, 25.124597109414868], [55.92051238829919, 25.124700234468282], [55.920648243233806, 25.12479826618633], [55.92078848843997, 25.124891032575782], [55.92093287787121, 25.12497837088105], [55.921081158208644, 25.1250601278695], [55.921233069305146, 25.125136160100457], [55.921388344642125, 25.12520633417705], [55.92154671179693, 25.125270526980106], [55.92170789292105, 25.12532862588436], [55.92187160522767, 25.125380528955958], [55.92203756148784, 25.125426145131563], [55.922205470534614, 25.12546539437794], [55.922375037773925, 25.125498207832564], [55.92254596570173, 25.125524527924366], [55.92271795442594, 25.125544308474876], [55.92289070219279, 25.12555751477919], [55.92306390591646, 25.125564123666802], [55.92323726171086, 25.125564123542492], [55.92341046542306, 25.125557514406474], [55.923583213167056, 25.125544307854422], [55.92375520185703, 25.125524527057266], [55.923926129739286, 25.125498206720312], [55.92409569692183, 25.125465393022537], [55.92426360590067, 25.12542614353534], [55.92442956208191, 25.12538052712174], [55.924593274298715, 25.125328623815363], [55.9247544553223, 25.12527052467997], [55.92491282236601, 25.125206331649792], [55.925068097581544, 25.12513615735054], [55.92522000854652, 25.125060124901687], [55.92536828874244, 25.12497836770061], [55.92551267802258, 25.124891029188262], [55.92565292306817, 25.124798262597665], [55.925788777833155, 25.124700230684834], [55.92592000397577, 25.124597105443232], [55.9260463712766, 25.124489067801928], [55.92616765804278, 25.124376307308196], [55.92628365149664, 25.12425902179473], [55.926394148149214, 25.124137417032642], [55.92649895415707, 25.12401170637033], [55.92659788566233, 25.123882110359016], [55.92669076911534, 25.123748856365893], [55.92677744157883, 25.123612178175105], [55.92685775101381, 25.123472315577374], [55.926931556546215, 25.123329513949614], [55.92699872871395, 25.123184023824013], [55.92705914969367, 25.123036100448605], [55.92711271350768, 25.12288600333945], [55.92715932620944, 25.122733995825214], [55.92719890604837, 25.122580344585252], [55.92723138361302, 25.122425319181566], [55.927256701952686, 25.12226919158604], [55.927274816677176, 25.122112235703124], [55.927285696034446, 25.121954726889363], [55.92728932096618, 25.12179694147033], [55.927285685140895, 25.12163915625574]]]]}}, {"type": "Feature", "properties": {"field_id": 5, "diam_km": 0.798365850175045, "status": "active", "active_frac": 0.932, "mean_prob": 0.557, "uncertainty_frac": 0.049, "area_ha": 50.04, "active_area_ha": 46.62, "credit_score": 82, "threshold": 0.5, "prob_hist": [0.0, 0.0, 0.0, 0.0, 0.0, 0.0, 0.0, 0.0, 0.008, 0.0604, 0.2684, 0.6387, 0.0246, 0.0, 0.0, 0.0, 0.0, 0.0, 0.0, 0.0]}, "geometry": {"type": "MultiPolygon", "coordinates": [[[[55.92111627633783, 25.11669408136862], [55.921105859722346, 25.116543411938377], [55.92108852231243, 25.116393271806167], [55.921064294548714, 25.116243924366387], [55.92103321895947, 25.116095631621917], [55.92099535008561, 25.115948653724406], [55.920950754384876, 25.115803248517896], [55.92089951011516, 25.115659671086636], [55.92084170719707, 25.115518173307485], [55.920777447055876, 25.115379003408176], [55.92070684244358, 25.115242405531763], [55.92063001724098, 25.115108619308554], [55.92054710624017, 25.114977879435642], [55.92045825490803, 25.114850415265288], [55.92036361913084, 25.11472645040254], [55.920263364940816, 25.11460620231322], [55.92015766822479, 25.11448988194229], [55.920046714415435, 25.114377693343975], [55.91993069816619, 25.114269833323792], [55.91980982300945, 25.114166491093428], [55.919684300999705, 25.114067847938873], [55.919554352341535, 25.113974076902377], [55.919420205003156, 25.11388534247904], [55.919282094316664, 25.11380180032837], [55.91914026256523, 25.113723597001076], [55.91899495855814, 25.113650869682253], [55.91884643719424, 25.11358374595066], [55.91869495901503, 25.113522343555033], [55.918540789747574, 25.113466770207484], [55.918384199838556, 25.113417123394754], [55.91822546397981, 25.11337349020708], [55.918064860626686, 25.113335947185607], [55.91790267150962, 25.113304560187995], [55.91773918114009, 25.113279384273092], [55.91757467631164, 25.1132604636042], [55.91740944559677, 25.113247831371766], [55.91724377884119, 25.113241509735122], [55.917077966655164, 25.11324150978361], [55.916912299904055, 25.113247831517114], [55.916747069198124, 25.113260463846157], [55.91658256438296, 25.113279384611243], [55.91641907403122, 25.113304560621778], [55.916256884936296, 25.113335947714233], [55.91609628160966, 25.113373490829634], [55.915937545781674, 25.113417124110093], [55.915780955907685, 25.113466771014394], [55.915626786679425, 25.11352234445208], [55.91547530854352, 25.113583746936314], [55.91532678722697, 25.113650870754746], [55.915181483271176, 25.113723598158547], [55.91503965157493, 25.113801801568766], [55.914901540947355, 25.113885343800202], [55.914767393671546, 25.113974078301986], [55.914637445079514, 25.11406784941445], [55.914511923139386, 25.11416649264245], [55.91439104805552, 25.114269834943478], [55.91427503188235, 25.114377695031532], [55.91416407815217, 25.114489883694716], [55.91405838151816, 25.11460620412745], [55.91395812741298, 25.11472645227539], [55.91386349172323, 25.114850417193455], [55.91377464048098, 25.114977881415797], [55.91369172957242, 25.115108621337193], [55.91361490446419, 25.11524240760534], [55.91354429994826, 25.115379005523014], [55.913480039905224, 25.115518175459947], [55.91342223708695, 25.115659673272887], [55.91337099291857, 25.11580325073411], [55.91332639732038, 25.115948655966694], [55.91328852855018, 25.116095633886367], [55.913257453065576, 25.116243926648995], [55.91323322540722, 25.11639327410295], [55.9132158881032, 25.116543414245317], [55.913205471594026, 25.116694083681665], [55.91320199417917, 25.11684501808802], [55.91320546198476, 25.11699595267466], [55.91321586895262, 25.117146622650523], [55.913233196850804, 25.117296763687875], [55.91325741530528, 25.117446112385906], [55.91328848185315, 25.117594406732938], [55.91332634201687, 25.117741386566127], [55.91337092939983, 25.11788679402778], [55.91342216580242, 25.118030374017877], [55.91347996135931, 25.11817187464159], [55.9135442146968, 25.118311047651275], [55.91361481311063, 25.118447648882], [55.91369163276347, 25.11858143867995], [55.91377453890214, 25.118712182322984], [55.91386338609391, 25.118839650432378], [55.9139580184815, 25.11896361937542], [55.91405827005647, 25.11908387165772], [55.91416396495039, 25.11920019630488], [55.914274917743256, 25.119312389232693], [55.91439093378889, 25.119420253605284], [55.91451180955624, 25.11952360018039], [55.914637332986516, 25.119622247641626], [55.91476728386524, 25.119716022916457], [55.9149014342086, 25.119804761480037], [55.91503954866342, 25.119888307643894], [55.915181384920075, 25.11996651482915], [55.91532669413771, 25.120039245823598], [55.91547522138087, 25.12010637302277], [55.915626706066924, 25.12016777865357], [55.91578088242305, 25.12022335498118], [55.915937479952944, 25.12027300449798], [55.91609622391125, 25.120316640094753], [55.916256835785816, 25.12035418521345], [55.91641903378643, 25.12038557398171], [55.91658253333932, 25.120410751328293], [55.91674704758658, 25.120429673079823], [55.91691228788953, 25.120442306038257], [55.91707796433527, 25.12044862803916], [55.91724378624555, 25.12044862799068], [55.917409462686834, 25.120442305892873], [55.91757470298086, 25.120429672837815], [55.91773921721475, 25.12041075099008], [55.91790271674988, 25.12038557354788], [55.91806491472835, 25.12035418468476], [55.918225526576435, 25.120316639472136], [55.91838427050394, 25.120273003782522], [55.91854086799879, 25.12022335417416], [55.918695044315726, 25.12016777775639], [55.91884652895843, 25.120106372036986], [55.918995056154245, 25.120039244750973], [55.91914036532058, 25.11996651367153], [55.91928220152202, 25.11988830640335], [55.91942031591788, 25.11980476015871], [55.919554466198626, 25.119716021516666], [55.919684417011226, 25.119622246165868], [55.9198099403719, 25.11952359863121], [55.91993081606632, 25.119420251985428], [55.92004683203583, 25.11931238754499], [55.92015778474954, 25.119200194552302], [55.920263479561385, 25.119083869843337], [55.92036373105152, 25.118963617502427], [55.92045836335166, 25.118839648504025], [55.920547210453485, 25.118712180342666], [55.92063011649993, 25.11858143665116], [55.92070693605836, 25.118447646808285], [55.92077753437581, 25.118311045536302], [55.9208417876151, 25.11817187248904], [55.920899583072156, 25.118030371831527], [55.92095081937348, 25.117886791811475], [55.92099540665384, 25.117741384323764], [55.92103326671385, 25.117594404468424], [55.92106433315711, 25.11744611010324], [55.9210885515062, 25.11729676139102], [55.92110587929846, 25.11714662034355], [55.921116286160036, 25.1169959503616], [55.921119753859145, 25.116845015772956], [55.92111627633783, 25.11669408136862]]]]}}, {"type": "Feature", "properties": {"field_id": 6, "diam_km": 0.798677472177525, "status": "active", "active_frac": 0.908, "mean_prob": 0.569, "uncertainty_frac": 0.059, "area_ha": 50.15, "active_area_ha": 45.54, "credit_score": 81, "threshold": 0.5, "prob_hist": [0.0, 0.0, 0.0, 0.0, 0.0, 0.0, 0.001, 0.0046, 0.0102, 0.0762, 0.1474, 0.4991, 0.2616, 0.0, 0.0, 0.0, 0.0, 0.0, 0.0, 0.0]}, "geometry": {"type": "MultiPolygon", "coordinates": [[[[55.92879401936637, 25.11446317552733], [55.92878359903249, 25.114312447232635], [55.928766255327886, 25.11416224843669], [55.92874201870437, 25.11401284263685], [55.9287109317057, 25.113864491938333], [55.92867304889284, 25.113717456594436], [55.92862843674799, 25.113571994550068], [55.928577173557954, 25.11342836098909], [55.92851934927645, 25.113286807886904], [55.9284550653663, 25.113147583568185], [55.92838443462122, 25.113010932271575], [55.92830758096787, 25.11287709372104], [55.928224639248235, 25.112746302705446], [55.92813575498308, 25.112618788666783], [55.928041084116536, 25.112494775297616], [55.92794079274233, 25.112374480148823], [55.92783505681256, 25.112258114247897], [55.92772406182869, 25.11214588172896], [55.927608002516386, 25.11203797947457], [55.92748708248358, 25.111934596770496], [55.927361513863545, 25.111835914973714], [55.92723151694254, 25.111742107194246], [55.9270973197735, 25.11165333799171], [55.92695915777596, 25.111569763086532], [55.92681727332307, 25.11149152908698], [55.926671915316504, 25.111418773231858], [55.92652333874993, 25.11135162315003], [55.92637180426168, 25.111290196636403], [55.926217577677534, 25.111234601445453], [55.92606092954473, 25.111184935102198], [55.925902134657264, 25.11114128473118], [55.92574147157398, 25.111103726903632], [55.925579222130146, 25.111072327503205], [55.92541567094301, 25.111047141610495], [55.92525110491279, 25.11102821340633], [55.92508581271941, 25.11101557609437], [55.92492008431634, 25.111009251842834], [55.92475421042202, 25.111009251745667], [55.92458848201001, 25.111015575803012], [55.92442318979878, 25.1110282129213], [55.924258623741785, 25.111047140932644], [55.92409507251905, 25.111072326633714], [55.92393282303084, 25.111103725843996], [55.923772159894504, 25.111141283483306], [55.92361336494534, 25.11118493366826], [55.92345671674232, 25.111234599827974], [55.92330249007962, 25.111290194838197], [55.92315095550453, 25.11135162117426], [55.92300237884304, 25.111418771082004], [55.92285702073365, 25.111491526766812], [55.922715136170204, 25.111569760600116], [55.92257697405453, 25.111653335343416], [55.922442776760036, 25.111742104388693], [55.92231277970645, 25.111835912015806], [55.92218721094694, 25.111934593665477], [55.922066290768015, 25.11203797622786], [55.92195023130317, 25.11214587834624], [55.9218392361607, 25.11225811073513], [55.92173350006643, 25.112374476512148], [55.92163320852222, 25.11249477154341], [55.921538537480394, 25.11261878480166], [55.92144965303501, 25.112746298736162], [55.92136671113052, 25.112877089654567], [55.92128985728799, 25.113010928115045], [55.921219226349756, 25.113147579328885], [55.92115494224282, 25.11328680357224], [55.92109711776123, 25.11342835660671], [55.92104585436817, 25.11357199010759], [55.92100124201771, 25.113717452099678], [55.92096335899699, 25.113864487399177], [55.92093227178862, 25.114012838061257], [55.920908034953925, 25.1141622438327], [55.920890691037016, 25.114312442608306], [55.92088027049009, 25.11446317089079], [55.92087679161966, 25.114614164252927], [55.92088026055447, 25.114765157801582], [55.92089067123437, 25.114915886642258], [55.92090800542089, 25.115066086343916], [55.92093223272903, 25.115215493402836], [55.92096331068029, 25.115363845705026], [55.92100118477724, 25.115510882985863], [55.9210457885988, 25.115656347286915], [55.92109704391651, 25.115799983408447], [55.92115486083189, 25.115941539357117], [55.92121913793383, 25.116080766788276], [55.92128976247629, 25.116217421441476], [55.921366610576214, 25.116351263569197], [55.92144954743047, 25.116482058357445], [55.921538427552456, 25.116609576337808], [55.92163309502713, 25.11673359379006], [55.92173338378451, 25.116853893134685], [55.92183911789095, 25.116970263314737], [55.921950111857626, 25.117082500166113], [55.92206617096614, 25.117190406775862], [55.92218709160992, 25.117293793827656], [55.92231266165142, 25.117392479934033], [55.922442660794424, 25.11748629195469], [55.922576860970395, 25.117575065300315], [55.92271502673872, 25.117658644221404], [55.922856915699796, 25.11773688208155], [55.923002278920286, 25.117809641614837], [55.92315086137001, 25.11787679516663], [55.92330240236939, 25.11793822491762], [55.92345663604687, 25.117993823090668], [55.92361329180555, 25.11804349213984], [55.92377209479794, 25.11808714492161], [55.92393276640827, 25.118124704847855], [55.92409502474155, 25.118156106020155], [55.92425858511812, 25.118181293345526], [55.92442316057331, 25.118200222633067], [55.92458846236114, 25.118212860671544], [55.92475420046079, 25.118219185287636], [55.92492008408582, 25.118219185384834], [55.92508582219441, 25.118212860962963], [55.925251124000084, 25.118200223118183], [55.92541569948205, 25.11818129402349], [55.92557925989425, 25.118156106889767], [55.925741518271906, 25.118124705907608], [55.92590218993535, 25.118087146169668], [55.92606099298944, 25.118043493573975], [55.92621764881832, 25.117993824708392], [55.92637188257444, 25.117938226716063], [55.92652342366066, 25.117876797142635], [55.92667200620535, 25.11780964376497], [55.926817369528685, 25.117736884402042], [55.926959258600355, 25.117658646708147], [55.92709742448685, 25.117575067948955], [55.927231624788334, 25.11748629476058], [55.92736162406397, 25.117392482892264], [55.92748719424499, 25.11729379693302], [55.92760811503493, 25.117190410022925], [55.92772417429599, 25.117082503549174], [55.92783516842136, 25.11697026682785], [55.92794090269228, 25.11685389677169], [55.92804119161976, 25.116733597544574], [55.92813585926975, 25.116609580203253], [55.928224739572016, 25.116482062327012], [55.92830767661118, 25.116351267635952], [55.9283845249003, 25.116217425598276], [55.928455149635965, 25.116080771027843], [55.928519426934685, 25.115941543672008], [55.92857724405019, 25.115799987791057], [55.92862849957097, 25.11565635172957], [55.92867310359816, 25.11551088748079], [55.92871097790295, 25.115363850244318], [55.92874205606395, 25.115215497978557], [55.92876628358327, 25.115066090947977], [55.92878361798211, 25.114915891266627], [55.92879402887508, 25.114765162438164], [55.92879749802335, 25.11461416889358], [55.92879401936637, 25.11446317552733]]]]}}, {"type": "Feature", "properties": {"field_id": 7, "diam_km": 0.797481556286756, "status": "active", "active_frac": 0.713, "mean_prob": 0.522, "uncertainty_frac": 0.202, "area_ha": 49.9, "active_area_ha": 35.56, "credit_score": 67, "threshold": 0.5, "prob_hist": [0.0, 0.0, 0.0, 0.0, 0.0, 0.0, 0.0, 0.0046, 0.0561, 0.2267, 0.419, 0.291, 0.0026, 0.0, 0.0, 0.0, 0.0, 0.0, 0.0, 0.0]}, "geometry": {"type": "MultiPolygon", "coordinates": [[[[55.92263445942457, 25.109478437043347], [55.92262405491545, 25.10932793435501], [55.92260673768345, 25.10917796038059], [55.9225825381338, 25.109028778222967], [55.92255149874519, 25.108880649595093], [55.922513673994935, 25.10873383436064], [55.92246913026331, 25.1085885900784], [55.92241794571704, 25.10844517155025], [55.92236021017181, 25.108303830374286], [55.922296024934695, 25.108164814503592], [55.92222550262626, 25.10802836781096], [55.92214876698285, 25.107894729661524], [55.922065952639414, 25.10776413449262], [55.9219772048932, 25.10763681140266], [55.921882679448764, 25.107512983749263], [55.92178254214473, 25.107392868757522], [55.92167696866286, 25.107276677138948], [55.92156614421963, 25.107164612721924], [55.921450263241475, 25.10705687209409], [55.92132952902351, 25.10695364425778], [55.92120415337302, 25.10685511029824], [55.921074356237696, 25.106761443066286], [55.920940365320064, 25.106672806874904], [55.92080241567783, 25.106589357211234], [55.92066074931161, 25.10651124046382], [55.920515614740566, 25.10643859366591], [55.92036726656639, 25.106371544254973], [55.920215965026735, 25.106310209849404], [55.92006197553891, 25.106254698042072], [55.91990556823414, 25.106205106211753], [55.91974701748402, 25.10616152135228], [55.91958660141922, 25.106124019919964], [55.919424601441655, 25.106092667699585], [55.91926130173104, 25.10606751968895], [55.919096988746475, 25.106048620002476], [55.91893195072406, 25.10603600179373], [55.918766477171424, 25.10602968719748], [55.918600858359994, 25.106029687290732], [55.91843538481592, 25.10603600207328], [55.91827034681064, 25.106048620467842], [55.918106033851736, 25.10606752033937], [55.91794273417528, 25.106092668533886], [55.917780734240296, 25.106124020936665], [55.91762031822642, 25.10616152254959], [55.917461767535485, 25.10620510758759], [55.91730536029808, 25.10625469959403], [55.91715137088561, 25.106310211574744], [55.917000069429264, 25.1063715461507], [55.916851721346156, 25.10643859572868], [55.916706586873765, 25.106511242690036], [55.916564920613645, 25.106589359596928], [55.91642697108473, 25.106672809415926], [55.91629298028749, 25.106761445758192], [55.91616318327939, 25.106855113136326], [55.916037807762706, 25.106953647237013], [55.91591707368495, 25.107056875209295], [55.9158011928531, 25.107164615967598], [55.91569036856209, 25.10727668050943], [55.915584795238, 25.10739287224689], [55.9154846580971, 25.107512987351413], [55.915390132820846, 25.107636815111242], [55.91530138524757, 25.107764138301118], [55.91521857108149, 25.10789473356328], [55.91514183561957, 25.108028371799122], [55.91507131349647, 25.108164818571165], [55.91500712844816, 25.10830383451417], [55.914949393094915, 25.108445175755154], [55.91489820874342, 25.108588594340933], [55.91485366520911, 25.108733838673334], [55.91481584065825, 25.10888065395038], [55.91478480147079, 25.109028782613226], [55.91476060212378, 25.109177964798096], [55.91474328509548, 25.109327938792035], [55.91473288079082, 25.109478441492076], [55.91472940748773, 25.109629208866764], [55.914732871305105, 25.109779976419375], [55.91474326619173, 25.109930479651943], [55.91476057393668, 25.110080454529204], [55.9147847642013, 25.110229637941877], [55.914815794572064, 25.1103777681683], [55.91485361063486, 25.11052458533346], [55.91489814607029, 25.110669831865156], [55.91494932276995, 25.110813252945633], [55.91500705097311, 25.11095459695892], [55.9150712294242, 25.11109361593209], [55.91514174555029, 25.1112300659705], [55.915218475658364, 25.111363707685573], [55.915301285152324, 25.111494306615022], [55.91539002876895, 25.111621633634], [55.91548455083262, 25.111745465357323], [55.91558468552838, 25.111865584531376], [55.9156902571929, 25.111981780415334], [55.915801080622316, 25.11209384915087], [55.915916961397365, 25.112201594119995], [55.91603769622437, 25.11230482629001], [55.91616307329173, 25.11240336454524], [55.91629287264185, 25.11249703600474], [55.91642686655665, 25.11258567632587], [55.91656481995741, 25.112669129992504], [55.916706490817155, 25.11274725058805], [55.916851630585185, 25.11281990105226], [55.91699998462337, 25.112886953921937], [55.917151292652925, 25.112948291554453], [55.91730528921103, 25.113003806334266], [55.91746170411683, 25.11305340086177], [55.91762026294544, 25.11309698812421], [55.91778068750957, 25.113134491648406], [55.9179426963476, 25.11316584563492], [55.91810600521771, 25.113190995073587], [55.91827032759655, 25.113209895839955], [55.91843537518214, 25.113222514772815], [55.91860085839974, 25.113228829732414], [55.91876648691018, 25.11322882963914], [55.9189319701192, 25.11322251449321], [55.91909701768764, 25.113209895374506], [55.91926134004082, 25.113190994423093], [55.91942464887676, 25.113165844800523], [55.91958665767219, 25.113134490631566], [55.91974708218535, 25.113096986926735], [55.91990564095476, 25.11305339948573], [55.92006205579318, 25.11300380478209], [55.92021605227589, 25.112948289828854], [55.9203673602221, 25.11288695202596], [55.92051571416921, 25.112819898989244], [55.92066085383855, 25.11274724836157], [55.92080252459215, 25.112669127606505], [55.92094047787954, 25.112585673784537], [55.92107447167394, 25.112497033312522], [55.92120427089678, 25.11240336170685], [55.92132964783031, 25.112304823310453], [55.92145038251703, 25.112201591004467], [55.92156626314572, 25.112093845904848], [55.92167708642291, 25.111981777044523], [55.92178265792957, 25.111865581041695], [55.921882792462206, 25.111745461754893], [55.92197731435763, 25.111621629925118], [55.922066057801295, 25.11149430280623], [55.92214886711785, 25.11136370378355], [55.92222559704438, 25.111230061982045], [55.92229611298513, 25.11109361186426], [55.92236029124739, 25.110954592818796], [55.92241801925856, 25.11081324874054], [55.92246919576336, 25.110669827602415], [55.92251373100154, 25.110524581020602], [55.92255154686489, 25.110377763812853], [55.92258257703441, 25.110229633551523], [55.922606767096404, 25.110080450111603], [55.922624074637675, 25.109930475214885], [55.92263446931984, 25.109779971970628], [55.92263793293241, 25.109629204414123], [55.92263445942457, 25.109478437043347]]]]}}, {"type": "Feature", "properties": {"field_id": 8, "diam_km": 0.797976268887307, "status": "active", "active_frac": 0.98, "mean_prob": 0.593, "uncertainty_frac": 0.012, "area_ha": 49.98, "active_area_ha": 49.0, "credit_score": 87, "threshold": 0.5, "prob_hist": [0.0, 0.0, 0.0, 0.0, 0.0, 0.0, 0.0, 0.0, 0.0004, 0.0192, 0.0742, 0.442, 0.4642, 0.0, 0.0, 0.0, 0.0, 0.0, 0.0, 0.0]}, "geometry": {"type": "MultiPolygon", "coordinates": [[[[55.93038401694922, 25.107286988395042], [55.93037360628291, 25.107136392292464], [55.930356278728354, 25.106986325227613], [55.93033206470894, 25.106837050466805], [55.930301006728754, 25.10668882988537], [55.9302631592978, 25.106541923508367], [55.93021858883616, 25.10639658905438], [55.930167373557474, 25.106253081483544], [55.930109603331296, 25.10611165255018], [55.93004537952567, 25.105972550361194], [55.929974814828775, 25.105836018940973], [55.92989803305136, 25.105702297803127], [55.92981516890932, 25.105571621530665], [55.9297263677873, 25.10544421936422], [55.929631785483465, 25.10532031480017], [55.92953158793625, 25.105200125198497], [55.92942595093307, 25.105083861401617], [55.9293150598019, 25.10497172736444], [55.92919910908608, 25.104863919796873], [55.92907830220315, 25.104760627818553], [55.928952851087836, 25.104662032627303], [55.92882297582025, 25.10456830718128], [55.92868890423994, 25.104479615895663], [55.92855087154612, 25.104396114354206], [55.92840911988513, 25.104317949036464], [55.928263897925724, 25.104245257060818], [55.92811546042288, 25.10417816594406], [55.92796406777099, 25.104116793377674], [55.92780998554712, 25.10406124702153], [55.927653484045216, 25.104011624314982], [55.92749483780209, 25.103968012306], [55.927334325115915, 25.10393048749856], [55.927172227558096, 25.103899115718413], [55.92700882947948, 25.103873951997684], [55.92684441751173, 25.10385504047832], [55.92667928006459, 25.1038424143347], [55.926513706820074, 25.103836095715454], [55.926347988224464, 25.10383609570465], [55.92618241497892, 25.103842414302356], [55.926017277529816, 25.103855040424484], [55.92585286555909, 25.103873951922427], [55.92568946747653, 25.103899115621896], [55.92552736991378, 25.10393048738095], [55.9253668572217, 25.103968012167474], [55.92520821097175, 25.104011624155806], [55.92505170946207, 25.104061246841965], [55.924897627229456, 25.104116793178054], [55.92474623456791, 25.104178165724726], [55.924597797054545, 25.104245256822164], [55.92445257508372, 25.104317948778892], [55.924310823410465, 25.104396114078195], [55.92417279070354, 25.1044796156017], [55.924038719109284, 25.104568306869847], [55.923908843827, 25.10466203229895], [55.923783392696166, 25.10476062747385], [55.92366258579706, 25.104863919436475], [55.923546635064305, 25.104971726988943], [55.92343574391551, 25.105083861011654], [55.92333010689408, 25.105200124794806], [55.923229909327986, 25.10532031438343], [55.923135327004715, 25.10544421893517], [55.92304652586267, 25.105571621090018], [55.922963661700116, 25.10570229735171], [55.9228868799017, 25.10583601847955], [55.92281631518337, 25.105972549890605], [55.92275209135588, 25.106111652071213], [55.92269432110753, 25.10625308099707], [55.92264310580629, 25.106396588561243], [55.922598535321825, 25.106541923009416], [55.922560687867794, 25.106688829381486], [55.922529629864336, 25.10683704995888], [55.922505415821476, 25.10698632471654], [55.92248808824336, 25.10713639177913], [55.92247767755339, 25.10728698788034], [55.92247420204078, 25.10743784882496], [55.92247766782832, 25.10758870995209], [55.92248806886131, 25.107739306599523], [55.922505386918175, 25.107889374568188], [55.9225295916421, 25.10803865058548], [55.92256064059427, 25.10818687276725], [55.92259847932795, 25.108333781077192], [55.92264304148409, 25.10847911778316], [55.92269424890733, 25.108622627909224], [55.92275201178314, 25.10876405968318], [55.92281622879513, 25.108903164978127], [55.92288678730269, 25.109039699747974], [55.92296356353853, 25.109173424455538], [55.92304642282563, 25.10930410449282], [55.9231352198134, 25.10943151059276], [55.92322979873262, 25.109555419231402], [55.923329993668645, 25.109675613020144], [55.9234356288524, 25.109791881087286], [55.923546518968614, 25.10990401944786], [55.92366246948107, 25.110011831361735], [55.923783276973666, 25.110115127678732], [55.92390872950745, 25.110213727170567], [55.92403860699227, 25.110307456848954], [55.92417268157311, 25.11039615226904], [55.92431071802966, 25.11047965781807], [55.92445247418921, 25.11055782698834], [55.92459770135142, 25.11063052263449], [55.92474614472485, 25.110697617213944], [55.92489754387394, 25.110758993010947], [55.925051633176025, 25.110814542342975], [55.92520814228749, 25.110864167749817], [55.92536679661819, 25.110907782164514], [55.92552731781321, 25.110945309066263], [55.925689424241476, 25.1109766826146], [55.92585283148985, 25.111001847764975], [55.92601725286242, 25.111020760365477], [55.92618239988348, 25.111033387234087], [55.92634798280385, 25.111039706217078], [55.926513711109365, 25.111039706227857], [55.92667929403073, 25.111033387266446], [55.926844441053746, 25.111020760419322], [55.92700886242928, 25.111001847840242], [55.927172269681634, 25.11097668271114], [55.92733437611484, 25.110945309183894], [55.92749489731574, 25.110907782303084], [55.92765355165331, 25.110864167909025], [55.927810060772565, 25.110814542522565], [55.927964150083376, 25.110758993210595], [55.92811554924208, 25.110697617433306], [55.92826399262606, 25.110630522873162], [55.928409219799704, 25.110557827245938], [55.92855097597152, 25.1104796580941], [55.9286890124412, 25.110396152563077], [55.92882308703596, 25.110307457160427], [55.928952964535526, 25.110213727498966], [55.92907841708476, 25.110115128023438], [55.92919922459362, 25.110011831722172], [55.92931517512299, 25.109904019823404], [55.92942606525684, 25.109791881477275], [55.92953170045883, 25.109675613423896], [55.92963189541374, 25.10955541964817], [55.929726474352414, 25.109431511021842], [55.929815271360184, 25.109304104933482], [55.9298981306678, 25.10917342490699], [55.929974906924656, 25.10903970020943], [55.930045465453674, 25.108903165448755], [55.9301096824875, 25.10876406016216], [55.930167445385514, 25.10862262839572], [55.930218652831286, 25.108479118276335], [55.93026321501025, 25.108333781576164], [55.930301053767046, 25.108186873271148], [55.93033210274247, 25.108038651093427], [55.93035630748983, 25.107889375079278], [55.930373625570276, 25.107739307112872], [55.93038402662691, 25.10758871046678], [55.930387492438115, 25.107437849340116], [55.93038401694922, 25.107286988395042]]]]}}, {"type": "Feature", "properties": {"field_id": 9, "diam_km": 0.805136675588253, "status": "active", "active_frac": 0.907, "mean_prob": 0.545, "uncertainty_frac": 0.069, "area_ha": 49.56, "active_area_ha": 44.96, "credit_score": 80, "threshold": 0.5, "prob_hist": [0.0, 0.0, 0.0, 0.0, 0.0, 0.0, 0.0, 0.0, 0.0042, 0.0886, 0.4909, 0.3686, 0.0476, 0.0, 0.0, 0.0, 0.0, 0.0, 0.0, 0.0]}, "geometry": {"type": "MultiPolygon", "coordinates": [[[[55.91481850409613, 25.110853384659883], [55.91480799978394, 25.110701437295894], [55.9147905163145, 25.110550023713653], [55.91476608438517, 25.11039940954164], [55.914734746882786, 25.110249859004895], [55.91469655880814, 25.11010163446158], [55.91465158717934, 25.10995499594277], [55.914599910914184, 25.109810200696188], [55.914541620691445, 25.109667502735068], [55.91447681879164, 25.109527152392538], [55.91440561891746, 25.10938939588244], [55.914328145994325, 25.10925447486755], [55.91424453595086, 25.109122626035617], [55.91415493548052, 25.108994080684184], [55.91405950178403, 25.108869064314973], [55.91395840229354, 25.10874779623828], [55.91385181437895, 25.108630489188254], [55.91373992503655, 25.108517348949963], [55.91362293056093, 25.10840857399818], [55.91350103620077, 25.108304355149542], [55.91337445579851, 25.10820487522768], [55.91324341141541, 25.1081103087427], [55.91310813294189, 25.10802082158496], [55.91296885769436, 25.10793657073433], [55.912825829998795, 25.1078577039847], [55.91267930076238, 25.10778435968478], [55.912529527033215, 25.107716666495605], [55.912376771549624, 25.107654743164765], [55.91222130227924, 25.107598698318167], [55.91206339194899, 25.107548630269545], [55.91190331756693, 25.107504626848062], [55.911741359936244, 25.107466765244187], [55.91157780316286, 25.107435111874448], [55.9114129341572, 25.10740972226492], [55.911247042130945, 25.107390640953724], [55.91108041808994, 25.107377901413063], [55.91091335432371, 25.107371525990548], [55.91074614389298, 25.107371525869787], [55.91057908011564, 25.107377901051045], [55.910412456052434, 25.107390640351035], [55.91024656399297, 25.10740972142264], [55.910081694943074, 25.107435110794086], [55.909918138114556, 25.107466763927604], [55.90975618041794, 25.107504625297576], [55.909596105959196, 25.10754862848787], [55.90943819554177, 25.10759869630843], [55.90928272617373, 25.107654740930492], [55.909129970582256, 25.107716664040705], [55.90898019673519, 25.107784357013582], [55.90883366737103, 25.107857701101853], [55.90869063953809, 25.107936567644945], [55.90855136414377, 25.108020818294406], [55.908416085514354, 25.108110305256744], [55.90828504096653, 25.108204871552473], [55.908158460390965, 25.108304351291533], [55.90803656584926, 25.108408569964105], [55.90791957118418, 25.108517344746915], [55.907807681644655, 25.108630484823635], [55.90770109352573, 25.108747791719676], [55.907599993824, 25.10886905965036], [55.90750455990972, 25.108994075881725], [55.90741495921543, 25.10912262110374], [55.90733134894228, 25.109254469814914], [55.907253875784114, 25.10938939071789], [55.90718267566997, 25.109527147125153], [55.90711787352563, 25.10966749737409], [55.90705958305427, 25.10981019525101], [55.90700790653688, 25.109954990422935], [55.90696293465263, 25.110101628876805], [55.906924746319724, 25.110249853364945], [55.90689340855682, 25.110399403856416], [55.90686897636508, 25.11055001799314], [55.90685149263186, 25.11070143155011], [55.90684098805494, 25.110853378898913], [55.906837481088736, 25.11100559347372], [55.90684097791163, 25.11115780823893], [55.90685147241496, 25.111309756157674], [55.90686894621363, 25.111461170660164], [55.90689336867813, 25.111611786111506], [55.906924696987986, 25.11176133827766], [55.90696287620688, 25.11190956478907], [55.90700783937884, 25.11205620560079], [55.907059507645386, 25.112201003449083], [55.90711779038387, 25.112343704302415], [55.90718258536624, 25.11248405780743], [55.907253778938276, 25.11262181772806], [55.90733124621886, 25.11275674237759], [55.9074148513189, 25.112888595042815], [55.90750444757962, 25.113017144399276], [55.90759987782984, 25.113142164917182], [55.90770097466153, 25.113263437257135], [55.90780756072348, 25.11338074865505], [55.907919449032406, 25.113493893295416], [55.90803644330092, 25.11360267267254], [55.90815833828186, 25.11370689593875], [55.908284920128374, 25.113806380239446], [55.90841596676913, 25.113900951033823], [55.90855124829778, 25.113990442401196], [55.90869052737662, 25.114074697332295], [55.90883355965266, 25.11415356800457], [55.908980094186674, 25.114226916041748], [55.90912987389335, 25.11429461275662], [55.90928263599251, 25.114356539376846], [55.90943811247006, 25.114412587253483], [55.90959603054851, 25.11446265805152], [55.90975611316548, 25.11450666392251], [55.90991807946001, 25.114544527658797], [55.91008164526543, 25.11457618282886], [55.91024652360793, 25.114601573894113], [55.91041242521037, 25.1146206563061], [55.91057905899973, 25.11463339658491], [55.910746132618094, 25.114639772377856], [55.910913352935616, 25.11463977249862], [55.9110804265651, 25.11463339694698], [55.91124706037666, 25.11462065690886], [55.91141296201232, 25.11460157473649], [55.91157784039908, 25.11457618390941], [55.91174140625968, 25.11454452897555], [55.911903372620195, 25.114506665473215], [55.912063455313856, 25.114462659833453], [55.91222137347955, 25.1144125892635], [55.912376850054756, 25.114356541611443], [55.91252961226179, 25.114294615211833], [55.91267939208646, 25.1142269187133], [55.912825926748276, 25.114153570887762], [55.912968959161745, 25.11407470042209], [55.91310823838738, 25.113990445692163], [55.91324352007199, 25.113900954520155], [55.91337456687753, 25.113806383915072], [55.913501148897396, 25.113706899797208], [55.913623044059925, 25.11360267670703], [55.913740038518, 25.113493897498902], [55.913851927024076, 25.113380753020138], [55.91395851329045, 25.11326344177615], [55.91405961033343, 25.1131421695822], [55.914155040801475, 25.11301714920213], [55.91424463728619, 25.11288859997506], [55.91432824261596, 25.112756747430602], [55.91440571013166, 25.112621822892923], [55.91447690394371, 25.112484063075133], [55.91454169917064, 25.11234370966369], [55.914599982157746, 25.112201008894537], [55.914651650676575, 25.112056211120855], [55.91469661410402, 25.11190957037404], [55.91473479358118, 25.111761343917795], [55.91476612215161, 25.111611791796864], [55.91479054487849, 25.11146117638078], [55.914808018940995, 25.111309761903513], [55.914818513709065, 25.11115781399994], [55.91482201079716, 25.111005599239764], [55.91481850409613, 25.110853384659883]]]]}}, {"type": "Feature", "properties": {"field_id": 10, "diam_km": 0.793424781025021, "status": "active", "active_frac": 0.612, "mean_prob": 0.504, "uncertainty_frac": 0.274, "area_ha": 48.93, "active_area_ha": 29.93, "credit_score": 60, "threshold": 0.5, "prob_hist": [0.0, 0.0, 0.0, 0.0, 0.0, 0.0, 0.0, 0.0086, 0.0969, 0.2829, 0.5097, 0.102, 0.0, 0.0, 0.0, 0.0, 0.0, 0.0, 0.0, 0.0]}, "geometry": {"type": "MultiPolygon", "coordinates": [[[[55.913160050445136, 25.11801068329831], [55.91314969839969, 25.117860946372318], [55.91313246831774, 25.1177117354604], [55.913108390451384, 25.117563312326798], [55.913077507065566, 25.11741593735289], [55.91303987236374, 25.117269869080257], [55.91299555239257, 25.117125363757264], [55.91294462492594, 25.116982674889535], [55.9128871793284, 25.116842052795107], [55.91282331639809, 25.11670374416555], [55.912753148190035, 25.116567991633172], [55.912676797819216, 25.116435033345294], [55.912594399244504, 25.116305102546608], [55.91250609703362, 25.11617842717016], [55.91241204610944, 25.116055229437336], [55.912312411477984, 25.115935725468198], [55.91220736793912, 25.115820124902495], [55.91209709977955, 25.115708630531714], [55.91198180044979, 25.115601437943695], [55.91186167222456, 25.115498735179276], [55.91173692584801, 25.11540070240281], [55.91160778016396, 25.11530751158583], [55.91147446173204, 25.115219326205757], [55.91133720443031, 25.115136300958916], [55.91119624904492, 25.11505858148939], [55.9110518428478, 25.114986304133513], [55.910904239162946, 25.114919595680803], [55.9107536969221, 25.114858573151515], [55.91060048021064, 25.11480334359154], [55.9104448578043, 25.114754003884485], [55.91028710269789, 25.114710640582008], [55.91012749162643, 25.11467332975177], [55.90996630457982, 25.114642136844246], [55.90980382431183, 25.114617116577772], [55.909640335844266, 25.114598312842684], [55.90947612596693, 25.114585758624276], [55.90931148273489, 25.114579475945103], [55.90914669496312, 25.11457947582611], [55.90898205172012, 25.11458575826751], [55.908817841820934, 25.114598312248734], [55.90865435332061, 25.1146171157477], [55.90849187300905, 25.114642135779544], [55.90833068590809, 25.11467332845426], [55.90817107477161, 25.11471063905396], [55.90801331958965, 25.114754002128613], [55.90785769709736, 25.11480334161088], [55.907704480289674, 25.114858570949593], [55.907553937942545, 25.11491959326147], [55.90740633414146, 25.114986301501002], [55.90726192781842, 25.11505857864829], [55.90712097229761, 25.115136297914248], [55.90698371485123, 25.115219322962847], [55.90685039626568, 25.11530750815039], [55.90672125041928, 25.11540069878082], [55.906596503871924, 25.115498731377112], [55.90647637546779, 25.115601433968017], [55.90636107595126, 25.11570862638953], [55.906250807597445, 25.115820120601004], [55.90614576385717, 25.11593572101503], [55.90604612901752, 25.116055224840228], [55.90595207787866, 25.116178422437237], [55.9058637754471, 25.116305097686162], [55.905781376645976, 25.116435028365785], [55.90570502604352, 25.116567986543426], [55.90563485759893, 25.116703738974437], [55.90557099442766, 25.11684204751173], [55.9055135485851, 25.116982669523185], [55.90546262086984, 25.11712535831736], [55.9054183006469, 25.117269863576333], [55.90538066569056, 25.117415931794586], [55.905349782047956, 25.117563306723902], [55.905325703923005, 25.117711729822698], [55.905308473581044, 25.117860940709736], [55.90529812127471, 25.118010677620738], [55.90529466519051, 25.118160677867717], [55.90529811141683, 25.118310678299746], [55.90530845393304, 25.118460415764634], [55.90532567461992, 25.118609627570525], [55.90534974329126, 25.1187580519469], [55.9053806177466, 25.118905428503698], [55.90541824384516, 25.1190514986882], [55.905462555600614, 25.11919600623863], [55.90551347529665, 25.119338697633786], [55.905570913623286, 25.119479322537835], [55.905634769833334, 25.119617634239468], [55.905704931918926, 25.119753390084977], [55.905781276808064, 25.119886351903727], [55.905863670580295, 25.12001628642618], [55.90595196870154, 25.120142965693287], [55.90604601627769, 25.12026616745631], [55.906145648326124, 25.120385675566943], [55.906250690065214, 25.12050128035638], [55.90636095722074, 25.12061277900346], [55.90647625634934, 25.120719975890438], [55.906596385177615, 25.120822682946212], [55.90672113295728, 25.120920719976464], [55.90685028083462, 25.121013914979695], [55.906983602234575, 25.121102104449214], [55.90712086325836, 25.121185133659964], [55.90726182309367, 25.12126285694008], [55.90740623443737, 25.121335137926486], [55.90755384392934, 25.121401849804187], [55.90770439259712, 25.121462875528934], [55.90785761631025, 25.121518108032408], [55.90801324624392, 25.121567450410318], [55.90817100935047, 25.121610816092346], [55.908330628838826, 25.121648128994078], [55.90849182465998, 25.121679323650522], [55.90865431399863, 25.121704345331107], [55.908817811769396, 25.121723150135566], [55.90898203111715, 25.121735705071043], [55.90914668392046, 25.121741988110085], [55.90931148129718, 25.121741988229083], [55.90947613411144, 25.121735705427902], [55.90964035348107, 25.121723150729604], [55.90980385128461, 25.121704346161287], [55.90996634066687, 25.121679324715423], [55.910127536542376, 25.121648130291756], [55.91028715609574, 25.121610817620617], [55.9104449192779, 25.121567452166463], [55.91060054929753, 25.121518110013326], [55.910753773106954, 25.12146287773117], [55.91090432188108, 25.121401852223876], [55.91105193148932, 25.121335140559367], [55.91119634295899, 25.12126285978154], [55.91133730292972, 25.12118513670502], [55.91147456409819, 25.121102107692536], [55.91160788565186, 25.121013918415585], [55.911737033691594, 25.120920723598854], [55.911861781642116, 25.12082268674879], [55.911981910649395, 25.120719979866518], [55.91209720996478, 25.120612783146065], [55.912207477314624, 25.120501284658225], [55.91231251925516, 25.120385680020508], [55.91241215151186, 25.120266172053796], [55.912506199302705, 25.120142970426613], [55.912594497644726, 25.12001629128702], [55.912676891643365, 25.119886356883566], [55.9127532367642, 25.119753395175078], [55.912823399086385, 25.11961763943092], [55.91288725553741, 25.11947932782146], [55.9129446941091, 25.119338703000377], [55.9129956140538, 25.119196011678785], [55.91303992606105, 25.119051504192328], [55.91307755241414, 25.118905434062164], [55.91310842712628, 25.11875805754996], [55.91313249605626, 25.118609633208322], [55.913149717003165, 25.118460421427276], [55.91316005978028, 25.118310683977352], [55.91316350626796, 25.118160683550283], [55.913160050445136, 25.11801068329831]]]]}}, {"type": "Feature", "properties": {"field_id": 11, "diam_km": 0.798879414194369, "status": "active", "active_frac": 0.992, "mean_prob": 0.571, "uncertainty_frac": 0.005, "area_ha": 50.09, "active_area_ha": 49.67, "credit_score": 87, "threshold": 0.5, "prob_hist": [0.0, 0.0, 0.0, 0.0, 0.0, 0.0, 0.0, 0.0, 0.0, 0.0084, 0.1631, 0.7149, 0.1136, 0.0, 0.0, 0.0, 0.0, 0.0, 0.0, 0.0]}, "geometry": {"type": "MultiPolygon", "coordinates": [[[[55.90517076153266, 25.117291511007], [55.905160338197874, 25.117140744666084], [55.905142989582906, 25.11699050796242], [55.90511874614816, 25.116841064459845], [55.90508765044945, 25.1166926763297], [55.90504975706292, 25.116545603891005], [55.905005132489435, 25.11640010515367], [55.904953855037576, 25.116256435366008], [55.904896014686045, 25.116114846566873], [55.90483171292593, 25.115975587143655], [55.90476106258225, 25.115838901396504], [55.90468418761607, 25.115705029109836], [55.90460122290676, 25.11557420513173], [55.90451231401544, 25.115446658961986], [55.904417616929436, 25.11532261434951], [55.904317297788495, 25.115202288899958], [55.90421153259339, 25.11508589369408], [55.90410050689702, 25.114973632917277], [55.903984415478824, 25.114865703501724], [55.903863462003116, 25.114762294780867], [55.90373785866185, 25.11466358815725], [55.90360782580217, 25.11456975678451], [55.90347359154006, 25.11448096526361], [55.90333539136011, 25.11439736935414], [55.903193467702486, 25.114319115701175], [55.90304806953765, 25.11424634157801], [55.902899451929606, 25.114179174645567], [55.90274787558874, 25.114117732728324], [55.90259360641428, 25.11406212360774], [55.90243691502814, 25.11401244483328], [55.90227807630016, 25.11396878355128], [55.90211736886613, 25.113931216352093], [55.901955074639076, 25.113899809135887], [55.9017914783148, 25.113874616996867], [55.9016268668727, 25.11385568412687], [55.90146152907233, 25.11384304373772], [55.90129575494716, 25.11383671800306], [55.90112983529583, 25.113836718019407], [55.900964061172175, 25.113843043786726], [55.900798723374805, 25.11385568420845], [55.9006341119372, 25.113874617110895], [55.900470515618906, 25.113899809282135], [55.9003082213993, 25.113931216530332], [55.9001475139742, 25.113968783761177], [55.89998867525661, 25.11401244507447], [55.899831983882244, 25.114062123879794], [55.89967771472102, 25.114117733030756], [55.899526138394755, 25.114179174977874], [55.89937752080272, 25.11424634193961], [55.899232122655164, 25.114319116091384], [55.89909019901611, 25.114397369772345], [55.89895199885603, 25.114480965709042], [55.898817764615025, 25.114569757256387], [55.898687731777656, 25.11466358865473], [55.89856212845984, 25.114762295303084], [55.89844117500873, 25.11486570404781], [55.898325083616164, 25.114973633486212], [55.89821405794647, 25.115085894284896], [55.89810829277902, 25.11520228951162], [55.89800797366667, 25.11532261498091], [55.89791327661017, 25.11544665961206], [55.897824367749166, 25.115574205799355], [55.89774140307097, 25.115705029793794], [55.89766452813655, 25.115838902095586], [55.89759387782539, 25.115975587856656], [55.89752957609836, 25.11611484729254], [55.89747173578051, 25.11625643610306], [55.897420458362774, 25.116400105900855], [55.89737583382384, 25.116545604646962], [55.8973379404723, 25.116692677093152], [55.897306844808845, 25.116841065229398], [55.89728260140963, 25.11699050873677], [55.89726525283039, 25.117140745443848], [55.89725482953143, 25.11729151178682], [55.897251349824145, 25.117442543271704], [55.89725481983877, 25.117593574938446], [55.89726523351325, 25.1177443418257], [55.89728257260391, 25.117894579435657], [55.897306806717125, 25.11804402419816], [55.897337893362526, 25.118192413932988], [55.897375778027424, 25.11833948830988], [55.89742039427215, 25.118484989305333], [55.897471663846574, 25.118628661655187], [55.897529496827175, 25.118770253302642], [55.89759379177459, 25.118909515840286], [55.89766443591161, 25.119046204946127], [55.89774130532071, 25.11918008081224], [55.897824265161475, 25.119310908565406], [55.89791316990693, 25.119438458679387], [55.89800786359888, 25.119562507377527], [55.898108180121305, 25.119682837025543], [55.89821394349186, 25.119799236513305], [55.89832496817046, 25.119911501625296], [55.89844105938476, 25.120019435398955], [55.89856201347183, 25.12012284847028], [55.898687618235535, 25.1202215594062], [55.898817653318716, 25.12031539502284], [55.89895189058974, 25.12040419068946], [55.89909009454297, 25.12048779061738], [55.89923202271176, 25.120566048133373], [55.899377426094006, 25.120638825936993], [55.89952604958906, 25.120705996341574], [55.899677632445304, 25.120767441498234], [55.89983190871781, 25.12082305360279], [55.89998860773485, 25.120872735084873], [55.900147454573066, 25.120916398779155], [55.90030817053977, 25.120953968078325], [55.9004704736621, 25.120985377067537], [55.90063407918186, 25.121010570640102], [55.900798700055184, 25.12102950459414], [55.90096404745627, 25.121042145710238], [55.901129831284365, 25.12104847180966], [55.901295760672795, 25.121048471793326], [55.90146154449939, 25.12104214566124], [55.90162689189751, 25.121029504512567], [55.90179151276629, 25.12101057052607], [55.90195511828007, 25.12098537692128], [55.90211742139493, 25.12095396790007], [55.902278137352724, 25.120916398569246], [55.90243698418057, 25.120872734843655], [55.90259368318577, 25.120823053330717], [55.90274795944504, 25.120767441195753], [55.902899542286704, 25.120705996009217], [55.903048165765775, 25.12063882557535], [55.90319356913074, 25.120566047743086], [55.903335497280914, 25.120487790199135], [55.903473701214274, 25.12040419024397], [55.9036079384642, 25.120315394550893], [55.90373797352507, 25.120221558908653], [55.903863578265316, 25.120122847948014], [55.903984532327804, 25.120019434852818], [55.90410062351643, 25.1199115010563], [55.904211648168314, 25.119799235922432], [55.90431741151121, 25.119682836413837], [55.904417728005036, 25.119562506746053], [55.9045124216675, 25.11943845802923], [55.90460132638262, 25.11931090789775], [55.90468428619229, 25.119180080128245], [55.90476115556958, 25.119046204247006], [55.90483179967411, 25.11890951512724], [55.90489609458842, 25.118770252576915], [55.90495392753536, 25.118628660918077], [55.90500519707561, 25.11848498855811], [55.905049813285764, 25.11833948755387], [55.9050876979157, 25.11819241316951], [55.90511878452583, 25.118044023428567], [55.90514301860353, 25.11789457866131], [55.90516035765846, 25.11774434104791], [55.905170771297115, 25.117593574158608], [55.90517424127584, 25.11744254249121], [55.90517076153266, 25.117291511007]]]]}}, {"type": "Feature", "properties": {"field_id": 12, "diam_km": 0.409285391872464, "status": "active", "active_frac": 0.787, "mean_prob": 0.527, "uncertainty_frac": 0.135, "area_ha": 13.18, "active_area_ha": 10.37, "credit_score": 72, "threshold": 0.5, "prob_hist": [0.0, 0.0, 0.0, 0.0, 0.0, 0.0, 0.0, 0.0, 0.0053, 0.2079, 0.5804, 0.1639, 0.0425, 0.0, 0.0, 0.0, 0.0, 0.0, 0.0, 0.0]}, "geometry": {"type": "MultiPolygon", "coordinates": [[[[55.90732989565198, 25.11326806941829], [55.90732455689473, 25.11319082803758], [55.907315670249005, 25.11311385795863], [55.907303251311575, 25.113037294212518], [55.90728732187591, 25.11296127111717], [55.9072679098939, 25.112885922041812], [55.907245049426784, 25.112811379173014], [55.907218780585346, 25.11273777328271], [55.907189149459434, 25.11266523349892], [55.907156208037286, 25.112593887079054], [55.90712001411399, 25.112523859186858], [55.907080631190325, 25.112455272672747], [55.90703812836107, 25.112388247858284], [55.906992580194085, 25.112322902325126], [55.90694406659913, 25.11225935070888], [55.90689267268788, 25.112197704497845], [55.90683848862457, 25.112138071837467], [55.90678160946768, 25.112080557340825], [55.9067221350033, 25.112025261904847], [55.906660169569975, 25.11197228253353], [55.90659582187572, 25.111921712167668], [55.906529204807235, 25.11187363952191], [55.906460435232034, 25.11182814892908], [55.90638963379318, 25.111785320192297], [55.9063169246979, 25.11174522844491], [55.906242435499486, 25.11170794401879], [55.90616629687374, 25.111673532320992], [55.90608864238963, 25.111642053718885], [55.90600960827497, 25.111613563434453], [55.90592933317759, 25.11158811144723], [55.90584795792202, 25.111565742406814], [55.9057656252625, 25.11154649555442], [55.90568247963258, 25.11153040465411], [55.90559866689186, 25.11151749793357], [55.90551433407, 25.111507798034648], [55.9054296291089, 25.1115013219734], [55.905344700603266, 25.111498081110632], [55.905259697539805, 25.111498081131632], [55.905174769036066, 25.111501322036325], [55.90509006407884, 25.1115077981394], [55.90500573126275, 25.111517498079973], [55.90492191852971, 25.1115304048419], [55.90483877290939, 25.111546495783262], [55.904756440261345, 25.111565742676312], [55.90467506501908, 25.111588111756927], [55.904594789936866, 25.111613563783802], [55.90451575583918, 25.111642054107268], [55.90443810137381, 25.111673532747666], [55.904361962768554, 25.111707944483104], [55.90428747359238, 25.11174522894598], [55.90421476452098, 25.111785320729282], [55.90414396310763, 25.111828149501047], [55.90407519355951, 25.111873640127836], [55.90400857651968, 25.11192171280649], [55.903944228855536, 25.111972283204143], [55.90388226345378, 25.112025262606064], [55.90382278902232, 25.11208055807138], [55.903765909899704, 25.112138072596117], [55.903711725871915, 25.112197705283226], [55.903660331997386, 25.11225935151966], [55.90361181844031, 25.112322903159875], [55.903566270312226, 25.112388248715497], [55.90352376752292, 25.112455273550967], [55.903484384640095, 25.11252386008453], [55.9034481907585, 25.112593887994606], [55.90341524937888, 25.11266523443073], [55.9033856182962, 25.11273777422917], [55.90335934949859, 25.11281138013243], [55.90333648907586, 25.112885923012517], [55.903317077138716, 25.11296127209746], [55.90330114774835, 25.113037295200677], [55.90328872885652, 25.11311385895294], [55.90327984225668, 25.113190829036274], [55.90327450354541, 25.113268070419622], [55.90327272209539, 25.11334544759572], [55.90327450103855, 25.113422824818826], [55.903279837260754, 25.113500066342926], [55.90328872140716, 25.11357703665972], [55.903301137898445, 25.113653600736455], [55.90331706495834, 25.113729624252926], [55.90333647465165, 25.113804973836906], [55.90335933293314, 25.11387951729831], [55.90338559970741, 25.11395312386101], [55.90341522889903, 25.114025664392287], [55.9034481685334, 25.11409701162944], [55.903484360827946, 25.11416704040307], [55.90352374229336, 25.11423562785653], [55.903566243845, 25.114302653661674], [55.90361179092407, 25.114368000229863], [55.90366030362834, 25.11443155291832], [55.90371169685243, 25.114493200231163], [55.90376588043695, 25.114552834015175], [55.90382275932675, 25.114610349649496], [55.903882233737626, 25.114665646229167], [55.90394419933143, 25.11471862674219], [55.90400854739893, 25.1147691982397], [55.90407516505088, 25.11481727199915], [55.90414393541569, 25.114862763679934], [55.90421473784472, 25.114905593471285], [55.904287448123824, 25.114945686232446], [55.90436193869137, 25.1149829716244], [55.90443807886197, 25.115017384233397], [55.90451573505588, 25.11504886368559], [55.90459477103317, 25.11507735475312], [55.90467504813305, 25.115102807450874], [55.9047564255169, 25.11512517712435], [55.904838760415565, 25.11514442452785], [55.90492190837975, 25.11516051589342], [55.90500572353354, 25.11517342299014], [55.90509005883032, 25.115183123173598], [55.905174766310815, 25.11518959942559], [55.9052596973627, 25.11519284038408], [55.90534470298135, 25.115192840363097], [55.90542963403131, 25.115189599362658], [55.90551434150796, 25.11518312306883], [55.90559867679897, 25.115173422843732], [55.90568249194507, 25.11516051570561], [55.90576563989966, 25.115144424298972], [55.90584797478686, 25.115125176854825], [55.90592935215739, 25.11510280714118], [55.90600962924211, 25.11507735440377], [55.90608866520243, 25.1150488632972], [55.90616632137756, 25.115017383806666], [55.90624246152767, 25.11498297116007], [55.906316952073006, 25.114945685731325], [55.90638966232824, 25.114905592934264], [55.90646046473174, 25.114862763107947], [55.90652923506945, 25.114817271393203], [55.906595852692746, 25.11476919760083], [55.90666020073015, 25.114718626071546], [55.906722166292376, 25.114665645527932], [55.9067816406703, 25.11461034891891], [55.906838519525856, 25.114552833256493], [55.906892703074845, 25.11449319944572], [55.90694409626219, 25.114431552107483], [55.90699260892862, 25.114367999395093], [55.90703815596876, 25.114302652804405], [55.907080657480456, 25.11423562697825], [55.907120038905, 25.11416703950535], [55.907156231157806, 25.114097010713866], [55.90718917074972, 25.11402566346044], [55.907218799898104, 25.11395312291452], [55.907245066628526, 25.11387951633887], [55.907267924865614, 25.11380497286619], [55.90728733451401, 25.113729623272633], [55.90730326152864, 25.113653599748297], [55.90731567797433, 25.113577035665383], [55.90732456207483, 25.113500065344237], [55.907329898251035, 25.1134228238175], [55.90733167714812, 25.1133454465935], [55.90732989565198, 25.11326806941829]]]]}}, {"type": "Feature", "properties": {"field_id": 13, "diam_km": 0.406457560145085, "status": "active", "active_frac": 0.913, "mean_prob": 0.535, "uncertainty_frac": 0.059, "area_ha": 12.97, "active_area_ha": 11.84, "credit_score": 81, "threshold": 0.5, "prob_hist": [0.0, 0.0, 0.0, 0.0, 0.0, 0.0, 0.0, 0.0, 0.0008, 0.0864, 0.5968, 0.3161, 0.0, 0.0, 0.0, 0.0, 0.0, 0.0, 0.0, 0.0]}, "geometry": {"type": "MultiPolygon", "coordinates": [[[[55.903629220226044, 25.108749789923493], [55.903623918592416, 25.108673082169222], [55.903615093712624, 25.108596643840805], [55.903602761075, 25.108520609036447], [55.903586942321546, 25.10844511114613], [55.90356766520987, 25.108370282617734], [55.903544963564485, 25.10829625472462], [55.903518877217515, 25.108223157335317], [55.90348945193856, 25.10815111868576], [55.903456739354645, 25.108080265154253], [55.90342079685934, 25.108010721039868], [55.90338168751227, 25.107942608344302], [55.90333947992827, 25.10787604655795], [55.90329424815709, 25.10781115245024], [55.90324607155347, 25.10774803986478], [55.90319503463783, 25.107686819519728], [55.90314122694806, 25.107627598813536], [55.90308474288235, 25.107570481636486], [55.90302568153364, 25.107515568188592], [55.902964146515785, 25.107462954803747], [55.90290024578169, 25.10741273378071], [55.90283409143391, 25.10736499322132], [55.90276579952825, 25.10731981687583], [55.90269548986979, 25.1072772839961], [55.90262328580303, 25.107237469196505], [55.90254931399536, 25.107200442323094], [55.90247370421492, 25.107166268331103], [55.902396589102935, 25.10713500717095], [55.90231810394109, 25.107106713683148], [55.90223838641421, 25.107081437502043], [55.90215757636873, 25.107059222968793], [55.902075815567414, 25.1070401090536], [55.90199324744066, 25.107024129287364], [55.90191001683498, 25.107011311702784], [55.90182626975889, 25.10700167878528], [55.90174215312681, 25.106995247433574], [55.90165781450132, 25.1069920289299], [55.901573401834476, 25.10699202892037], [55.90148906320814, 25.106995247405028], [55.90140494657428, 25.107001678737774], [55.90132119949557, 25.10701131163634], [55.90123796888643, 25.107024129202163], [55.90115540075533, 25.10704010894978], [55.90107363994879, 25.107059222846516], [55.90099282989728, 25.107081437361543], [55.900913112363504, 25.107106713524676], [55.90083462719398, 25.10713500699479], [55.90075751207351, 25.107166268137515], [55.90068190228375, 25.107200442112468], [55.900607930465995, 25.107237468969167], [55.9005357263884, 25.107277283752477], [55.90046541671837, 25.10731981661637], [55.90039712480041, 25.107364992946422], [55.90033097043966, 25.107412733490897], [55.90026706969187, 25.107462954499514], [55.9002055346597, 25.107515567870497], [55.900146473296076, 25.10757048130508], [55.90008998921484, 25.107627598469353], [55.90003618150894, 25.107686819163415], [55.89998514457664, 25.107748039496954], [55.89993696795585, 25.107811152071534], [55.89989173616699, 25.107876046169043], [55.89984952856488, 25.10794260794589], [55.89981041919926, 25.10801072063262], [55.89977447668505, 25.108080264738888], [55.89974176408185, 25.10815111826301], [55.8997123387833, 25.108223156905954], [55.89968625241644, 25.108296254289364], [55.8996635507509, 25.108370282177365], [55.89964427361886, 25.108445110701396], [55.89962845484485, 25.10852060858815], [55.89961612218657, 25.108596643389717], [55.89960729728596, 25.10867308171616], [55.89960199563149, 25.108749789469226], [55.89960022653055, 25.10882663207785], [55.8996019930934, 25.108903474734092], [55.89960729222748, 25.10898018262973], [55.89961611464291, 25.109056621192646], [55.89962844486865, 25.10913265632303], [55.89964426127963, 25.109208154628575], [55.899663536134675, 25.10928298365849], [55.89968623562505, 25.10935701213591], [55.89971231993379, 25.109430110188207], [55.89974174330555, 25.10950214957481], [55.89977445412676, 25.109573003912203], [55.899810395016125, 25.1096425488957], [55.89984950292533, 25.109710662517458], [55.89989170924965, 25.10977722528066], [55.89993693994811, 25.109842120408974], [55.89998511567356, 25.10990523405164], [55.90003615191168, 25.109966455483086], [55.900089959129346, 25.110025677297262], [55.90014644293172, 25.110082795596067], [55.900205504227635, 25.110137710171664], [55.9002670394037, 25.110190324682275], [55.90033094050585, 25.110240546821114], [55.90039709542891, 25.110288288478678], [55.900465388113126, 25.110333465896904], [55.90053569874787, 25.110375999816455], [55.900607903981864, 25.110415815615642], [55.900681877139505, 25.110452843441408], [55.90075748844317, 25.110487018331845], [55.90083460524095, 25.11051828033024], [55.90091309223934, 25.110546574590174], [55.900992811740664, 25.11057185147191], [55.9010736238846, 25.110594066629368], [55.90115538689372, 25.110613181087945], [55.90123795732204, 25.110629161312968], [55.90132119030698, 25.1106419792685], [55.901404939823315, 25.11065161246649], [55.901489058939504, 25.11065804400631], [55.901573400075556, 25.110661262604395], [55.90165781526181, 25.11066126261389], [55.90174215639871, 25.110658044034867], [55.90182627551666, 25.110651612514012], [55.90191002503562, 25.110641979334925], [55.90199325802405, 25.11062916139816], [55.90207582845673, 25.11061318119176], [55.902157591471024, 25.110594066751624], [55.90223840362102, 25.110571851612423], [55.90231812312921, 25.110546574748657], [55.902396610135284, 25.11051828050643], [55.90247372694159, 25.110487018525447], [55.90254933825457, 25.11045284365207], [55.90262331142228, 25.110415815842998], [55.9026955166671, 25.11037600006008], [55.90276582731341, 25.110333466156405], [55.90283412000992, 25.110288288753583], [55.902900274945985, 25.110240547110944], [55.90296417606181, 25.11019032498649], [55.90302571125219, 25.110137710489784], [55.903084772563055, 25.110082795927514], [55.90314125638096, 25.11002567764144], [55.903195063614746, 25.109966455839405], [55.90324609986954, 25.109905234419468], [55.90329427561214, 25.109842120787672], [55.90333950632827, 25.10977722566957], [55.9033817126707, 25.10971066291592], [55.90342082059844, 25.10964254930294], [55.90345676150675, 25.10957300432757], [55.90348947234722, 25.109502149997542], [55.9035188957386, 25.10943011061759], [55.90354498006723, 25.10935701257118], [55.90356767957776, 25.10928298409887], [55.90358695445315, 25.10920815507332], [55.90360277088468, 25.109132656771337], [55.9036151011311, 25.10905662164373], [55.90362392356733, 25.10898018308282], [55.90362922272229, 25.108903475188367], [55.903630989306066, 25.108826632532512], [55.903629220226044, 25.108749789923493]]]]}}, {"type": "Feature", "properties": {"field_id": 14, "diam_km": 0.841248159454921, "status": "active", "active_frac": 0.945, "mean_prob": 0.563, "uncertainty_frac": 0.037, "area_ha": 55.63, "active_area_ha": 52.59, "credit_score": 83, "threshold": 0.5, "prob_hist": [0.0, 0.0, 0.0, 0.0, 0.0, 0.0, 0.0, 0.0, 0.0038, 0.0509, 0.229, 0.6277, 0.0886, 0.0, 0.0, 0.0, 0.0, 0.0, 0.0, 0.0]}, "geometry": {"type": "MultiPolygon", "coordinates": [[[[55.8997813882954, 25.107543557806142], [55.89977041294924, 25.107384795334905], [55.899752145620056, 25.107226590593818], [55.89972661838275, 25.107069221125055], [55.899693876047955, 25.106912963004486], [55.89965397608318, 25.106758090357296], [55.89960698851202, 25.10660487487705], [55.89955299579084, 25.10645358534924], [55.89949209266422, 25.106304487179553], [55.89942438599842, 25.106157841928574], [55.89934999459378, 25.106013906852848], [55.89926904897618, 25.105872934453576], [55.89918169116792, 25.105735172033864], [55.89908807443851, 25.10560086126477], [55.898988363035556, 25.105470237761516], [55.89888273189664, 25.105343530670186], [55.8987713663423, 25.10522096226593], [55.89865446175084, 25.105102747562803], [55.898532223215675, 25.104989093936958], [55.898404865185256, 25.104880200762764], [55.89827261108706, 25.104776259063193], [55.898135692935625, 25.104677451174712], [55.89799435092539, 25.104583950427582], [55.89784883300948, 25.104495920841792], [55.89769939446482, 25.104413516839447], [55.8975462974442, 25.104336882973893], [55.89738981051664, 25.10426615367626], [55.897230208196206, 25.104201453019602], [55.89706777046063, 25.1041428945015], [55.89690278226017, 25.104090580844744], [55.89673553301802, 25.104044603817375], [55.89656631612249, 25.104005044071677], [55.89639542841269, 25.103971971002796], [55.89622316965774, 25.10394544262696], [55.896049842031296, 25.10392550547977], [55.8958757495814, 25.103912194534605], [55.895701197697385, 25.103905533141265], [55.895526492574334, 25.103905532985046], [55.895351940675965, 25.103912194066183], [55.89517784819734, 25.103925504699962], [55.89500452052789, 25.10394544153714], [55.89483226171574, 25.10397196960487], [55.89466137393457, 25.10400504236811], [55.89449215695372, 25.104044601811133], [55.89432490761237, 25.10409057853936], [55.894159919299085, 25.104142891901017], [55.89399748143719, 25.104201450128617], [55.8938378789772, 25.104266150499775], [55.89368139189704, 25.104336879517536], [55.8935282947111, 25.104413513109268], [55.89337885598869, 25.10449591684432], [55.89323333788288, 25.104583946169832], [55.89309199567096, 25.10467744666418], [55.89295507730635, 25.10477625430774], [55.89282282298396, 25.104880195770775], [55.89269546471866, 25.10498908871717], [55.89257322593829, 25.105102742124366], [55.89245632109182, 25.105220956618393], [55.89234495527307, 25.105343524823468], [55.89223932386082, 25.105470231725818], [55.89213961217609, 25.105600855050714], [55.89204599515691, 25.105735165652366], [55.891958637051474, 25.105872927915826], [55.89187769112974, 25.106013900170293], [55.89180329941458, 25.106157835112974], [55.89173559243243, 25.106304480242812], [55.89167468898413, 25.106453578303555], [55.89162069593658, 25.10660486773482], [55.89157370803484, 25.106758083130984], [55.89153380773597, 25.106912955706793], [55.891501065064055, 25.10706921376876], [55.89147553748725, 25.107226583191846], [55.89145726981675, 25.107384787900273], [55.89144629412802, 25.107543550351853], [55.89144262970438, 25.10770259202491], [55.89144628300271, 25.107861633906836], [55.89145724764231, 25.108020396983598], [55.89147550441561, 25.108178602729225], [55.89150102132184, 25.108335973594436], [55.89153375362278, 25.10849223349356], [55.89157364392128, 25.108647108289023], [55.89162062226166, 25.108800326272114], [55.89167460625216, 25.108951618639843], [55.89173550120949, 25.109100719966523], [55.89180320032475, 25.109247368669497], [55.89187758485049, 25.109391307467995], [55.89195852430914, 25.109532283834668], [55.89204587672148, 25.1096700504386], [55.89213948885601, 25.10980436557943], [55.89223919649724, 25.1099349936112], [55.89234482473402, 25.110061705356053], [55.89245618826619, 25.110184278506303], [55.89257309172954, 25.110302498014512], [55.892695330038705, 25.11041615647087], [55.89282268874667, 25.110525054467058], [55.89295494442129, 25.11062900094638], [55.89309186503699, 25.11072781353874], [55.89323321038201, 25.110821318880966], [55.89337873247981, 25.110909352920796], [55.893528176024205, 25.110991761204883], [55.89368127882725, 25.111068399149875], [55.893837772279404, 25.111139132296017], [55.893997381820846, 25.111203836543204], [55.894159827423195, 25.111262398368737], [55.89432482408098, 25.11131471502665], [55.89449208231174, 25.111360694727797], [55.89466130866407, 25.111400256801105], [55.89483220623256, 25.111433331835155], [55.895004475178865, 25.111459861799958], [55.895177813257924, 25.111479800148715], [55.89535191634839, 25.11149311189967], [55.895526478986184, 25.111499773697332], [55.89570119490093, 25.111499773853588], [55.89587575755315, 25.111493112368173], [55.8960498606723, 25.111479800928652], [55.896223198794374, 25.111459862889948], [55.89639546779794, 25.111433333233304], [55.89656636543781, 25.111400258504943], [55.896735591875505, 25.111360696734305], [55.896902850205464, 25.111314717332355], [55.89706784697615, 25.111262400969594], [55.89723029270486, 25.111203839434587], [55.89738990238594, 25.11113913547291], [55.89754639599074, 25.1110684026067], [55.89769949895917, 25.11099176493557], [55.897848942681364, 25.11090935691877], [55.89799446496914, 25.110821323139245], [55.898135810515925, 25.110727818049863], [55.89827273134483, 25.11062900570239], [55.898404987243744, 25.110525059459626], [55.89853234618672, 25.110416161691223], [55.89865458474111, 25.110302503453546], [55.89877148845957, 25.110184284154425], [55.8988828522562, 25.110061711203358], [55.89898848076641, 25.109934999647425], [55.899088188689525, 25.109804371793995], [55.89918180111383, 25.109670056820622], [55.89926915382345, 25.109532290372886], [55.89935009358627, 25.10939131415099], [55.89942447842259, 25.109247375485538], [55.89949217785426, 25.109100726903662], [55.89955307313331, 25.108951625685876], [55.89960705745024, 25.108800333414678], [55.89965403612117, 25.108647115515613], [55.89969392675385, 25.108492240791502], [55.89972665939195, 25.10833598095088], [55.89975217663769, 25.108178610131315], [55.89977043375232, 25.10802040441835], [55.89978139873449, 25.10786164136116], [55.89978505237597, 25.107702599485773], [55.8997813882954, 25.107543557806142]]]]}}, {"type": "Feature", "properties": {"field_id": 15, "diam_km": 0.796048888318379, "status": "active", "active_frac": 0.857, "mean_prob": 0.541, "uncertainty_frac": 0.098, "area_ha": 49.71, "active_area_ha": 42.6, "credit_score": 77, "threshold": 0.5, "prob_hist": [0.0, 0.0, 0.0, 0.0, 0.0, 0.0, 0.0, 0.0008, 0.0155, 0.1267, 0.379, 0.4649, 0.0131, 0.0, 0.0, 0.0, 0.0, 0.0, 0.0, 0.0]}, "geometry": {"type": "MultiPolygon", "coordinates": [[[[55.896064959631126, 25.100983437417124], [55.896054574698745, 25.10083320492376], [55.89603728993813, 25.100683500188694], [55.89601313569749, 25.10053458584251], [55.89598215437585, 25.100386723128295], [55.89594440034866, 25.100240171443314], [55.895899939871995, 25.100095187883948], [55.895848850966416, 25.09995202679472], [55.89579122327973, 25.099810939322175], [55.895727157929706, 25.099672172974245], [55.895656767326585, 25.099535971186086], [55.89558017497553, 25.099402572893215], [55.89549751526006, 25.09927221211218], [55.89540893320608, 25.099145117530266], [55.89531458422747, 25.09902151210422], [55.895214633853186, 25.098901612669348], [55.895109257437056, 25.098785629559032], [55.89499863984984, 25.098673766235862], [55.89488297515501, 25.09856621893484], [55.894762466268276, 25.098463176319076], [55.89463732460162, 25.09836481914901], [55.89450776969226, 25.098271319965274], [55.89437402881778, 25.098182842786155], [55.89423633659729, 25.098099542819842], [55.894094934579826, 25.09802156619231], [55.89395007082086, 25.097949049690985], [55.893801999446964, 25.097882120524833], [55.89365098021038, 25.097820896101332], [55.89349727803309, 25.09776548382044], [55.89334116254246, 25.09771598088635], [55.89318290759819, 25.097672474136992], [55.893022790812076, 25.09763503989164], [55.89286109306112, 25.09760374381724], [55.89269809799488, 25.09757864081311], [55.892534091538174, 25.09755977491473], [55.89236936138936, 25.097547179216427], [55.89220419651611, 25.09754087581347], [55.892038886648415, 25.0975408757632], [55.89187372177054, 25.097547179065703], [55.89170899161249, 25.097559774663793], [55.89154498514193, 25.097578640462437], [55.89138199005728, 25.097603743367458], [55.89122029228338, 25.0976350393435], [55.891060175469796, 25.09767247349144], [55.89090192049362, 25.09771598014456], [55.89074580496669, 25.097765482983707], [55.89059210274876, 25.09782089517109], [55.89044108346724, 25.09788211950275], [55.8902930120443, 25.09794904857883], [55.89014814823212, 25.098021564992056], [55.89000674615747, 25.098099541533575], [55.88986905387584, 25.098182841416143], [55.889735312936494, 25.098271318513937], [55.88960575795857, 25.09836481761885], [55.88948061621976, 25.09846317471282], [55.88936010725745, 25.098566217255257], [55.88924444248373, 25.098673764485937], [55.88913382481445, 25.098785627741805], [55.88902844831323, 25.09890161078805], [55.888928497851026, 25.09902151016213], [55.88883414878175, 25.099145115530757], [55.88874556663455, 25.09927221005881], [55.888662906823456, 25.099402570789557], [55.88858631437451, 25.09953596903587], [55.888515923671484, 25.099672170781183], [55.888451858219696, 25.099810937090155], [55.888394230429526, 25.099952024527646], [55.88834314141894, 25.10009518558577], [55.88829868083589, 25.10024016911811], [55.88826092670119, 25.100386720780108], [55.88822994527108, 25.10053458347548], [55.888205790921205, 25.100683497806983], [55.88818850605077, 25.100833202531522], [55.8881781210082, 25.100983435018563], [55.88817465403755, 25.10113393171069], [55.888178111246496, 25.10128442858603], [55.88818848659524, 25.10143466162147], [55.88820576190715, 25.10158436725577], [55.88822990690028, 25.101733282851992], [55.88826087924047, 25.101881147158352], [55.88829862461532, 25.102027700766392], [55.888343076829315, 25.10217268656625], [55.88839415791999, 25.102315850197627], [55.88845177829424, 25.102456940496218], [55.88851583688564, 25.10259570993428], [55.88858622133137, 25.102731915054893], [55.88866280816946, 25.10286531689927], [55.88874546305505, 25.102995681425853], [55.88883404099605, 25.103122779921197], [55.88892838660754, 25.103246389400994], [55.88902833438407, 25.103366293001567], [55.88913370899012, 25.10348228036029], [55.88924432556763, 25.103594147984808], [55.88935999006016, 25.103701699609886], [55.8894804995534, 25.103804746542117], [55.889605642631196, 25.103903107990817], [55.88973519974634, 25.103996611385302], [55.88986894360586, 25.104085092677764], [55.890006639569656, 25.104168396631188], [55.89014804606246, 25.10424637709157], [55.8902929149974, 25.10431889724464], [55.89044099221156, 25.104385829855772], [55.89059201791179, 25.10444705749341], [55.89074572713075, 25.104502472734982], [55.89090185019168, 25.104551978355573], [55.891060113181794, 25.10459548749839], [55.891220238432815, 25.104632923827307], [55.89138194500843, 25.104664221660876], [55.89154494919713, 25.104689326087364], [55.89170896501018, 25.10470819306135], [55.89187370468347, 25.104720789480933], [55.89203887918264, 25.104727093245817], [55.892204198710104, 25.104727093296106], [55.8923693732139, 25.104720789631685], [55.89253411289644, 25.104708193312295], [55.892698128723325, 25.104689326438073], [55.89286113293044, 25.10466422211074], [55.89302283952901, 25.10463292437557], [55.89318296480752, 25.104595488144014], [55.893341227829524, 25.104551979097455], [55.89349735092679, 25.104502473571856], [55.89365106018642, 25.104447058423773], [55.8938020859316, 25.10438583087802], [55.893950163194845, 25.10431889835692], [55.894095032183, 25.10424637829196], [55.894236438733, 25.104168397917597], [55.89437413475793, 25.10408509404797], [55.89450787868236, 25.103996612836845], [55.894637435866116, 25.10390310952116], [55.894762579016074, 25.103804748148573], [55.89488308858493, 25.103701701289637], [55.894998753156365, 25.103594149734885], [55.89510936981592, 25.103482282177684], [55.895214744507115, 25.10336629488304], [55.89531469237161, 25.10324639134328], [55.89540903807376, 25.10312278192086], [55.89549761610803, 25.102995683479396], [55.895580271089244, 25.102865319003072], [55.89565685802521, 25.10273191720526], [55.89572724257089, 25.102595712127453], [55.89579130126409, 25.10245694272838], [55.89584892174185, 25.10231585246482], [55.89590000293754, 25.102172688864485], [55.895944455257926, 25.10202770309168], [55.89598220074027, 25.101881149506607], [55.896013173188926, 25.101733285219098], [55.89603731829133, 25.101584369637518], [55.896054593713046, 25.101434664013727], [55.896064969172016, 25.10128443098461], [55.89606842649134, 25.101133934111363], [55.896064959631126, 25.100983437417124]]]]}}, {"type": "Feature", "properties": {"field_id": 16, "diam_km": 0.799564376968405, "status": "active", "active_frac": 0.934, "mean_prob": 0.554, "uncertainty_frac": 0.045, "area_ha": 50.19, "active_area_ha": 46.88, "credit_score": 82, "threshold": 0.5, "prob_hist": [0.0, 0.0, 0.0, 0.0, 0.0, 0.0, 0.0, 0.001, 0.0235, 0.0414, 0.3303, 0.5354, 0.0683, 0.0, 0.0, 0.0, 0.0, 0.0, 0.0, 0.0]}, "geometry": {"type": "MultiPolygon", "coordinates": [[[[55.90412035306542, 25.10121436283126], [55.904109922173504, 25.10106346689455], [55.90409256097, 25.100913101049773], [55.904068299937386, 25.1007635290873], [55.90403718166233, 25.100615013403864], [55.90399926076066, 25.10046781454218], [55.90395460378151, 25.100322190734015], [55.90390328909027, 25.100178397447035], [55.9038454067311, 25.100036686936793], [55.90378105826873, 25.099897307804177], [55.90371035661014, 25.099760504559324], [55.90363342580645, 25.099626517192814], [55.90355040083497, 25.099495580754592], [55.903461427362586, 25.099367924941642], [55.90336666148988, 25.09924377369536], [55.90326626947735, 25.099123344808415], [55.90316042745359, 25.099006849542935], [55.9030493211062, 25.098894492259948], [55.902933145356236, 25.098786470060894], [55.90281210401595, 25.098682972441956], [55.90268640943135, 25.09858418096162], [55.902556282109686, 25.09849026892246], [55.90242195033268, 25.098401401066845], [55.902283649756, 25.0983177332883], [55.90214162299589, 25.098239412357977], [55.90199611920366, 25.09816657566724], [55.90184739362874, 25.09809935098667], [55.90169570717075, 25.09803785624212], [55.901541325922175, 25.09798219930769], [55.90138452070152, 25.097932477816734], [55.901225566578276, 25.097888778990495], [55.90106474239074, 25.097851179485215], [55.90090233025662, 25.09781974525765], [55.900738615078666, 25.097794531449512], [55.900573884044675, 25.097775582290595], [55.90040842612404, 25.09776293102129], [55.900242531560934, 25.0977565998343], [55.90007649136526, 25.097756599835755], [55.89991059680229, 25.09776293102563], [55.89974513888193, 25.097775582297825], [55.89958040784835, 25.09779453145962], [55.89941669267091, 25.09781974527062], [55.89925428053748, 25.097851179500992], [55.89909345635071, 25.09788877900906], [55.8989345022284, 25.097932477838114], [55.898777697008796, 25.097982199331824], [55.89862331576138, 25.09803785626892], [55.898471629304694, 25.098099351016163], [55.89832290373116, 25.0981665756993], [55.8981773999405, 25.098239412392584], [55.89803537318203, 25.098317733325374], [55.89789707260711, 25.098401401106315], [55.897762740831986, 25.098490268964298], [55.897632613512286, 25.098584181005737], [55.89750691892977, 25.098682972488252], [55.89738587759165, 25.098786470109303], [55.89726970184394, 25.098894492310407], [55.89715859549896, 25.09900684959532], [55.89705275347763, 25.099123344862633], [55.89695236146763, 25.09924377375135], [55.89685759559753, 25.0993679249993], [55.89676862212784, 25.09949558081375], [55.89668559715914, 25.09962651725345], [55.89660866635824, 25.099760504621297], [55.89653796470254, 25.099897307867376], [55.896473616243114, 25.10003668700113], [55.89641573388691, 25.100178397512387], [55.89636441919872, 25.100322190800252], [55.8963197622226, 25.10046781460922], [55.89628184132405, 25.100615013471536], [55.89625072305209, 25.100763529155522], [55.89622646202265, 25.100913101118433], [55.89620910082231, 25.10106346696353], [55.896198669933575, 25.101214362900382], [55.89619518768122, 25.10136552420771], [55.896198660199914, 25.101516685697725], [55.89620908142325, 25.101667582181264], [55.89622643309431, 25.101817948933228], [55.89625068479742, 25.101967522156865], [55.89628179401144, 25.10211603944658], [55.89631970618403, 25.102263240248337], [55.89636435482735, 25.10240886631685], [55.89641566163435, 25.10255266216852], [55.89647353661631, 25.10269437552987], [55.89653787826018, 25.102833757780015], [55.89660857370677, 25.102970564386855], [55.89668549894865, 25.103104555336337], [55.89676851904741, 25.10323549555335], [55.89685748837042, 25.103363155314327], [55.896952250846134, 25.103487310650333], [55.897052640237945, 25.103607743739882], [55.89715848043562, 25.10372424329144], [55.89726958576433, 25.103836604913866], [55.89738576131018, 25.103944631475294], [55.89750680326241, 25.104048133449016], [55.89763249927066, 25.104146929245832], [55.89776262881769, 25.1042408455331], [55.89789696360617, 25.104329717538516], [55.89803526795936, 25.104413389339438], [55.8981772992345, 25.104491714136582], [55.898322808248544, 25.10456455451143], [55.89847153971557, 25.104631782667514], [55.898623232694476, 25.104693280654686], [55.898777621047145, 25.104748940576027], [55.89893443390523, 25.104798664777274], [55.8990933961456, 25.104842366018183], [55.89925422887316, 25.10487996762551], [55.89941664991012, 25.104911403627764], [55.89958037429141, 25.10493661887088], [55.89974511476466, 25.10495556911494], [55.8999105822942, 25.104968221111918], [55.90007648656853, 25.104974552664], [55.90024253650962, 25.104974552662547], [55.90040844078383, 25.10496822110758], [55.90057390831311, 25.10495556910769], [55.900738648785925, 25.104936618860766], [55.9009023731667, 25.10491140361481], [55.901064794203016, 25.10487996760972], [55.901225626929765, 25.104842365999552], [55.90138458916922, 25.104798664755897], [55.901541402026254, 25.104748940551907], [55.90169579037775, 25.104693280627878], [55.90184748335539, 25.10463178263804], [55.90199621482099, 25.104564554479353], [55.9021417238335, 25.104491714102004], [55.90228375510696, 25.104413389302376], [55.9024220594584, 25.104329717499], [55.902556394245025, 25.10424084549126], [55.902686523790074, 25.104146929201747], [55.90281221979623, 25.104048133402692], [55.9029332617463, 25.10394463142689], [55.90304943728988, 25.103836604863417], [55.90316054261622, 25.103724243239057], [55.90326638281143, 25.10360774368567], [55.90336677220069, 25.103487310594335], [55.90346153467381, 25.103363155256698], [55.903550503994126, 25.103235495494165], [55.90363352409012, 25.10310455527569], [55.90371044932917, 25.102970564324867], [55.90378114477292, 25.102833757716784], [55.90384548641384, 25.102694375465546], [55.903903361392814, 25.102552662103186], [55.90395466819682, 25.1024088662506], [55.90399931683702, 25.102263240181312], [55.90403722900655, 25.10211603937888], [55.90406833821742, 25.10196752208863], [55.9040925899174, 25.101817948864586], [55.90410994158529, 25.101667582112302], [55.90412036280545, 25.10151668562857], [55.90412383532096, 25.101365524138526], [55.90412035306542, 25.10121436283126]]]]}}, {"type": "Feature", "properties": {"field_id": 17, "diam_km": 0.796880828738421, "status": "active", "active_frac": 0.789, "mean_prob": 0.526, "uncertainty_frac": 0.151, "area_ha": 49.83, "active_area_ha": 39.32, "credit_score": 72, "threshold": 0.5, "prob_hist": [0.0, 0.0, 0.0, 0.0, 0.0, 0.0, 0.0, 0.002, 0.0265, 0.1824, 0.5143, 0.2743, 0.0004, 0.0, 0.0, 0.0, 0.0, 0.0, 0.0, 0.0]}, "geometry": {"type": "MultiPolygon", "coordinates": [[[[55.91217646833475, 25.101450741860468], [55.91216607243323, 25.101300352374928], [55.912148769466626, 25.10115049120209], [55.91212458981512, 25.101001421247034], [55.91209357592241, 25.100853404025774], [55.912055782221074, 25.100706699206643], [55.9120112750369, 25.10056156415468], [55.91196013247239, 25.100418253480182], [55.911902444269565, 25.100277018592045], [55.91183831165242, 25.100138107256825], [55.91176784714916, 25.100001763164023], [55.911691174394676, 25.099868225498795], [55.911608427913585, 25.099737728522168], [55.91151975288405, 25.09961050116033], [55.91142530488304, 25.099486766602976], [55.91132524961326, 25.099366741911886], [55.91121976261258, 25.099250637640203], [55.91110902894579, 25.099138657463048], [55.91099324287996, 25.099030997820382], [55.9108726075438, 25.09892784757237], [55.910747334571056, 25.098829387668278], [55.91061764372936, 25.098735790828904], [55.9104837625347, 25.098647221243848], [55.91034592585236, 25.09856383428344], [55.91020437548479, 25.098485776226177], [55.91005935974767, 25.098413184002386], [55.909911133034235, 25.0983461849538], [55.90975995536912, 25.098284896610487], [55.909606091952256, 25.098229426484526], [55.90944981269385, 25.098179871881616], [55.90929139174083, 25.098136319730244], [55.909131106996234, 25.098098846429373], [55.90896923963161, 25.098067517714465], [55.90880607359408, 25.098042388542005], [55.90864189510831, 25.09802350299347], [55.90847699217445, 25.09801089419763], [55.9083116540632, 25.098004584272676], [55.90814617080843, 25.098004584287455], [55.90798083269854, 25.0980108942419], [55.90781592976739, 25.0980235030672], [55.90765175128568, 25.098042388645073], [55.90748858525355, 25.09806751784664], [55.907326717895664, 25.098098846590453], [55.90716643315913, 25.09813631991995], [55.90700801221552, 25.098179872099603], [55.90685173296775, 25.09822942673043], [55.90669786956286, 25.09828489688385], [55.906546691910926, 25.098346185254165], [55.90639846521193, 25.09841318432919], [55.90625344949044, 25.098485776578926], [55.90611189913969, 25.09856383466144], [55.905974062475266, 25.09864722164647], [55.9058401812997, 25.098735791255436], [55.90571049047816, 25.09882938811794], [55.90558521752661, 25.09892784804442], [55.90546458221265, 25.09903099831397], [55.90534879617004, 25.09913865797731], [55.905238062527346, 25.099250638174258], [55.90513257555167, 25.099366742464785], [55.905032520307756, 25.099486767173712], [55.90493807233339, 25.09961050174794], [55.904849397331226, 25.099737729125614], [55.90476665087825, 25.09986822611702], [55.90468997815251, 25.100001763795948], [55.90461951367861, 25.100138107901326], [55.90455538109139, 25.10027701924799], [55.90449769291897, 25.100418254146415], [55.90444655038532, 25.10056156483007], [55.904402043232416, 25.100706699889976], [55.90436424956266, 25.100853404715874], [55.904333235701834, 25.101001421942634], [55.90430905608243, 25.101150491902015], [55.904291753148094, 25.101300353077956], [55.904281357278975, 25.10145074256534], [55.90427788673818, 25.10160139653139], [55.904281347639674, 25.101752050678318], [55.90429173393732, 25.101902440707093], [55.904309027435225, 25.102052302781047], [55.904333197819646, 25.10220137398881], [55.904364202711925, 25.102349392805586], [55.90440198774259, 25.10249609955182], [55.90444648664666, 25.102641236848992], [55.90449762137968, 25.102784550071053], [55.90455530225462, 25.102925787791214], [55.90461942809887, 25.103064702223076], [55.904689886431726, 25.103201049655393], [55.90476655366156, 25.10333459087963], [55.90484929530257, 25.103465091609742], [55.90493796621046, 25.10359232289325], [55.90503241083721, 25.10371606151293], [55.90513246350378, 25.103836090378504], [55.90523794869056, 25.103952198907592], [55.90534868134554, 25.10406418339516], [55.9054644672086, 25.104171847371042], [55.905585103152596, 25.104275001944654], [55.905710377539464, 25.104373466136416], [55.90584007059164, 25.104467067195415], [55.90597395477764, 25.104555640902497], [55.90611179521126, 25.10463903185843], [55.90625335006362, 25.104717093756612], [55.90639837098767, 25.10478968963989], [55.90654660355377, 25.104856692140732], [55.906697787696245, 25.104917983704954], [55.90685165816968, 25.10497345679784], [55.90700794501442, 25.105023014092925], [55.9071663740303, 25.1050665686428], [55.907326667257756, 25.105104044031638], [55.907488543465696, 25.105135374509416], [55.907651718645, 25.105160505107193], [55.9078159065069, 25.105179391733618], [55.907980818985415, 25.10519200125227], [55.908146166742945, 25.105198311539866], [55.90831165967793, 25.105198311525108], [55.908477007434094, 25.105192001207975], [55.908641919909925, 25.105179391659878], [55.90880610776774, 25.105160505004132], [55.90896928294165, 25.105135374377213], [55.90913115914282, 25.105104043870515], [55.9092914523622, 25.10506656845305], [55.90944988136871, 25.105023013874884], [55.909606168202764, 25.1049734565519], [55.909760038664245, 25.104917983431562], [55.90991122279351, 25.104856691840336], [55.91005945534519, 25.104789689312994], [55.9102044762536, 25.104717093403824], [55.910346031089155, 25.10463903148038], [55.91048387150478, 25.10455564049983], [55.91061775567172, 25.104467066768855], [55.91074744870376, 25.104373465686695], [55.9108727230694, 25.104275001472534], [55.91099335899119, 25.1041718468774], [55.91110914483107, 25.104064182880848], [55.911219877461896, 25.103952198373495], [55.91132536262369, 25.103836089825567], [55.91142541526441, 25.10371606094213], [55.91151985986449, 25.103592322305612], [55.91160853074502, 25.103465091006253], [55.91169127235789, 25.103334590261362], [55.91176793955897, 25.103201049023426], [55.91183839786245, 25.103064701578543], [55.91190252367681, 25.102925787135227], [55.911960204521286, 25.102784549404767], [55.91201133922349, 25.102641236173582], [55.912055838096286, 25.10249609886848], [55.91209362309533, 25.10234939211548], [55.91212462795572, 25.10220137329318], [55.91214879830805, 25.102052302081074], [55.9121660917737, 25.101902440004046], [55.91217647803893, 25.101752049973435], [55.912179938907975, 25.101601395825895], [55.91217646833475, 25.101450741860468]]]]}}, {"type": "Feature", "properties": {"field_id": 18, "diam_km": 0.585974760381475, "status": "active", "active_frac": 0.898, "mean_prob": 0.541, "uncertainty_frac": 0.064, "area_ha": 26.12, "active_area_ha": 23.45, "credit_score": 80, "threshold": 0.5, "prob_hist": [0.0, 0.0, 0.0, 0.0, 0.0, 0.0, 0.0, 0.0, 0.0027, 0.0995, 0.477, 0.3947, 0.026, 0.0, 0.0, 0.0, 0.0, 0.0, 0.0, 0.0]}, "geometry": {"type": "MultiPolygon", "coordinates": [[[[55.918072815712755, 25.10221485328178], [55.9180651721811, 25.10210426650942], [55.91805244959604, 25.10199406818725], [55.918034670290794, 25.101884451639233], [55.91801186546944, 25.101775609168318], [55.9179840751522, 25.10166773171886], [55.91795134810509, 25.101561008541857], [55.91791374175425, 25.101455626862837], [55.91787132208506, 25.101351771553407], [55.91782416352655, 25.10124962480709], [55.91777234882041, 25.101149365819563], [55.91771596887605, 25.101051170474413], [55.91765512261088, 25.100955211034574], [55.91758991677688, 25.10086165584019], [55.91752046577302, 25.100770669013265], [55.917446891444776, 25.100682410169853], [55.91736932287026, 25.100597034139987], [55.91728789613361, 25.100514690696247], [55.91720275408652, 25.100435524290805], [55.91711404609731, 25.100359673802334], [55.91702192778905, 25.10028727229218], [55.91692656076658, 25.1002184467711], [55.916828112332894, 25.100153317976464], [55.916726755195775, 25.10009200016041], [55.91662266716473, 25.10003460088959], [55.91651603083916, 25.099981220856346], [55.91640703328803, 25.0999319537022], [55.91629586572175, 25.099886885853557], [55.91618272315684, 25.09984609637016], [55.916067804073734, 25.099809656806393], [55.91595131006877, 25.09977763108585], [55.915833445500546, 25.099750075389068], [55.91571441713152, 25.099727038055192], [55.91559443376528, 25.099708559496936], [55.915473705880515, 25.099694672130028], [55.91535244526152, 25.09968540031606], [55.91523086462713, 25.0996807603199], [55.91510917725733, 25.099680760281203], [55.91498759661936, 25.099685400200027], [55.914866335993274, 25.09969467193687], [55.91474560809782, 25.099708559226983], [55.91462562471745, 25.099727037708906], [55.91450659633073, 25.0997500749671], [55.91438873174139, 25.09977763058893], [55.91427223771183, 25.099809656235383], [55.91415731860078, 25.099846095726036], [55.91404417600455, 25.09988688513748], [55.91393300840372, 25.09993195291541], [55.91382401081481, 25.099981220000256], [55.913717374448275, 25.100034599965664], [55.91361328637321, 25.10009199917028], [55.91351192918908, 25.100153316921837], [55.91341348070544, 25.10021844565387], [55.913318113630176, 25.10028727111428], [55.91322599526639, 25.10035967256584], [55.913137287218994, 25.100435522997916], [55.91305214511114, 25.10051468934919], [55.91297071831134, 25.100597032741145], [55.91289314967132, 25.100682408721678], [55.91281957527538, 25.100770667518287], [55.91275012420174, 25.10086165430103], [55.91268491829596, 25.10095520945395], [55.9126240719572, 25.10105116885507], [55.912567691937504, 25.101149364164364], [55.91251587715446, 25.101249623118928], [55.91246871851759, 25.10135176983527], [55.912426298768736, 25.1014556251177], [55.91238869233704, 25.1015610067728], [55.91235596520804, 25.101667729928977], [55.912328174808074, 25.101775607360768], [55.91230536990323, 25.1018844498172], [55.912287590513884, 25.101994066353868], [55.91227486784428, 25.10210426466798], [55.91226722422779, 25.102214851435452], [55.91226467308758, 25.10232563265034], [55.91226721891293, 25.10243641396498], [55.91227485725141, 25.10254700103105], [55.91228757471637, 25.102657199840493], [55.912305349010566, 25.102766817065884], [55.91232814896504, 25.10287566039955], [55.91235593459368, 25.10298353889105], [55.91238865716344, 25.103090263282127], [55.912426259279535, 25.10319564633869], [55.91246867498624, 25.103299503179475], [55.91251582988239, 25.103401651600247], [55.91256764125196, 25.10350191239356], [55.91262401820893, 25.10360010966317], [55.912684861856846, 25.103696071132642], [55.912750065462134, 25.10378962844762], [55.912819514641384, 25.10388061747115], [55.91289308756199, 25.103968878571848], [55.912970655155654, 25.10405425690384], [55.91305208134512, 25.10413660267837], [55.91313722328262, 25.104215771426926], [55.91322593160051, 25.104291624254383], [55.91331805067341, 25.10436402808302], [55.91341341889115, 25.10443285588581], [55.91351186894234, 25.104497986909347], [55.91361322810789, 25.104559306885918], [55.913717318564046, 25.104616708233642], [55.9138239576944, 25.10467009024566], [55.91393295841026, 25.104719359266603], [55.91404412947908, 25.104764428856893], [55.91415727585974, 25.10480521994462], [55.91427219904507, 25.1048416609641], [55.914388697409926, 25.10487368798161], [55.91450656656514, 25.104901244807422], [55.9146255997161, 25.104924283094576], [55.91474558802562, 25.104942762423555], [55.914866320980416, 25.104956650373303], [55.91498758676056, 25.104965922578128], [55.91510917261105, 25.104970562770387], [55.91523086521532, 25.104970562809093], [55.915352451069396, 25.10496592269417], [55.91547371685663, 25.104956650566482], [55.9155944498221, 25.10494276269352], [55.915714438145784, 25.10492428344086], [55.9158334713144, 25.104901245229435], [55.915951340490764, 25.104873688478587], [55.9160678388802, 25.104841661535175], [55.91618276209349, 25.104805220588794], [55.916295908505454, 25.104764429573038], [55.91640707960886, 25.10471936005346], [55.91651608036254, 25.104670091101863], [55.91662271953382, 25.104616709157654], [55.91672681003401, 25.104559307876116], [55.916828169246585, 25.10449798796407], [55.91692661934778, 25.104432857003125], [55.91702198761831, 25.104364029261], [55.91711410674679, 25.10429162549097], [55.91720281512286, 25.104215772719915], [55.917287957121076, 25.10413660402552], [55.91736938337374, 25.10405425830277], [55.917446951032936, 25.103968880020133], [55.91752052402121, 25.10388061896624], [55.91758997327028, 25.103789629986863], [55.91765517694738, 25.103696072713372], [55.917716020668905, 25.103600111282585], [55.91777239770121, 25.103501914048834], [55.917824209147675, 25.10340165328849], [55.91787136412219, 25.10329950489769], [55.91791377990857, 25.103195648083876], [55.91795138210552, 25.10309026505123], [55.91798410475713, 25.10298354068099], [55.91801189046857, 25.10287566220714], [55.9180346905065, 25.10276681888796], [55.91805246488482, 25.102657201673896], [55.91806518243434, 25.102547002872527], [55.91807282085764, 25.102436415811304], [55.91807536676801, 25.102325634498285], [55.918072815712755, 25.10221485328178]]]]}}, {"type": "Feature", "properties": {"field_id": 19, "diam_km": 0.788985312006272, "status": "active", "active_frac": 0.846, "mean_prob": 0.534, "uncertainty_frac": 0.113, "area_ha": 48.88, "active_area_ha": 41.37, "credit_score": 76, "threshold": 0.5, "prob_hist": [0.0, 0.0, 0.0, 0.0, 0.0, 0.0, 0.0, 0.0012, 0.0092, 0.1432, 0.5092, 0.3275, 0.0096, 0.0, 0.0, 0.0, 0.0, 0.0, 0.0, 0.0]}, "geometry": {"type": "MultiPolygon", "coordinates": [[[[55.9252999034998, 25.099431545987642], [55.92528961091545, 25.09928264651632], [55.92527247981273, 25.099134270117837], [55.92524854026985, 25.09898667709247], [55.92521783430878, 25.09884012636531], [55.925180415821394, 25.09869487503203], [55.92513635047482, 25.098551177907854], [55.925085715595955, 25.09840928708059], [55.92502860003582, 25.09826945146836], [55.92496510401332, 25.098131916383082], [55.92489533893958, 25.09799692310001], [55.92481942722212, 25.097864708434635], [55.92473750205011, 25.09773550432723], [55.924649707160654, 25.09760953743606], [55.924556196586394, 25.097487028739724], [55.92445713438537, 25.097368193149627], [55.92435269435308, 25.09725323913301], [55.92424305971745, 25.097142368347342], [55.92412842281754, 25.09703577528646], [55.9240089847659, 25.09693364693975], [55.923884955095915, 25.096836162463823], [55.923756551394106, 25.09674349286852], [55.923623998918515, 25.096655800716974], [55.9234875302035, 25.096573239840318], [55.92334738465191, 25.09649595506814], [55.9232038081151, 25.096424081974313], [55.92305705246172, 25.096357746639164], [55.92290737513598, 25.096297065428555], [55.92275503870603, 25.09624214478964], [55.92260031040359, 25.09619308106425], [55.922443461655114, 25.09614996031986], [55.92228476760581, 25.09611285819875], [55.92212450663713, 25.096081839785267], [55.921962959878456, 25.096056959491722], [55.921800410714106, 25.096038260962878], [55.92163714428646, 25.096025776999564], [55.92147344699564, 25.09601952950105], [55.921309605997486, 25.09601952942659], [55.92114590869981, 25.096025776776358], [55.920982642258465, 25.09603826059127], [55.92082009307364, 25.096056958972383], [55.920658546287704, 25.096081839119147], [55.920498285285035, 25.096112857386974], [55.92033959119507, 25.096149959363878], [55.92018274239935, 25.096193079965715], [55.920028014043126, 25.096242143550484], [55.919875677552994, 25.096297064050948], [55.91972600016072, 25.09635774512554], [55.91957924443466, 25.09642408032731], [55.919435667819066, 25.09649595329068], [55.919295522182765, 25.096573237935477], [55.91915905337727, 25.096655798688097], [55.9190265008056, 25.096743490719195], [55.918898097002234, 25.096836160197793], [55.918774067225414, 25.096933644561], [55.918654629061855, 25.097035772799185], [55.918539992045105, 25.097142365755865], [55.918430357287974, 25.097253236441887], [55.91832591712968, 25.0973681903636], [55.918226854798434, 25.097487025863675], [55.91813334408991, 25.09760953447501], [55.91804554906237, 25.097735501286394], [55.917963623748776, 25.097864705319317], [55.9178877118864, 25.097996919915694], [55.9178179466647, 25.098131913135333], [55.91775445049148, 25.09826944816292], [55.91769733477804, 25.098409283723235], [55.91764669974366, 25.09855117450449], [55.917602634239586, 25.098694871588606], [55.917565215593, 25.098840122887864], [55.917534509471324, 25.09898667358712], [55.917510569766655, 25.099134266590735], [55.9174934385013, 25.099282642973645], [55.91748314575375, 25.099431542435607], [55.91747970960567, 25.099580703757756], [55.91748313611024, 25.09972986526094], [55.91749341928109, 25.099878765264695], [55.917510541102814, 25.10002714254645], [55.91753447156231, 25.10017473679971], [55.91756516870137, 25.10032128909075], [55.91760257868992, 25.100466542312958], [55.91764663592052, 25.100610241637877], [55.91769726312312, 25.100752134962235], [55.91775437150068, 25.10089197335037], [55.917817860884504, 25.101029511470987], [55.917887619910154, 25.10116450802743], [55.917963526212496, 25.10129672618127], [55.91804544664032, 25.101425933967803], [55.91813323748983, 25.101551904702955], [55.91822674475668, 25.10167441738115], [55.918325804406095, 25.101793257063083], [55.918430242660456, 25.101908215252745], [55.91853987630424, 25.10201909026349], [55.91865451300546, 25.102125687571707], [55.91877395165283, 25.102227820158358], [55.9188979827089, 25.10232530883703], [55.919026388577336, 25.102417982568372], [55.91915894398497, 25.102505678760338], [55.91929541637684, 25.102588243553335], [55.9194355663243, 25.102665532090377], [55.91957914794522, 25.102737408771205], [55.91972590933522, 25.102803747490288], [55.919875593009905, 25.102864431858002], [55.920027936356526, 25.102919355405067], [55.92018267209491, 25.102968421769315], [55.92033952874642, 25.10301154486468], [55.92049823111039, 25.10304864903242], [55.92065850074708, 25.103079669173866], [55.92082005646631, 25.10310455086456], [55.92098261482085, 25.103123250449926], [55.921145890603995, 25.103135735121718], [55.92130959734986, 25.10314198297574], [55.92147344783635, 25.103141983050204], [55.92163715458907, 25.103135735344967], [55.921800430385886, 25.10312325082157], [55.92196298876094, 25.103104551383968], [55.92212454450746, 25.103079669840092], [55.922284814178155, 25.10304864984432], [55.922443516582824, 25.103011545820802], [55.922600373281576, 25.102968422867995], [55.92275510907374, 25.102919356644396], [55.92290745248057, 25.102864433235784], [55.92305713622179, 25.102803749004085], [55.92320389768454, 25.102737410418417], [55.923347479384226, 25.102665533868084], [55.92348762941643, 25.1025882454584], [55.923624101898824, 25.102505680789445], [55.92375665740258, 25.102417984717963], [55.92388506337263, 25.102325311103293], [55.92400909453553, 25.102227822537362], [55.92412853329491, 25.102125690059253], [55.92424317011295, 25.10201909285521], [55.924352803878286, 25.10190821794411], [55.924457242258676, 25.101793259849366], [55.924556302038326, 25.101674420257474], [55.9246498094395, 25.10155190766426], [55.9247376004271, 25.101425937008884], [55.924819520996564, 25.1012967292968], [55.92489542744382, 25.101164511211927], [55.924965186617456, 25.101029514718878], [55.925028676152074, 25.100891976656015], [55.92508578468289, 25.100752138319724], [55.92513641204105, 25.10061024504138], [55.92518046942916, 25.10046654575651], [55.92521787957692, 25.100321292568296], [55.925248576876605, 25.100174740305132], [55.92527250749792, 25.100027146073625], [55.92528962948228, 25.099878768807447], [55.92529991281633, 25.099729868812993], [55.92530333948437, 25.099580707312935], [55.9252999034998, 25.099431545987642]]]]}}, {"type": "Feature", "properties": {"field_id": 20, "diam_km": 0.414193189622795, "status": "active", "active_frac": 0.874, "mean_prob": 0.537, "uncertainty_frac": 0.091, "area_ha": 13.46, "active_area_ha": 11.76, "credit_score": 78, "threshold": 0.5, "prob_hist": [0.0, 0.0, 0.0, 0.0, 0.0, 0.0, 0.0, 0.0, 0.0059, 0.1204, 0.4881, 0.3856, 0.0, 0.0, 0.0, 0.0, 0.0, 0.0, 0.0, 0.0]}, "geometry": {"type": "MultiPolygon", "coordinates": [[[[55.92071264061729, 25.094586873922285], [55.920707238705155, 25.094508706130195], [55.9206982469067, 25.094430812892174], [55.92068568100334, 25.094353330858763], [55.920669563046545, 25.094276395958886], [55.92064992131904, 25.094200143161405], [55.92062679028526, 25.09412470623823], [55.92060021053079, 25.094050217529787], [55.92057022869109, 25.093976807712767], [55.92053689736975, 25.093904605570902], [55.92050027504597, 25.093833737769092], [55.920460425972195, 25.093764328631206], [55.92041742006113, 25.093696499921887], [55.92037133276319, 25.093630370633083], [55.920322244934084, 25.093566056775266], [55.92027024269299, 25.093503671173877], [55.920215417271315, 25.093443323271526], [55.92015786485275, 25.09338511893595], [55.920097686404546, 25.09332916027419], [55.92003498750029, 25.09327554545374], [55.919969878134694, 25.09322436853008], [55.91990247253076, 25.09317571928195], [55.91983288893921, 25.09312968305362], [55.91976124943121, 25.093086340605378], [55.91968767968412, 25.09304576797171], [55.919612308761096, 25.09300803632815], [55.91953526888468, 25.092973211866198], [55.919456695204794, 25.0929413556773], [55.919376725561825, 25.0929125236458], [55.91929550024462, 25.09288676635078], [55.91921316174469, 25.092864128977276], [55.919129854505954, 25.09284465123737], [55.9190457246716, 25.09282836730006], [55.918960919827654, 25.092815305731683], [55.918875588744164, 25.092805489445656], [55.9187898811142, 25.092798935662298], [55.91870394729123, 25.09279565587868], [55.918617938025605, 25.09279565584839], [55.91853200419983, 25.09279893557148], [55.9184462965643, 25.092805489294452], [55.918360965472466, 25.092815305520386], [55.91827616061745, 25.092828367029053], [55.91819203076925, 25.09284465090709], [55.91810872351398, 25.092864128588342], [55.9180263849948, 25.09288676590382], [55.91794515965575, 25.092912523141667], [55.91786518998828, 25.09294135511683], [55.917786616281354, 25.09297321125037], [55.91770957637534, 25.09300803565808], [55.91763420542026, 25.093045767248555], [55.917560635638736, 25.093086339830393], [55.91748899609392, 25.093129682228174], [55.91741941246327, 25.09317571840751], [55.91735200681801, 25.093224367608137], [55.91728689740896, 25.09327554448592], [55.917224198459145, 25.093329159262243], [55.91716401996341, 25.093385117881592], [55.917106467495415, 25.093443322176665], [55.91705164202247, 25.09350367004038], [55.916999639728374, 25.093566055605127], [55.916950551844664, 25.093630369428364], [55.91690446449058, 25.0936964986847], [55.916861458521915, 25.09376432736374], [55.91682160938914, 25.09383373647357], [55.91678498700518, 25.09390460424957], [55.916751655622505, 25.09397680636796], [55.916721673720446, 25.094050216163847], [55.91669509390272, 25.09412470485359], [55.91667196280487, 25.094200141760467], [55.91665232101259, 25.094276394544128], [55.916636202990446, 25.09435332943264], [55.91662363702127, 25.094430811457183], [55.916614645156656, 25.094508704688884], [55.916609243178115, 25.094586872477173], [55.916607440569365, 25.09466517768956], [55.91660924049968, 25.09474348295222], [55.916614639818214, 25.094821650891035], [55.91662362905956, 25.094899544372446], [55.91663619246026, 25.09497702674417], [55.91665230798641, 25.09505396207493], [55.91667194737233, 25.095130215392885], [55.91669507616997, 25.09520565292242], [55.91672165380949, 25.095280142318884], [55.91675163367024, 25.095353552900765], [55.916784963162506, 25.095425755878953], [55.916821583819896, 25.095496624582665], [55.91686143140171, 25.095566034681752], [55.916904436005666, 25.095633864404792], [55.916950522190525, 25.095699994752717], [55.91699960910835, 25.095764309707686], [55.91705161064642, 25.09582669643647], [55.91710643557825, 25.095887045488606], [55.917163987723555, 25.095945250988336], [55.91722416611701, 25.096001210820376], [55.91728686518542, 25.096054826809066], [55.9173519749329, 25.096106004890697], [55.91741938113378, 25.096154655278422], [55.917488965533174, 25.096200692620005], [55.91756060605421, 25.09624403614735], [55.91763417701246, 25.09628460981831], [55.917709549336244, 25.096322342450218], [55.91778659079322, 25.09635716784457], [55.917865166222356, 25.096389024903317], [55.91794513777102, 25.096417857736103], [55.91802636513695, 25.096443615758236], [55.918108705814355, 25.09646625377947], [55.91819201534397, 25.096485732083313], [55.91827614756652, 25.096502016496732], [55.91836095487926, 25.096515078450064], [55.91844628849485, 25.096524895027184], [55.918531998702456, 25.096531449005752], [55.918617935130456, 25.096534728887338], [55.91870394701032, 25.096534728917607], [55.91878988344113, 25.09653144909659], [55.918875593654306, 25.096524895178376], [55.91896092727821, 25.096515078661362], [55.91904573460208, 25.09650201676776], [55.919129866838475, 25.096485732413626], [55.91921317638461, 25.096466254168437], [55.91929551708123, 25.096443616205217], [55.919376744469034, 25.096417858240308], [55.919456716042205, 25.09638902546383], [55.91953529149839, 25.096357168460415], [55.91961233298496, 25.09632234312035], [55.919687705340806, 25.096284610541538], [55.91976127633352, 25.096244036922386], [55.919832916891394, 25.096200693445525], [55.919902501329865, 25.096154656152937], [55.9199699075721, 25.09610600581268], [55.92003501736305, 25.09605482777691], [55.92009771647699, 25.09600121183239], [55.920157894918, 25.095945252042746], [55.920215447112724, 25.095887046583563], [55.92027027209582, 25.095826697570036], [55.920322273686914, 25.095764310877843], [55.920371360659374, 25.09569999595748], [55.92041744690038, 25.095633865641997], [55.920460451561965, 25.09556603594925], [55.920500299202736, 25.095496625878248], [55.920536919920345, 25.09542575720031], [55.92057024947395, 25.095353554245612], [55.92060022939703, 25.095280143684846], [55.920626807099836, 25.095205654307094], [55.92064993596155, 25.095130216793834], [55.92066957541224, 25.09505396348971], [55.92068569100377, 25.094977028170288], [55.920698254470274, 25.09489954580743], [55.920707243777784, 25.094821652332367], [55.9207126431627, 25.094743484397362], [55.92071444315953, 25.09466517913596], [55.92071264061729, 25.094586873922285]]]]}}, {"type": "Feature", "properties": {"field_id": 21, "diam_km": 0.408159288411858, "status": "active", "active_frac": 0.953, "mean_prob": 0.551, "uncertainty_frac": 0.02, "area_ha": 13.09, "active_area_ha": 12.48, "credit_score": 84, "threshold": 0.5, "prob_hist": [0.0, 0.0, 0.0, 0.0, 0.0, 0.0, 0.0, 0.0, 0.0, 0.0466, 0.3827, 0.5707, 0.0, 0.0, 0.0, 0.0, 0.0, 0.0, 0.0, 0.0]}, "geometry": {"type": "MultiPolygon", "coordinates": [[[[55.918702018785964, 25.091317768105963], [55.91869669571254, 25.09124073901587], [55.91868783514351, 25.091163980480168], [55.918675452629884, 25.091087627158817], [55.9186595699012, 25.091011813000648], [55.918640214827356, 25.0909366710083], [55.91861742136968, 25.09086233300507], [55.918591229521375, 25.090788929403526], [55.918561685237265, 25.09071658897675], [55.91852884035309, 25.090645438632492], [55.91849275249457, 25.090575603190484], [55.91845348497642, 25.090507205163558], [55.918411106690954, 25.090440364542584], [55.91836569198743, 25.090375198586173], [55.91831732054151, 25.090311821614858], [55.918266077215485, 25.09025034481055], [55.918212051909336, 25.090190876021595], [55.918155339403086, 25.09013351957352], [55.91809603919042, 25.09007837608606], [55.918034255304235, 25.090025542296612], [55.91797009613396, 25.089975110890634], [55.917903674235696, 25.089927170338978], [55.917835106134454, 25.089881804742774], [55.91776451211993, 25.089839093685843], [55.917692016035424, 25.089799112095125], [55.9176177450606, 25.08976193010929], [55.91754182948843, 25.08972761295562], [55.91746440249658, 25.089696220835712], [55.91738559991382, 25.0896678088198], [55.91730555998183, 25.08964242675011], [55.917224423112565, 25.08962011915361], [55.91714233164216, 25.089600925163747], [55.91705942958104, 25.089584878451852], [55.916975862361554, 25.0895720071681], [55.91689177658265, 25.089562333892104], [55.91680731975291, 25.089555875593327], [55.91672264003174, 25.089552643601337], [55.9166378859695, 25.089552643585936], [55.916553206246896, 25.089555875547063], [55.916468749414335, 25.089562333815064], [55.91638466363119, 25.089572007060443], [55.91630109640604, 25.08958487831375], [55.91621819433788, 25.089600924995462], [55.91613610285905, 25.089620118955434], [55.91605496598, 25.089642426522385], [55.915974926036824, 25.0896678085629], [55.91589612344161, 25.089696220550124], [55.91581869643596, 25.08972761264184], [55.91574278084873, 25.089761929767867], [55.91566850985757, 25.08979911172663], [55.91559601375552, 25.089839093290955], [55.915525419722236, 25.089881804322197], [55.91545685160108, 25.089927169893407], [55.91539042968174, 25.08997511042086], [55.91532627048936, 25.09002554180349], [55.91526448657994, 25.090078375570418], [55.91520518634305, 25.090133519036282], [55.915148473811605, 25.09019087546371], [55.91509444847935, 25.090250344233002], [55.91504320512633, 25.09031182101863], [55.91499483365257, 25.090375197972346], [55.91494941892043, 25.0904403639122], [55.914907040605605, 25.090507204517728], [55.914867773057395, 25.09057560253037], [55.914831685168245, 25.090645437959214], [55.91479884025279, 25.090716588291503], [55.9147692959369, 25.09078892870752], [55.914743104056384, 25.09086233229955], [55.91472031056607, 25.090936670294465], [55.9147009554592, 25.09101181227976], [55.91468507269721, 25.091087626432174], [55.91467269015007, 25.091163979749], [55.91466382954733, 25.091240738281442], [55.914658506440055, 25.091317767369624], [55.91465673017341, 25.091394931878668], [55.914658503870236, 25.09147209643595], [55.91466382442553, 25.09154912566849], [55.91467268251182, 25.091625884440475], [55.91468506259561, 25.09170223809032], [55.91470094296438, 25.09177805266688], [55.91472029576475, 25.091853195164553], [55.91474308705135, 25.09192753375651], [55.91476927684622, 25.09200093802612], [55.914798819208976, 25.0920732791955], [55.91483166231731, 25.092144430351755], [55.9148677485579, 25.092214266669448], [55.91490701462749, 25.092282665629636], [55.91494939164387, 25.09234950723486], [55.9149948052667, 25.092414674219604], [55.91504317582788, 25.092478052256155], [55.915094418471355, 25.09253953015512], [55.915148443301874, 25.092599000060453], [55.91520515554281, 25.092656357638813], [55.91526445570233, 25.092711502262556], [55.91532623974789, 25.092764337186274], [55.91539039928894, 25.09281476971657], [55.91545682176681, 25.092862711374707], [55.915525390652384, 25.092908078051778], [55.915595985650484, 25.092950790156443], [55.91566848291089, 25.092990772754334], [55.91574275524575, 25.093027955699764], [55.9158186723525, 25.093062273758683], [55.9158961010427, 25.093093666723203], [55.91597490547571, 25.093122079517144], [55.91605494739687, 25.09314746229276], [55.91613608638019, 25.093169770518188], [55.91621818007485, 25.093188965055575], [55.91630108445468, 25.09320501222974], [55.91638465407115, 25.093217883887252], [55.91646874230847, 25.093227557445886], [55.91655320164082, 25.0932340159342], [55.91663788389127, 25.093237248021282], [55.916722640491706, 25.09323724803671], [55.91680732274355, 25.093234015980453], [55.91689178207875, 25.093227557522933], [55.916975870320314, 25.093217883994935], [55.91705943994244, 25.093205012367832], [55.91714234432935, 25.093188965223902], [55.91722443803239, 25.093169770716397], [55.91730557702556, 25.093147462520502], [55.917385618957866, 25.09312207977406], [55.917464423403324, 25.093093667008823], [55.91754185210734, 25.09306227407251], [55.91761776922916, 25.09302795604122], [55.91769204158032, 25.092990773122832], [55.917764538858314, 25.092950790551367], [55.917835133875194, 25.092908078472426], [55.917903702780684, 25.092862711820285], [55.917970125279595, 25.092814770186372], [55.91803428484278, 25.092764337679416], [55.91809606891156, 25.092711502778208], [55.918155369095295, 25.09265635817607], [55.918212081361425, 25.092599000618357], [55.91826610621808, 25.092539530732715], [55.91831734888855, 25.092478052852424], [55.91836571947755, 25.092414674833467], [55.91841113312902, 25.092349507865258], [55.91845351017476, 25.092282666275494], [55.91849277627439, 25.092214267329595], [55.91852886254568, 25.09214443102504], [55.91856170568525, 25.092073279880736], [55.91859124807976, 25.0920009387221], [55.91861743790687, 25.091927534462066], [55.918640229226106, 25.091853195878375], [55.91865958205951, 25.091778053387777], [55.918675462461565, 25.091702238816964], [55.91868784257888, 25.091625885171663], [55.9186967006989, 25.091549126402906], [55.91870202128803, 25.0914720971723], [55.918703795018736, 25.091394932615646], [55.918702018785964, 25.091317768105963]]]]}}, {"type": "Feature", "properties": {"field_id": 22, "diam_km": 0.790214213545657, "status": "active", "active_frac": 0.702, "mean_prob": 0.519, "uncertainty_frac": 0.207, "area_ha": 47.51, "active_area_ha": 33.35, "credit_score": 67, "threshold": 0.5, "prob_hist": [0.0, 0.0, 0.0, 0.0, 0.0, 0.0, 0.0, 0.0082, 0.0474, 0.2425, 0.4502, 0.2517, 0.0, 0.0, 0.0, 0.0, 0.0, 0.0, 0.0, 0.0]}, "geometry": {"type": "MultiPolygon", "coordinates": [[[[55.91663115809425, 25.09535076290043], [55.91662084970885, 25.095201631431806], [55.916603692381315, 25.09505302385526], [55.916579716235866, 25.094905200876678], [55.91654896335879, 25.094758421824483], [55.916511487724314, 25.094612944194985], [55.916467355099876, 25.09446902320028], [55.916416642930514, 25.094326911320994], [55.91635944020282, 25.094186857863004], [55.91629584728873, 25.094049108520384], [55.91622597576943, 25.093913904944227], [55.91614994823917, 25.093781484318978], [55.916067898090375, 25.09365207894614], [55.915979969279384, 25.093525915837073], [55.91588631607388, 25.093403216314563], [55.91578710278213, 25.093284195624765], [55.91568250346466, 25.093169062559664], [55.91557270162891, 25.093058019090684], [55.915457889907266, 25.092951260014715], [55.91533826971897, 25.092848972612266], [55.91521405091695, 25.09275133631899], [55.91508545141947, 25.092658522411046], [55.9149526968281, 25.09257069370466], [55.91481602003173, 25.092488004270557], [55.91467566079821, 25.092410599163813], [55.91453186535378, 25.092338614169293], [55.914384885950994, 25.092272175563732], [55.91423498042668, 25.0922113998941], [55.91408241174918, 25.09215639377322], [55.91392744755766, 25.09210725369285], [55.91377035969231, 25.092064065854434], [55.9136114237178, 25.09202690601794], [55.913450918439906, 25.091995839368906], [55.91328912541657, 25.091970920404282], [55.91312632846408, 25.091952192836686], [55.912962813159375, 25.091939689517865], [55.91279886633922, 25.091933432380998], [55.912634775597105, 25.091933432402293], [55.912470828778915, 25.091939689581736], [55.91230731347813, 25.09195219294305], [55.912144516531534, 25.091970920552917], [55.91198272351599, 25.09199583955959], [55.91182221824781, 25.092026906250297], [55.91166328228496, 25.09206406612809], [55.911506194433144, 25.092107254007306], [55.911351230257, 25.09215639412791], [55.91119866159676, 25.09221140028842], [55.91104875609143, 25.092272175997], [55.910901776709494, 25.092338614640727], [55.91075798128758, 25.09241059967258], [55.910617622078306, 25.092488004815795], [55.910480945307846, 25.092570694285396], [55.910348190743946, 25.092658523026262], [55.91021959127558, 25.09275133696763], [55.91009537250412, 25.092848973293155], [55.90997575234785, 25.092951260726668], [55.90986094065964, 25.093058019832455], [55.90975113885868, 25.09316906332993], [55.9096465395773, 25.093284196422246], [55.909547326322816, 25.093403217137805], [55.909453673155724, 25.093525916684634], [55.90936574438426, 25.093652079816557], [55.909283694276, 25.093781485210688], [55.90920766678721, 25.093913905855707], [55.909137795310215, 25.09404910944998], [55.90907420243934, 25.094186858809145], [55.90901699975549, 25.094326912281986], [55.908966287630626, 25.09446902417445], [55.908922155051265, 25.09461294518059], [55.9088846794624, 25.09475842281986], [55.90885392663127, 25.094905201880024], [55.90882995053213, 25.095053024864853], [55.90881279325114, 25.09520163244587], [55.90880248491248, 25.095350763917164], [55.90879904362529, 25.095500157652914], [55.908802475451786, 25.095649551566193], [55.908812774396374, 25.095798683568827], [55.908829922416025, 25.09594729203125], [55.90885388945179, 25.096095116241344], [55.90888463348128, 25.096241896862015], [55.908922100592285, 25.09638737638603], [55.90896622507723, 25.0965312995879], [55.90901692954812, 25.096673413971608], [55.9090741250724, 25.096813470213682], [55.90913771132858, 25.096951222600502], [55.909207576782265, 25.097086429459623], [55.90928359888172, 25.097218853583623], [55.90936564427263, 25.097348262646356], [55.909453569031946, 25.09747442961068], [55.90954721892053, 25.09759713312673], [55.9096464296533, 25.09771615792033], [55.909751027187674, 25.097831295170767], [55.90986082802874, 25.097942342877136], [55.909975639551114, 25.098049106212923], [55.910095260336924, 25.098151397867746], [55.910219480529044, 25.098249038376075], [55.910348082199455, 25.098341856432214], [55.91048083973141, 25.0984296891908], [55.91061752021532, 25.098512382552734], [55.910757883857464, 25.09858979143539], [55.91090168440077, 25.09866178002739], [55.9110486695568, 25.09872822202677], [55.91119858144848, 25.09878900086278], [55.91135115706272, 25.098844009900354], [55.911506128711736, 25.098893152627273], [55.91166322450301, 25.098936342823542], [55.911822168816315, 25.098973504712706], [55.91198268278736, 25.099004573094735], [55.912144484797224, 25.099029493460563], [55.9123072909666, 25.09904822208778], [55.91247081565386, 25.099060726117177], [55.91263477195646, 25.09906698361058], [55.912798872214424, 25.09906698358925], [55.91296282851509, 25.099060726053263], [55.913126353198436, 25.099048221981402], [55.9132891593619, 25.0990294933119], [55.913450961363985, 25.09900457290404], [55.91361147532528, 25.098973504480284], [55.913770419626935, 25.098936342549877], [55.9139275154047, 25.098893152312794], [55.91408248703832, 25.098844009545594], [55.91423506263531, 25.0987890004684], [55.91438497450797, 25.098728221593447], [55.91453195964317, 25.098661779555894], [55.9146757601639, 25.098589790926574], [55.91481612378183, 25.09851238200745], [55.91495280423981, 25.09842968860999], [55.915085561744235, 25.09834185581691], [55.91521416338559, 25.098249037727374], [55.91533838354713, 25.09815139718677], [55.9154580043009, 25.098049105500902], [55.91557281578981, 25.097942342135283], [55.91568261659607, 25.097831294400372], [55.9157872140944, 25.097716157122786], [55.91588642478989, 25.097597132303424], [55.915980074640004, 25.097474428763054], [55.91606799935982, 25.097348261775895], [55.91615004471017, 25.09721885269183], [55.916226066768125, 25.09708642854809], [55.9162959321795, 25.09695122167083], [55.91635951839251, 25.09681346926749], [55.916416713872884, 25.096673413010574], [55.9164674182993, 25.0965312986137], [55.916511542739144, 25.096387375400372], [55.916549009804584, 25.09624189586661], [55.916579753788085, 25.096095115237976], [55.916603720777545, 25.09594729102164], [55.91662086875065, 25.095798682554765], [55.916631167648525, 25.095649550549457], [55.91663459942823, 25.09550015663528], [55.91663115809425, 25.09535076290043]]]]}}, {"type": "Feature", "properties": {"field_id": 23, "diam_km": 0.796044354582864, "status": "active", "active_frac": 0.958, "mean_prob": 0.568, "uncertainty_frac": 0.029, "area_ha": 49.7, "active_area_ha": 47.61, "credit_score": 84, "threshold": 0.5, "prob_hist": [0.0, 0.0, 0.0, 0.0, 0.0, 0.0, 0.0, 0.0, 0.0014, 0.0406, 0.1948, 0.6388, 0.1243, 0.0, 0.0, 0.0, 0.0, 0.0, 0.0, 0.0]}, "geometry": {"type": "MultiPolygon", "coordinates": [[[[55.90860148472269, 25.094842038584005], [55.908591100299994, 25.094691806825796], [55.90857381643308, 25.094542102825866], [55.908549663468555, 25.09439318921359], [55.908518683803294, 25.09424532723071], [55.90848093180967, 25.094098776273235], [55.908436473740345, 25.093953793436256], [55.90838538761155, 25.093810633063057], [55.90832776306627, 25.093669546298898], [55.90826370121674, 25.09353078065047], [55.90819331446702, 25.093394579551727], [55.90811672631555, 25.09326118193697], [55.90803407113844, 25.093130821821553], [55.90794549395367, 25.093003727891578], [55.907851150166515, 25.092880123102713], [55.90775120529693, 25.09276022428909], [55.90764583468896, 25.092644241783034], [55.90753522320321, 25.09253237904606], [55.9074195648925, 25.09242483231216], [55.907299062661295, 25.092321790243464], [55.90717392790987, 25.092223433599433], [55.907044380163406, 25.092129934919754], [55.90691064668684, 25.09204145822187], [55.906772962086336, 25.091958158713133], [55.90663156789755, 25.091880182518704], [55.90648671216223, 25.091807666425268], [55.90633864899294, 25.09174073764106], [55.90618763812743, 25.091679513572895], [55.906033944473066, 25.09162410162011], [55.90587783764224, 25.091574598986337], [55.905719591479496, 25.091531092508927], [55.9055594835812, 25.091493658506796], [55.905397794808785, 25.091462362646354], [55.90523480879606, 25.091437259826574], [55.905070811451935, 25.091418394082606], [55.90490609045888, 25.09140579850854], [55.90474093476842, 25.091399495199425], [55.90457563409451, 25.09139949521239], [55.90441047840526, 25.091405798547466], [55.904245757414586, 25.091418394147414], [55.904081760074064, 25.091437259917143], [55.90391877406609, 25.09146236276252], [55.9037570852996, 25.091493658648357], [55.90359697740839, 25.091531092675663], [55.90343873125388, 25.091574599177946], [55.90328262443245, 25.091624101836246], [55.903128930788604, 25.091679513813144], [55.902977919934656, 25.09174073790506], [55.90282985677804, 25.091807666712516], [55.90268500105647, 25.091880182828742], [55.90254360688247, 25.091958159045365], [55.902405922297724, 25.09204145857573], [55.902272188837934, 25.092129935294622], [55.90214264110919, 25.092223433994633], [55.90201750637639, 25.092321790658353], [55.901897004164724, 25.092424832745984], [55.901781345874355, 25.092532379498042], [55.90167073440981, 25.09264424225238], [55.90156536382381, 25.09276022477501], [55.901465418976905, 25.092880123604342], [55.90137107521319, 25.09300372840803], [55.9012824980525, 25.093130822351895], [55.901199842900105, 25.093261182480312], [55.90112325477389, 25.093394580107127], [55.90105286804996, 25.093530781216902], [55.900988806226714, 25.093669546875397], [55.90093118170819, 25.093810633648612], [55.90088009560651, 25.09395379402983], [55.90083563756464, 25.094098776873793], [55.90079788559881, 25.094245327837207], [55.90076690596155, 25.094393189824956], [55.90074275302524, 25.094542103441043], [55.900725469186696, 25.094691807443663], [55.900715084792445, 25.09484203920352], [55.9007116180855, 25.094992535164465], [55.900715075172954, 25.095143031305927], [55.90072545001528, 25.09529326360607], [55.90074272443671, 25.095442968504926], [55.90076686815686, 25.095591883366943], [55.90079783884377, 25.095739746941486], [55.90083558218791, 25.095886299821487], [55.900880031997445, 25.096031284898302], [55.90093111031397, 25.09617444781293], [55.900988727549304, 25.09631553740233], [55.901052782642545, 25.09645430613995], [55.901123163236996, 25.09659051057021], [55.901199745877385, 25.09672391173544], [55.901282396226236, 25.09685427559536], [55.901370969299485, 25.09698137343758], [55.90146530972063, 25.097104982279046], [55.9015652519934, 25.097224885257134], [55.901670620791926, 25.097340872010395], [55.90178123126829, 25.09745273904743], [55.9018968893768, 25.09756029010414], [55.90201739221434, 25.097663336488075], [55.902142528376395, 25.097761697409517], [55.90227207832796, 25.097855200298678], [55.90240581478852, 25.097943681108717], [55.90254350313112, 25.098026984603383], [55.90268490179369, 25.09810496462954], [55.90282976270321, 25.098177484373664], [55.90297783171085, 25.09824441660185], [55.903128849037806, 25.09830564388322], [55.90328254973148, 25.098361058795827], [55.90343866413003, 25.09841056411529], [55.903596918335886, 25.09845407298543], [55.903757034696234, 25.098491509070566], [55.90391873229031, 25.098522806689637], [55.904081727422394, 25.098547910931345], [55.90424573411965, 25.098566777750584], [55.90441046463396, 25.09857937404573], [55.90457562994705, 25.098585677716645], [55.90474094027745, 25.098585677703678], [55.904906105589355, 25.0985793740068], [55.90507083610129, 25.09856677768578], [55.90523484279495, 25.09854791084077], [55.90539783792229, 25.09852280657346], [55.90555953551043, 25.098491508928976], [55.90571965186369, 25.098454072818683], [55.905877906061285, 25.09841056392368], [55.90603402045048, 25.098361058579673], [55.90618772113362, 25.098305643642924], [55.906338738449, 25.09824441633784], [55.90648680744393, 25.098177484086374], [55.90663166833971, 25.098104964319475], [55.90677306698753, 25.098026984271108], [55.906910755314335, 25.09794368075481], [55.90704449175813, 25.097855199923792], [55.90717404169196, 25.097761697014235], [55.907299177835405, 25.097663336073154], [55.90741968065341, 25.0975602896703], [55.90753533874152, 25.09745273859542], [55.907645949196706, 25.097340871541], [55.90775131797324, 25.097224884771173], [55.907851260223296, 25.09710498177737], [55.90794560062103, 25.096981372921096], [55.90803417367019, 25.09685427506496], [55.908116823994355, 25.096723911192072], [55.90819340660945, 25.0965905100148], [55.908263787178086, 25.096454305573502], [55.908327842245, 25.096315536825802], [55.90838545945365, 25.096174447227344], [55.90843653774305, 25.096031284304676], [55.908480987525074, 25.095886299220883], [55.908518730841465, 25.095739746334967], [55.908549701500355, 25.095591882755556], [55.90857384519229, 25.095442967889777], [55.908591119585346, 25.09529326298816], [55.908601494399235, 25.09514303068642], [55.90860495145816, 25.094992534544406], [55.90860148472269, 25.094842038584005]]]]}}, {"type": "Feature", "properties": {"field_id": 24, "diam_km": 0.790631850106034, "status": "active", "active_frac": 0.832, "mean_prob": 0.537, "uncertainty_frac": 0.128, "area_ha": 49.05, "active_area_ha": 40.8, "credit_score": 75, "threshold": 0.5, "prob_hist": [0.0, 0.0, 0.0, 0.0, 0.0, 0.0, 0.0, 0.0012, 0.0163, 0.1507, 0.4122, 0.4159, 0.0037, 0.0, 0.0, 0.0, 0.0, 0.0, 0.0, 0.0]}, "geometry": {"type": "MultiPolygon", "coordinates": [[[[55.900491509564816, 25.094610408263797], [55.90048119579459, 25.094461197962687], [55.900464029503695, 25.094312511830505], [55.90044004083218, 25.094164610710965], [55.90040927188829, 25.094017754069647], [55.900371776674504, 25.09387219953887], [55.90032762099262, 25.093728202465744], [55.900276882328086, 25.09358601546425], [55.900219649714046, 25.093445887972123], [55.90015602357495, 25.09330806581325], [55.900086115550124, 25.09317279076656], [55.900010048298036, 25.093040300141745], [55.899927955280745, 25.092910826363237], [55.899839980529826, 25.092784596562257], [55.899746278393536, 25.092661832178653], [55.899647013266026, 25.092542748572363], [55.89954235929874, 25.092427554645692], [55.899432500095045, 25.092316452476908], [55.89931762838789, 25.092209636965812], [55.899197945701836, 25.092107295491903], [55.89907366199938, 25.092009607585673], [55.89894499531274, 25.091916744613854], [55.89881217136122, 25.091828869478718], [55.898675423155474, 25.09174613633244], [55.89853499058862, 25.09166869030673], [55.89839112001546, 25.0915966672583], [55.89824406382046, 25.091530193530563], [55.898094079975024, 25.091469385732132], [55.89794143158499, 25.091414350532183], [55.89778638642926, 25.0913651844735], [55.897629216490074, 25.091321973803076], [55.89747019747608, 25.09128479432091], [55.89730960833871, 25.091253711247035], [55.89714773078299, 25.091228779107194], [55.89698484877348, 25.091210041637098], [55.89682124803633, 25.091197531705866], [55.896657215558136, 25.0911912712583], [55.89649303908265, 25.091191271276447], [55.8963290066061, 25.09119753176022], [55.89616540587229, 25.091210041727575], [55.896002523867786, 25.091228779233642], [55.8958406463187, 25.091253711409237], [55.89568005718957, 25.091284794518575], [55.895521038185485, 25.09132197403588], [55.89536386825784, 25.091365184741], [55.895208823115205, 25.091414350833922], [55.89505617473982, 25.09146938606759], [55.89490619091057, 25.091530193899136], [55.894759134733285, 25.091596667659324], [55.8946152641793, 25.09166869073956], [55.894474831633055, 25.091746136796264], [55.89433808344935, 25.091828869972755], [55.89420525952126, 25.09191674513721], [55.8940765928593, 25.092009608137456], [55.89395230918287, 25.09210729607112], [55.893832626524045, 25.092209637571468], [55.89371775484536, 25.092316453107937], [55.893607895671245, 25.092427555300993], [55.893503241734635, 25.09254274925077], [55.89340397663885, 25.092661832878985], [55.89331027453527, 25.092784597283273], [55.89322229981796, 25.092910827103672], [55.893140206835135, 25.09304030090033], [55.893064139618325, 25.09317279154195], [55.892994231629544, 25.093308066604095], [55.89293060552715, 25.093445888776998], [55.89287337295043, 25.09358601628177], [55.892822634323764, 25.09372820329448], [55.89277847868022, 25.093872200377348], [55.89274098350519, 25.094017754916408], [55.892710214600434, 25.09416461156451], [55.892686225968305, 25.09431251268936], [55.892669059717, 25.09446119882533], [55.892658745986516, 25.094610409128748], [55.892655302895434, 25.094759881835447], [55.89265873650917, 25.094909354720013], [55.89266904082904, 25.09505856555571], [55.892686197802554, 25.095207252574657], [55.89271017735511, 25.09535515492696], [55.89274093744241, 25.095502013138358], [55.89277842412411, 25.09564756956556], [55.89282257165824, 25.09579156884814], [55.89287330261649, 25.095933758356583], [55.89293052801975, 25.096073888635644], [55.89299414749422, 25.09621171384181], [55.89306404944725, 25.096346992174844], [55.89314011126301, 25.09647948630193], [55.893222199517574, 25.096608963774166], [55.893310170212715, 25.096735197434324], [55.89340386902868, 25.096857965815516], [55.89350313159462, 25.096977053529805], [55.89360778377698, 25.09709225164603], [55.893717641985006, 25.09720335805659], [55.8938325134927, 25.097310177831854], [55.89395219677686, 25.097412523562475], [55.89407648187082, 25.09751021568804], [55.89420515073263, 25.097603082812284], [55.89433797762768, 25.09769096200379], [55.89447472952471, 25.097773699081912], [55.894615166504714, 25.09785114888738], [55.89475904218189, 25.097923175536963], [55.894906104135984, 25.09798965266197], [55.89505609435525, 25.098050463630006], [55.89520874968906, 25.098105501749618], [55.895363802309866, 25.098154670457568], [55.895520980183065, 25.098197883488275], [55.8956800075443, 25.098235065025175], [55.89584060538367, 25.098266149833794], [55.896002491935064, 25.098291083376335], [55.89616538317079, 25.0983098219071], [55.89632899330007, 25.098322332549625], [55.89649303527036, 25.098328593354058], [55.89665722127136, 25.098328593335914], [55.89682126323996, 25.09832233249525], [55.896984873365874, 25.098309821816606], [55.89714776459664, 25.098291083249855], [55.897309651141406, 25.09826614967158], [55.897470248972475, 25.098235064827474], [55.89762927632384, 25.09819788325546], [55.89778645418548, 25.098154670190024], [55.8979415067932, 25.098105501447836], [55.89809416211236, 25.098050463294513], [55.89824415231542, 25.09798965229336], [55.89839121425184, 25.097923175135875], [55.89853508990982, 25.097851148454513], [55.89867552686917, 25.09777369861803], [55.89881227874415, 25.097690961509695], [55.89894510561581, 25.097603082288856], [55.89907377445288, 25.097510215136193], [55.89919805952084, 25.09741252298318], [55.89931774277773, 25.09731017722613], [55.89943261425696, 25.09720335742549], [55.899542472435364, 25.097092250990706], [55.89964712458706, 25.09697705285133], [55.89974638712128, 25.096857965115134], [55.899840085904565, 25.096735196713222], [55.89992805656609, 25.09660896303364], [55.90001014478615, 25.09647948554329], [55.900086206566606, 25.096346991399397], [55.900156108483614, 25.096211713050934], [55.900219727921375, 25.0960738878307], [55.9002769532873, 25.09593375753903], [55.90032768420766, 25.095791568019358], [55.90037183170347, 25.095647568727056], [55.90040931834637, 25.09550201229156], [55.90044007839456, 25.095355154073374], [55.90046405790776, 25.0952072517158], [55.900481214841655, 25.095058564693066], [55.90049151912177, 25.094909353855083], [55.90049495269571, 25.094759880969747], [55.900491509564816, 25.094610408263797]]]]}}, {"type": "Feature", "properties": {"field_id": 25, "diam_km": 0.798625401028369, "status": "active", "active_frac": 0.92, "mean_prob": 0.554, "uncertainty_frac": 0.057, "area_ha": 50.13, "active_area_ha": 46.13, "credit_score": 82, "threshold": 0.5, "prob_hist": [0.0, 0.0, 0.0, 0.0, 0.0, 0.0, 0.0, 0.0004, 0.0084, 0.071, 0.2841, 0.6124, 0.0237, 0.0, 0.0, 0.0, 0.0, 0.0, 0.0, 0.0]}, "geometry": {"type": "MultiPolygon", "coordinates": [[[[55.892536839806674, 25.094407240708396], [55.89252642175256, 25.09425652183882], [55.89250908190848, 25.094106332438685], [55.892484850719406, 25.09395693598882], [55.89245377071955, 25.093808594578114], [55.8924158964576, 25.093661568443526], [55.89237129440071, 25.093516115513793], [55.89232004281796, 25.09337249095687], [55.892262231642654, 25.093230946732305], [55.8921979623146, 25.093091731149258], [55.892127347601956, 25.092955088430983], [55.89205051140321, 25.09282125828645], [55.89196758852971, 25.092690475489825], [55.89187872446916, 25.092562969468606], [55.89178407513016, 25.09243896390138], [55.891683806568764, 25.092318676325288], [55.89157809469693, 25.09220231775462], [55.89146712497402, 25.09209009231056], [55.891351092081315, 25.091982196863313], [55.89123019958043, 25.091878820686745], [55.891104659556305, 25.091780145126325], [55.890974692245045, 25.091686343281243], [55.89084052564764, 25.09159757970066], [55.890702395130035, 25.091514010095132], [55.89056054301016, 25.091435781063623], [55.890415218132965, 25.091363029836312], [55.890266675434006, 25.091295884033904], [55.8901151754922, 25.091234461443808], [55.88996098407281, 25.091178869813653], [55.88980437166135, 25.091129206662195], [55.88964561298918, 25.091085559108382], [55.88948498655165, 25.091048003718516], [55.88932277411976, 25.091016606372], [55.88915926024585, 25.090991422145773], [55.88899473176471, 25.09097249521779], [55.88882947729043, 25.09095985878947], [55.88866378671031, 25.090953535027484], [55.888497950676495, 25.0909535350249], [55.88833226009614, 25.090959858781726], [55.888167005621376, 25.09097249520492], [55.88800247713953, 25.090991422127768], [55.887838963264684, 25.091016606348905], [55.88767675083161, 25.09104800369036], [55.8875161243927, 25.091085559075253], [55.88735736571887, 25.091129206624103], [55.88720075330556, 25.091178869770697], [55.88704656188407, 25.09123446139604], [55.88689506193996, 25.091295883981417], [55.886746519238464, 25.091363029779203], [55.88660119435856, 25.091435781001987], [55.886459342235725, 25.09151401002909], [55.886321211714986, 25.091597579630303], [55.886187045114255, 25.09168634320672], [55.88605707779948, 25.091780145047785], [55.88593153777165, 25.091878820604265], [55.88581064526687, 25.091982196777064], [55.88569461237011, 25.092090092220687], [55.88558364264298, 25.092202317661304], [55.88547793076679, 25.09231867622868], [55.885377662200874, 25.092438963801648], [55.885283012857265, 25.092562969365943], [55.88519414879192, 25.092690475384366], [55.885111225913484, 25.09282125817844], [55.8850343897097, 25.09295508832056], [55.884963774991924, 25.093091731036612], [55.884899505658666, 25.093230946617677], [55.88484169447807, 25.093372490840462], [55.88479044288989, 25.093516115395797], [55.884745840827556, 25.09366156832412], [55.88470796656006, 25.093808594457503], [55.88467688655462, 25.09395693586729], [55.88465265535996, 25.094106332316386], [55.884635315510245, 25.094256521715995], [55.88462489745047, 25.094407240585245], [55.88462141948282, 25.09455822451347], [55.88462488773433, 25.09470920862406], [55.884635296146094, 25.094859928039075], [55.88465262648358, 25.095010118343996], [55.88467684836845, 25.095159516051666], [55.884707919331824, 25.09530785906436], [55.88474578488837, 25.095454887133894], [55.884790378632, 25.095600342317937], [55.88484162235193, 25.095743969432757], [55.884899426169994, 25.09588551650088], [55.884963688698015, 25.096024735193136], [55.88503429721552, 25.096161381264476], [55.88511112786752, 25.096295214982437], [55.885194045881526, 25.096426001547815], [55.88528290580393, 25.09655351150661], [55.88537755175514, 25.09667752115267], [55.88547781770291, 25.096797812920215], [55.88558352775358, 25.09691417576557], [55.88569449646057, 25.09702640553754], [55.88581052914975, 25.09713430533557], [55.885931422260924, 25.097237685855315], [55.88605696370482, 25.0973363657208], [55.886186933235415, 25.097430171802664], [55.88632110283613, 25.097518939522036], [55.886459237120015, 25.097602513139293], [55.88660109374268, 25.097680746027333], [55.88674642382755, 25.097753500928945], [55.886894972402594, 25.097820650197686], [55.88704647884767, 25.097882076021744], [55.88720067735192, 25.09793767063089], [55.88735729738009, 25.097987336485417], [55.88751606414742, 25.098030986447487], [55.887676699101746, 25.098068543933827], [55.88783892041238, 25.09809994305037], [55.88800244346466, 25.09812512870772], [55.88816698135946, 25.098144056717953], [55.88833224541664, 25.098156693872017], [55.88849794568165, 25.09816301799813], [55.88866379143448, 25.09816301800071], [55.88882949169971, 25.098156693879748], [55.88899475575737, 25.09814405673084], [55.889159293652874, 25.098125128725723], [55.889322816706105, 25.098099943073482], [55.88948503801791, 25.09806854396197], [55.88964567297365, 25.098030986480634], [55.889804439742626, 25.097987336523534], [55.88996105977265, 25.09793767067386], [55.890115258278975, 25.097882076069535], [55.89026676472637, 25.097820650250185], [55.890415313303954, 25.09775350098606], [55.89056064339157, 25.097680746088972], [55.89070250001714, 25.09760251320535], [55.89084063430417, 25.097518939592394], [55.890974803908215, 25.097430171877207], [55.891104773442315, 25.0973363657994], [55.89123031488996, 25.097237685937813], [55.89135120800497, 25.09713430542183], [55.891467240698226, 25.097026405627396], [55.89157820940943, 25.09691417585889], [55.891683919464455, 25.096797813016828], [55.89178418541673, 25.096677521252413], [55.89187883137262, 25.096553511609294], [55.89196769129982, 25.096426001653256], [55.89205060931872, 25.09629521509047], [55.89212743997577, 25.096161381374902], [55.892198048498386, 25.09602473530575], [55.89226231103163, 25.095885516615496], [55.892320114855046, 25.095743969549194], [55.89237135858038, 25.09560034243596], [55.892415952329436, 25.095454887253283], [55.89245381789153, 25.095307859184945], [55.892484888860444, 25.095159516173194], [55.892509110750936, 25.09501011846632], [55.89252644109405, 25.094859928161906], [55.89253684951149, 25.094709208747243], [55.892540317768685, 25.094558224636767], [55.892536839806674, 25.094407240708396]]]]}}, {"type": "Feature", "properties": {"field_id": 26, "diam_km": 0.790011439713236, "status": "active", "active_frac": 0.848, "mean_prob": 0.543, "uncertainty_frac": 0.103, "area_ha": 48.93, "active_area_ha": 41.48, "credit_score": 77, "threshold": 0.5, "prob_hist": [0.0, 0.0, 0.0, 0.0, 0.0, 0.0, 0.0, 0.0016, 0.019, 0.1316, 0.3664, 0.4275, 0.0538, 0.0, 0.0, 0.0, 0.0, 0.0, 0.0, 0.0]}, "geometry": {"type": "MultiPolygon", "coordinates": [[[[55.88891336873069, 25.087806001635393], [55.88890306361058, 25.08765690828388], [55.88888591172568, 25.08750833869103], [55.88886194319065, 25.087360553496033], [55.888831200078435, 25.087213811961085], [55.88879373634605, 25.087068371516594], [55.8887496177401, 25.086924487309574], [55.88869892168098, 25.08678241175599], [55.88864173712698, 25.086642394098032], [55.88857816441819, 25.08650467996698], [55.88850831510029, 25.086369510952192], [55.888432311728515, 25.086237124177423], [55.888350287653005, 25.08610775188484], [55.88826238678431, 25.08598162102777], [55.88816876334105, 25.08585895287245], [55.88806958157929, 25.08573996260997], [55.887965015504236, 25.08562485897893], [55.887855248565025, 25.085513843899218], [55.88774047333275, 25.085407112117863], [55.887620891162726, 25.085304850867498], [55.88749671184112, 25.085207239537926], [55.88736815321699, 25.085114449361516], [55.88723544082019, 25.085026643112855], [55.88709880746556, 25.084943974823304], [55.88695849284478, 25.084866589510813], [55.88681474310579, 25.0847946229256], [55.88666781042106, 25.084728201312053], [55.8865179525454, 25.084667441187328], [55.886365432363625, 25.08461244913702], [55.88621051742977, 25.08456332162821], [55.88605347949771, 25.08452014484029], [55.88589459404444, 25.084482994513827], [55.885734139787225, 25.08445193581772], [55.88557239819443, 25.084427023234934], [55.88540965299222, 25.084408300466883], [55.885246189666745, 25.084395800356926], [55.88508229496356, 25.084389544832593], [55.88491825638476, 25.0843895448673], [55.88475436168476, 25.084395800460978], [55.88459089836567, 25.08440830064014], [55.884428153173, 25.08442702347705], [55.88426641159295, 25.084451936128325], [55.884105957351544, 25.08448299489235], [55.88394707191726, 25.08452014528606], [55.883790034007205, 25.084563322140443], [55.88363511909845, 25.084612449714818], [55.88348259894474, 25.084667441829662], [55.883332741100055, 25.084728202017825], [55.88318580844922, 25.08479462369357], [55.88304205874695, 25.084866590339626], [55.88290174416567, 25.084943975711486], [55.88276511085324, 25.085026644058882], [55.882632398501215, 25.08511445036372], [55.88250383992445, 25.085207240594556], [55.88237966065265, 25.08530485197667], [55.882260078534806, 25.08540711327765], [55.88214530335702, 25.08551384510756], [55.882035536474476, 25.085624860233747], [55.88193097045815, 25.085739963909038], [55.88183178875712, 25.0858589542135], [55.881738165376454, 25.085981622408458], [55.881650264572116, 25.086107753302752], [55.88156824056263, 25.08623712563001], [55.881492237258435, 25.08636951243697], [55.8814223880095, 25.08650468148131], [55.88135881537097, 25.08664239563928], [55.88130163088845, 25.086782413321444], [55.88125093490182, 25.08692448889649], [55.88120681636932, 25.087068373122204], [55.8811693527112, 25.087213813582537], [55.88113860967384, 25.087360555130484], [55.88111464121424, 25.087508340335653], [55.88109748940515, 25.087656909935763], [55.881087184361135, 25.08780600329164], [55.88108374418553, 25.08795535884424], [55.8810871749386, 25.088104714573657], [55.881097470626564, 25.08825380845873], [55.88111461321212, 25.0884023789367], [55.88113857264579, 25.088550165362143], [55.88116930691854, 25.08869690846424], [55.88120676213527, 25.088842350801585], [55.88125087260918, 25.088986237213927], [55.88130156097689, 25.08912831526978], [55.88135873833407, 25.089268335709416], [55.881422304391045, 25.089406052882094], [55.88149214764896, 25.089541225177044], [55.88156814559485, 25.089673615447552], [55.881650164916834, 25.089802991426872], [55.88173806173761, 25.089929126135903], [55.88183168186698, 25.09005179828138], [55.88193086107211, 25.090170792644127], [55.88203542536569, 25.090285900456873], [55.882145191311146, 25.09039691977038], [55.88225996634429, 25.090503655807932], [55.88237954911133, 25.090605921307], [55.882503729821735, 25.090703536848004], [55.882632290616826, 25.090796331169084], [55.882765005951505, 25.09088414146649], [55.882901642990305, 25.090966813680513], [55.883041962015675, 25.09104420276566], [55.883185716848864, 25.091116172945277], [55.88333265528156, 25.091182597949743], [55.88348251951875, 25.091243361238117], [55.88363504663093, 25.091298356202607], [55.88378996901545, 25.0913474863557], [55.88394701486621, 25.09139066549947], [55.88410590865058, 25.09142781787683], [55.88426637159301, 25.09145887830446], [55.884428122164074, 25.09148379228728], [55.88459087657473, 25.091502516114012], [55.8847543492742, 25.091515016933926], [55.88491825345113, 25.091521272814447], [55.88508230153704, 25.09152127277974], [55.88524620571081, 25.091515016829824], [55.88540967840388, 25.09150251594072], [55.88557243280498, 25.0914837920451], [55.88573418336331, 25.091458877993812], [55.88589464628989, 25.091427817498253], [55.88605354005531, 25.09139066505365], [55.88621058588404, 25.091347485843404], [55.88636550824346, 25.091298355624748], [55.88651803532754, 25.091243360595673], [55.88666789953374, 25.091182597243876], [55.886814837932526, 25.09111617217722], [55.88695859272895, 25.09104420193675], [55.88709891171483, 25.0909668127922], [55.88723554871142, 25.090884140520366], [55.887368264001324, 25.09079633016676], [55.88749682474903, 25.090703535791295], [55.887621005409635, 25.090605920197707], [55.88774058812441, 25.090503654648018], [55.887855363103085, 25.090396918561908], [55.887965128991894, 25.090285899201962], [55.888069693226726, 25.09017079134494], [55.888168872371125, 25.090051796940195], [55.88826249243785, 25.08992912475511], [55.888350389194265, 25.08980299000889], [55.8884324084502, 25.08967361399483], [55.88850840632852, 25.08954122369216], [55.88857824951742, 25.089406051367654], [55.888641815504116, 25.08926833416809], [55.888698992789806, 25.089128313704258], [55.88874968108502, 25.088986235626912], [55.8887937914855, 25.088842349195914], [55.88883124662798, 25.088696906842724], [55.88886198082586, 25.088550163727632], [55.888885940184096, 25.08840237729205], [55.88890308269381, 25.088253806806815], [55.88891337830569, 25.08810471291738], [55.8889168089825, 25.087955357186537], [55.88891336873069, 25.087806001635393]]]]}}, {"type": "Feature", "properties": {"field_id": 27, "diam_km": 0.797680034450936, "status": "active", "active_frac": 0.629, "mean_prob": 0.512, "uncertainty_frac": 0.274, "area_ha": 50.03, "active_area_ha": 31.48, "credit_score": 61, "threshold": 0.5, "prob_hist": [0.0, 0.0, 0.0, 0.0, 0.0, 0.0, 0.0, 0.0116, 0.0714, 0.2878, 0.4213, 0.1925, 0.0154, 0.0, 0.0, 0.0, 0.0, 0.0, 0.0, 0.0]}, "geometry": {"type": "MultiPolygon", "coordinates": [[[[55.89698427469826, 25.0880279953692], [55.89697386949787, 25.087877454783502], [55.8969565510596, 25.08772744304164], [55.896932349790795, 25.087578223312768], [55.89690130817307, 25.087430057375773], [55.896863480687735, 25.087283205159775], [55.896818933719814, 25.087137924288438], [55.89676774544166, 25.086994469627815], [55.89671000567553, 25.086853092839455], [55.89664581573586, 25.086714041938812], [55.89657528825151, 25.086577560860256], [55.89649854696783, 25.08644388902919], [55.89641572652968, 25.08631326094205], [55.896326972245014, 25.086185905754988], [55.89623243982981, 25.08606204688198], [55.89613229513498, 25.085941901602844], [55.89602671385513, 25.085825680682284], [55.895915881220546, 25.085713587999994], [55.89579999167194, 25.085605820193354], [55.895679248519535, 25.085502566312275], [55.895553863586194, 25.08540400748775], [55.895424056836006, 25.085310316614166], [55.8952900559883, 25.085221658046056], [55.89515209611822, 25.085138187309795], [55.89501041924435, 25.08506005083088], [55.894865273904266, 25.08498738567721], [55.89471691471858, 25.08492031931845], [55.894565601944265, 25.08485896940271], [55.89441160101832, 25.084803443550086], [55.89425518209213, 25.084753839164037], [55.89409661955765, 25.08471024326038], [55.893936191566176, 25.084672732314825], [55.89377417954065, 25.08464137212886], [55.89361086768189, 25.084616217714203], [55.89344654247034, 25.08459731319655], [55.89328149216356, 25.084584691737977], [55.89311600629076, 25.084578375478902], [55.89295037514499, 25.084578375499273], [55.89278488927405, 25.084584691799048], [55.89261983897102, 25.084597313298193], [55.89245551376507, 25.084616217856265], [55.892292201913754, 25.084641372311058], [55.892130189897536, 25.084672732536887], [55.89196976191721, 25.084710243521883], [55.89181119939563, 25.084753839464543], [55.89165478048413, 25.084803443889058], [55.89150077957468, 25.08485896977955], [55.89134946681855, 25.084920319732493], [55.89120110765274, 25.084987386127743], [55.8910559623342, 25.08506005131714], [55.89091428548351, 25.085138187830864], [55.89077632563816, 25.085221658601057], [55.89064232481674, 25.085310317202122], [55.89051251809431, 25.085404008107616], [55.89038713319022, 25.085502566962965], [55.890266390068426, 25.085605820873738], [55.8901505005518, 25.085713588708895], [55.89003966795045, 25.085825681418417], [55.88993408670505, 25.085941902364986], [55.88983394204584, 25.08606204766873], [55.88973940966735, 25.08618590656498], [55.88965065542044, 25.086313261773874], [55.88956783502101, 25.086443889881377], [55.889491093777, 25.086577561731332], [55.88942056633308, 25.086714042827225], [55.889356376434655, 25.086853093743642], [55.889298636710464, 25.086994470546202], [55.889247448474826, 25.087137925219405], [55.889202901550014, 25.08728320610171], [55.889165074108206, 25.087430058327012], [55.88913403253444, 25.087578224271674], [55.88910983130987, 25.08772744400646], [55.88909251291608, 25.08787745575259], [55.88908210776033, 25.088027996340834], [55.88907863412214, 25.088178801673315], [55.889082098120895, 25.08832960718668], [55.889092493704986, 25.08848014831635], [55.88910980266238, 25.088630160960594], [55.889133994652205, 25.08877938194391], [55.88916502725788, 25.08892754947867], [55.88920284606139, 25.08907440362446], [55.88924738473853, 25.08921968674417], [55.889298565175125, 25.089363143955886], [55.889356297603946, 25.089504523580217], [55.889420480761984, 25.089643577581818], [55.88949100206801, 25.089780062004557], [55.88956773781996, 25.089913737399563], [55.889650553411755, 25.090044369245433], [55.88973930356948, 25.090171728359625], [55.88983383260611, 25.09029559130065], [55.889933974694394, 25.090415740760086], [55.890039554158, 25.090531965944006], [55.89015038577942, 25.090644062942683], [55.89026627512504, 25.090751835088586], [55.890387018886074, 25.0908550933013], [55.890512405235334, 25.09095365641947], [55.89064221419887, 25.09104735151859], [55.89077621804177, 25.09113601421447], [55.890914181667945, 25.09121948895181], [55.89105586303239, 25.09129762927699], [55.891201013566075, 25.09137029809524], [55.891349378611984, 25.091437367911112], [55.891500697871955, 25.09149872105226], [55.89165470586356, 25.091554249875912], [55.891811132385875, 25.09160385695787], [55.891969702993606, 25.091647455263388], [55.89213013947883, 25.091684968299827], [55.89229216035907, 25.091716330251124], [55.89245548137137, 25.091741486093113], [55.89261981597108, 25.091760391690134], [55.89278487583484, 25.09177301387252], [55.89295037136632, 25.091779330494735], [55.89311601220479, 25.09177933047438], [55.893281507734415, 25.09177301381145], [55.893446567594374, 25.091760391588476], [55.89361090218852, 25.091741485951047], [55.893774223193354, 25.091716330068877], [55.893936244064285, 25.091684968077733], [55.89409668053839, 25.091647455001834], [55.8942552511332, 25.091603856657333], [55.89441167764078, 25.091554249536898], [55.89456568561592, 25.091498720675375], [55.89471700485771, 25.091437367497], [55.89486536988371, 25.09137029764465], [55.895010520395836, 25.09129762879071], [55.89515220173713, 25.0912194884307], [55.895290165338515, 25.091136013659412], [55.89542416915517, 25.091047350930566], [55.895553978090895, 25.090953655799535], [55.895679364410924, 25.09085509265054], [55.895800108141316, 25.090751834408117], [55.89591599745496, 25.090644062233725], [55.896026829043166, 25.090531965207767], [55.896132408472305, 25.09041573999788], [55.89623255052498, 25.090295590513815], [55.896327079524845, 25.090171727549563], [55.89641582964482, 25.09004436841355], [55.89649864519788, 25.089913736547338], [55.89657538091014, 25.089780061133446], [55.8966459021757, 25.08964357669334], [55.8967100852925, 25.08950452267597], [55.8967678176794, 25.089363143037446], [55.89681899807345, 25.089219685813124], [55.89686353670751, 25.089074402682474], [55.896901355467456, 25.08892754852737], [55.896932388029214, 25.088779380985002], [55.896956579974756, 25.088630159995752], [55.89697388888767, 25.088480147347248], [55.89698428442714, 25.088329606215023], [55.896987748381164, 25.08817880070081], [55.89698427469826, 25.0880279953692]]]]}}, {"type": "Feature", "properties": {"field_id": 28, "diam_km": 0.787191068278546, "status": "active", "active_frac": 0.822, "mean_prob": 0.531, "uncertainty_frac": 0.131, "area_ha": 48.65, "active_area_ha": 39.98, "credit_score": 74, "threshold": 0.5, "prob_hist": [0.0, 0.0, 0.0, 0.0, 0.0, 0.0, 0.0, 0.0, 0.0103, 0.1679, 0.5124, 0.3094, 0.0, 0.0, 0.0, 0.0, 0.0, 0.0, 0.0, 0.0]}, "geometry": {"type": "MultiPolygon", "coordinates": [[[[55.90500126565813, 25.088269391321052], [55.90499099733909, 25.088120830244996], [55.90497390667245, 25.08797279105583], [55.90495002366534, 25.08782553346223], [55.904919390240416, 25.087679315800912], [55.904882060162194, 25.087534394583205], [55.904838098942584, 25.08739102404522], [55.90478758372571, 25.087249455701855], [55.90473060315248, 25.087109937905556], [55.904667257205034, 25.086972715410663], [55.90459765703101, 25.08683802894413], [55.90452192474858, 25.086706114783222], [55.90444019323211, 25.086577204341076], [55.904352605878806, 25.086451523760775], [55.904259316357255, 25.08632929351869], [55.904160488337624, 25.086210728037816], [55.90405629520447, 25.086096035311574], [55.903946919752656, 25.085985416539046], [55.903832553866486, 25.085879065772122], [55.90371339818303, 25.085777169575064], [55.903589661740384, 25.085679906697287], [55.9034615616106, 25.08558744776001], [55.9033293225192, 25.08549995495673], [55.90319317645083, 25.085417581769043], [55.90305336224229, 25.085340472697233], [55.90291012516377, 25.085268763006987], [55.902763716488415, 25.08520257849204], [55.90261439305181, 25.085142035253728], [55.90246241680138, 25.085087239497152], [55.90230805433705, 25.08503828734511], [55.902151576443536, 25.084995264669402], [55.90199325761561, 25.084958246940275], [55.901833375576516, 25.084927299094], [55.901672210790956, 25.084902475419174], [55.90151004597336, 25.084883819461265], [55.90134716559185, 25.08487136394638], [55.90118385536951, 25.084865130723905], [55.90102040178315, 25.08486513072807], [55.90085709156118, 25.084871363958896], [55.900694211180436, 25.084883819482094], [55.900532046364, 25.084902475448303], [55.90037088157999, 25.084927299131362], [55.900210999542765, 25.08495824698578], [55.90005268071711, 25.084995264723016], [55.89989620282626, 25.085038287406725], [55.89974184036493, 25.08508723956665], [55.899589864117885, 25.085142035330993], [55.899440540685035, 25.085202578576954], [55.89929413201377, 25.085268763099347], [55.89915089493962, 25.085340472796922], [55.89901108073585, 25.08541758187588], [55.898874934672556, 25.085499955070514], [55.898742695586535, 25.085587447880553], [55.89861459546248, 25.08567990682439], [55.8984908590258, 25.085777169708475], [55.89837170334862, 25.08587906591162], [55.898257337469, 25.08598541668439], [55.89814796202399, 25.086096035462507], [55.89804376889793, 25.086210728194082], [55.897944940885566, 25.086329293679995], [55.897851651371546, 25.08645152392684], [55.89776406402601, 25.086577204511634], [55.897682332517476, 25.08670611495795], [55.89760660024316, 25.08683802912274], [55.897537000077435, 25.086972715592832], [55.89747365413843, 25.087109938090947], [55.89741667357383, 25.08724945589016], [55.897366158365664, 25.087391024236098], [55.89732219715487, 25.08753439477633], [55.897284867085595, 25.08767931599595], [55.89725423366967, 25.087825533658854], [55.89723035067164, 25.087972791253655], [55.89721326001414, 25.08812083044371], [55.89720299170423, 25.08826939152027], [55.897199563780724, 25.088418213858166], [55.897202982282124, 25.088567036372872], [55.897213241235995, 25.0887155979787], [55.89723032266932, 25.088863638046693], [55.89725419663977, 25.08901089686195], [55.897284821288004, 25.08915711607929], [55.89732214291105, 25.089302039176403], [55.89736609605641, 25.08944541190402], [55.89741660363649, 25.08958698273187], [55.897473577064, 25.089726503290095], [55.89753691640694, 25.08986372880495], [55.89760651056397, 25.08999841852833], [55.897682237459065, 25.090130336160122], [55.8977639642558, 25.090259250262843], [55.897851547589894, 25.09038493466772], [55.89794483382108, 25.09050716887155], [55.89804365930222, 25.090625738423576], [55.898147850666554, 25.090740435301804], [55.89825722513168, 25.090851058278034], [55.89837159082017, 25.09095741327087], [55.89849074709633, 25.09105931368645], [55.89861448491797, 25.091156580745736], [55.89874258720329, 25.09124904379821], [55.898874829211685, 25.09133654062144], [55.89901097893802, 25.091418917705724], [55.89915079751989, 25.091496030523388], [55.8992940396564, 25.091567743782488], [55.899440454038896, 25.091633931664244], [55.89958978379183, 25.09169447804373], [55.899741766923384, 25.091749276693765], [55.89989613678546, 25.091798231471323], [55.900052622541395, 25.091841256486127], [55.900210949641284, 25.09187827625159], [55.90037084030389, 25.09190922581705], [55.90053201400393, 25.091934050881957], [55.90069418796455, 25.091952707891046], [55.90085707765346, 25.091965164110842], [55.90102039728229, 25.091971397687008], [55.90118386030818, 25.09197139768282], [55.901347179936636, 25.091965164098294], [55.90151006962478, 25.091952707870202], [55.90167224358424, 25.091934050852828], [55.90183341728275, 25.091909225779684], [55.901993307943435, 25.09187827620605], [55.902151635041065, 25.091841256432513], [55.90230812079433, 25.091798231409708], [55.90246249065338, 25.09174927662427], [55.90261447378157, 25.091694477966453], [55.902763803530775, 25.09163393157933], [55.902910217909195, 25.091567743690096], [55.9030534600413, 25.091496030423663], [55.90319327861838, 25.091418917598865], [55.90332942833969, 25.09133654050764], [55.90346167034266, 25.091249043677646], [55.903589772622276, 25.091156580618634], [55.90371351043794, 25.091059313553032], [55.903832666707785, 25.09095741313136], [55.903947032389745, 25.09085105813265], [55.90405640684805, 25.090740435150845], [55.9041605982053, 25.090625738267295], [55.90425942367914, 25.090507168710246], [55.90435270990279, 25.090384934501635], [55.904440293229214, 25.090259250092284], [55.90452202001795, 25.090130335985382], [55.90459774690493, 25.089998418349722], [55.90466734105366, 25.089863728622795], [55.90473068038813, 25.089726503104682], [55.904787653807034, 25.089586982543562], [55.904838161378414, 25.089445411713147], [55.90488211451493, 25.089302038983288], [55.90491943612908, 25.089157115884248], [55.90495006076828, 25.089010896665354], [55.90497393472963, 25.088863637848863], [55.90499101615385, 25.088715597779995], [55.905001275098606, 25.088567036173657], [55.90500469359081, 25.088418213658763], [55.90500126565813, 25.088269391321052]]]]}}, {"type": "Feature", "properties": {"field_id": 29, "diam_km": 0.795078813580977, "status": "inactive", "active_frac": 0.134, "mean_prob": 0.465, "uncertainty_frac": 0.666, "area_ha": 49.63, "active_area_ha": 6.65, "credit_score": 27, "threshold": 0.5, "prob_hist": [0.0, 0.0, 0.0, 0.0, 0.0, 0.0, 0.0004, 0.0199, 0.297, 0.5487, 0.134, 0.0, 0.0, 0.0, 0.0, 0.0, 0.0, 0.0, 0.0, 0.0]}, "geometry": {"type": "MultiPolygon", "coordinates": [[[[55.91309219007679, 25.088813857152783], [55.91308181891622, 25.0886638074832], [55.91306455701691, 25.08851428492623], [55.91304043468693, 25.088365551792798], [55.91300949426923, 25.08821786900818], [55.91297179006742, 25.088071495653907], [55.91292738825011, 25.087926688513587], [55.912876366734885, 25.08778370162223], [55.91281881505127, 25.087642785820808], [55.912754834183616, 25.087504188316117], [55.91268453639389, 25.087368152247123], [55.912608045024406, 25.087234916258602], [55.912525494281475, 25.087104714082432], [55.91243702899978, 25.08697777412766], [55.91234280438833, 25.086854319079837], [55.91224298575788, 25.086734565510433], [55.912137748231075, 25.086618723496986], [55.91202727643496, 25.086506996254645], [55.91191176417737, 25.086399579779606], [55.91179141410648, 25.0862966625056], [55.91166643735566, 25.086198424973144], [55.91153705317289, 25.086105039513043], [55.9114034885362, 25.086016669944065], [55.911265977755555, 25.08593347128571], [55.91112476206172, 25.085855589486243], [55.9109800891833, 25.085783161166724], [55.91083221291215, 25.08571631338151], [55.9106813926581, 25.085655163395234], [55.91052789299426, 25.085599818477366], [55.9103719831927, 25.085550375713968], [55.91021393675236, 25.085506921837343], [55.91005403091933, 25.085469533074132], [55.90989254620054, 25.08543827501143], [55.90972976587195, 25.08541320248191], [55.909565975481634, 25.085394359467557], [55.909401462349095, 25.08538177902266], [55.9092365150613, 25.08537548321562], [55.90907142296659, 25.08537548309052], [55.90890647566728, 25.085381778647605], [55.908741962511755, 25.085394358843207], [55.90857817208702, 25.085413201609327], [55.90841539171264, 25.085438273892187], [55.90825390693671, 25.085469531710153], [55.90809400103537, 25.085506920231072], [55.907935954515644, 25.085550373868166], [55.90778004462374, 25.085599816395316], [55.907626544858765, 25.085655161080542], [55.907475724493025, 25.085716310838265], [55.90732784809971, 25.085783158399412], [55.90718317508896, 25.08585558649966], [55.90704195925284, 25.085933468085127], [55.906904448320155, 25.0860166665351], [55.906770883521986, 25.086105035901642], [55.9066414991686, 25.086198421165697], [55.90651652223829, 25.086296658508747], [55.90639617197936, 25.086399575600378], [55.906280659525464, 25.086506991900315], [55.90617018752525, 25.08661871897528], [55.90606494978674, 25.086734560829232], [55.90596513093748, 25.086854314247347], [55.905870906100425, 25.086977769152373], [55.90578244058681, 25.087104708973058], [55.90569988960597, 25.08723491102411], [55.90562339799304, 25.08736814689671], [55.90555309995473, 25.087504182859174], [55.90548911883382, 25.08764278026693], [55.90543156689271, 25.08778369598113], [55.90538054511617, 25.08792668279512], [55.90533614303426, 25.088071489868145], [55.90529843856496, 25.088217863165262], [55.90526749787741, 25.08836554590299], [55.905243375275624, 25.08851427899983], [55.905226113103105, 25.08866380153065], [55.905215741668314, 25.088813851184504], [55.90521227919144, 25.08896416472469], [55.90521573177211, 25.089114478450714], [55.90522609337863, 25.089264528660713], [55.90524334585837, 25.08941405211421], [55.90526745896937, 25.08956278649394], [55.90529839043332, 25.08971047086595], [55.905336086009456, 25.089856846137497], [55.90538047958961, 25.090001655511593], [55.90543149331403, 25.090144644937503], [55.905489037707774, 25.090285563556527], [55.90555301183765, 25.09042416414211], [55.90562330348899, 25.09056020353363], [55.90569978936248, 25.090693443063003], [55.905782335290404, 25.09082364897355], [55.90587079647182, 25.090950592829998], [55.90596501772651, 25.091074051919467], [55.906064833767246, 25.091193809642117], [55.90617006948955, 25.09130965589125], [55.906280540279, 25.091421387422088], [55.906396052334905, 25.091528808208263], [55.90651640301044, 25.09163172978585], [55.90664138116801, 25.091729971584165], [55.90677076754975, 25.09182336124244], [55.90690433516225, 25.09191173491246], [55.90704184967466, 25.091994937545994], [55.907183069829976, 25.092072823166873], [55.90732774786837, 25.092145255127214], [55.907475629961795, 25.09221210634717], [55.90762645665952, 25.09227325953793], [55.90777996334327, 25.092328607407644], [55.90793588069176, 25.09237805284953], [55.9080939351531, 25.092421509112423], [55.90825384942495, 25.09245889995304], [55.90841534294117, 25.092490159769635], [55.908578132364056, 25.092515233717283], [55.90874193208182, 25.092534077804004], [55.90890645470945, 25.092546658968082], [55.90907141159346, 25.092552955135933], [55.90923651331815, 25.092552955261063], [55.909401470213666, 25.09254665934318], [55.90956599286431, 25.09253407842847], [55.909729792616496, 25.092515234589975], [55.90989258208523, 25.09249016088905], [55.910054075658564, 25.092458901317183], [55.910213989998766, 25.09242151071893], [55.91037204453952, 25.09237805469557], [55.91052796197838, 25.09232860948999], [55.9106814687633, 25.09227326185293], [55.910832295572796, 25.09221210889074], [55.91098017778841, 25.092145257894906], [55.91112485595918, 25.09207282615381], [55.91126607625688, 25.091994940746954], [55.911403590921346, 25.091911738321844], [55.911537158695324, 25.09182336485424], [55.91166654524779, 25.091729975392045], [55.91179152358491, 25.09163173378315], [55.91191187444853, 25.091528812387942], [55.91202738670077, 25.091421391776816], [55.91213785769441, 25.0913096604134], [55.912243093628476, 25.091193814323738], [55.91234290988807, 25.091074056752365], [55.91243713136838, 25.090950597805687], [55.91252559278179, 25.09082365408328], [55.91260813894769, 25.09069344829783], [55.9126846250647, 25.09056020888435], [55.91275491696464, 25.09042416959935], [55.912818891347804, 25.090285569110744], [55.91287643599909, 25.090144650578907], [55.9129274499848, 25.090001661230293], [55.9129718438296, 25.089856851923475], [55.91300953967326, 25.089710476709048], [55.91304047140708, 25.089562792383898], [55.91306458478989, 25.0894140580407], [55.91308183754289, 25.089264534613346], [55.913092199423616, 25.08911448441904], [55.913095652279, 25.08896417069823], [55.91309219007679, 25.088813857152783]]]]}}, {"type": "Feature", "properties": {"field_id": 30, "diam_km": 0.404602986511781, "status": "active", "active_frac": 0.685, "mean_prob": 0.522, "uncertainty_frac": 0.201, "area_ha": 12.48, "active_area_ha": 8.55, "credit_score": 66, "threshold": 0.5, "prob_hist": [0.0, 0.0, 0.0, 0.0, 0.0, 0.0, 0.0, 0.0, 0.024, 0.2909, 0.4311, 0.242, 0.012, 0.0, 0.0, 0.0, 0.0, 0.0, 0.0, 0.0]}, "geometry": {"type": "MultiPolygon", "coordinates": [[[[55.91703241016011, 25.08751008786495], [55.91702713365973, 25.08743372989031], [55.917018350594375, 25.08735764011177], [55.91700607637893, 25.08728195201602], [55.91699033255281, 25.08720679838484], [55.916971146742156, 25.087132311062202], [55.916948552611245, 25.08705862072286], [55.91692258980352, 25.086985856643157], [55.9168933038718, 25.086914146474296], [55.91686074619856, 25.086843616018378], [55.91682497390563, 25.08677438900769], [55.916786049753924, 25.086706586887665], [55.91674404203337, 25.086640328603853], [55.916699024443105, 25.086575730393246], [55.91665107596201, 25.086512905580413], [55.91660028071031, 25.086451964378657], [55.91654672780194, 25.08639301369672], [55.91649051118811, 25.086336156951262], [55.916431729492516, 25.086281493885444], [55.91637048583841, 25.08622912039384], [55.916306887667524, 25.086179128354505], [55.91624104655172, 25.08613160546748], [55.91617307799719, 25.08608663510127], [55.91610310124186, 25.08604429614634], [55.916031239046156, 25.086004662876917], [55.91595761747777, 25.085967804820623], [55.91588236569046, 25.085933786636527], [55.91580561569743, 25.085902668001726], [55.915727502139895, 25.085874503506723], [55.91564816205078, 25.085849342559598], [55.915567734614406, 25.08582722929938], [55.91548636092239, 25.0858082025186], [55.91540418372606, 25.085792295595294], [55.91532134718619, 25.08577953643443], [55.91523799662002, 25.08576994741892], [55.915154278246376, 25.085763545370448], [55.915070338929326, 25.085760341519887], [55.914986325920346, 25.08576034148763], [55.91490238660031, 25.0857635452737], [55.914818668220775, 25.08576994725787], [55.91473531764571, 25.08577953620936], [55.914652481094016, 25.08579229530658], [55.914570303882954, 25.085808202166756], [55.914488930173306, 25.08582722888504], [55.91440850271647, 25.085849342083478], [55.91432916260403, 25.085874502969656], [55.914251049020415, 25.08590266740464], [55.914174298998574, 25.08593378598047], [55.91409904717975, 25.085967804106787], [55.914025425577236, 25.086004662106536], [55.91395356334485, 25.086044295320747], [55.91388358655027, 25.08608663422192], [55.91381561795409, 25.086131604535918], [55.91374977679427, 25.08617912737235], [55.91368617857707, 25.08622911936285], [55.91362493487447, 25.08628149280739], [55.91356615312825, 25.086336155828086], [55.91350993646176, 25.086393012530344], [55.91345638349877, 25.08645196317113], [55.91340558819065, 25.08651290433388], [55.913357639651345, 25.086575729109864], [55.913312622001236, 25.08664032728589], [55.913270614219314, 25.086706585537442], [55.91323169000481, 25.08677438762755], [55.913195917647755, 25.08684361461078], [55.91316335990919, 25.08691414504167], [55.91313407391105, 25.086985855188022], [55.91310811103591, 25.087058619247788], [55.91308551683677, 25.087132309569803], [55.913066330957115, 25.0872067968777], [55.91305058706136, 25.087281950496752], [55.91303831277583, 25.0873576385831], [55.913029529639985, 25.087433728354878], [55.9130242530689, 25.087510086325455], [55.91302249232593, 25.087586578537366], [55.913024250506595, 25.087663070797387], [55.91302952453303, 25.08773942891195], [55.91303830515924, 25.087815518922653], [55.9130505769875, 25.087891207341148], [55.91306631849508, 25.08796636138336], [55.91308550207218, 25.088040849202468], [55.913108094070125, 25.088114540120273], [55.91313405486051, 25.088187304856273], [55.91316333890453, 25.088259015754748], [55.913195894833066, 25.08832954700842], [55.9132316655365, 25.088398774879483], [55.91327058826504, 25.08846657791639], [55.91331259473879, 25.08853283716723], [55.91335761126734, 25.08859743638816], [55.91340555887921, 25.08866026224755], [55.91345635346031, 25.088721204524795], [55.91350990590143, 25.088780156303542], [55.913566122254615, 25.08883701415948], [55.913624903897976, 25.088891678341696], [55.91368614770865, 25.088944052947664], [55.913749746243795, 25.08899404609164], [55.913815587929015, 25.089041570065756], [55.913883557254124, 25.089086541493927], [55.91395353497577, 25.0891288814782], [55.91402539832676, 25.089168515737164], [55.91409902123127, 25.089205374736235], [55.914174274526246, 25.089239393809745], [55.91425102618782, 25.08927051327435], [55.91432914156312, 25.08929867853372], [55.91440848360647, 25.089323840174394], [55.91448891311983, 25.089345954052565], [55.91457028899704, 25.08936498137126], [55.91465246847138, 25.08938088874872], [55.91473530736618, 25.089393648276808], [55.91481866034765, 25.08940323757], [55.91490238118, 25.08940963980469], [55.914986322981925, 25.08941284374869], [55.9150703384845, 25.089412843780984], [55.91515428028941, 25.08940963990146], [55.915238001127676, 25.089403237731077], [55.91532135411805, 25.089393648501904], [55.91540419302463, 25.089380889037454], [55.915486372513726, 25.08936498172312], [55.91556774840856, 25.089345954466946], [55.915648177942394, 25.089323840650557], [55.915727520009064, 25.089298679070822], [55.915805635410464, 25.089270513871455], [55.915882387100865, 25.089239394465846], [55.91595764042736, 25.08920537545013], [55.916031263366015, 25.08916851650761], [55.91610312675369, 25.089128882303836], [55.916173104514584, 25.089086542373312], [55.91624107388133, 25.089041570997363], [55.916306915610576, 25.08899404707383], [55.91637051419206, 25.08894405397871], [55.91643175805126, 25.08889167941977], [55.91649053974524, 25.088837015282724], [55.91654675615109, 25.08878015746998], [55.91660030864683, 25.08872120573236], [55.916651103284366, 25.088660263494177], [55.91669905095446, 25.088597437671595], [55.916744067542844, 25.08853283848523], [55.91678607407796, 25.088466579266672], [55.91682499686931, 25.088398776259655], [55.91686076763688, 25.088329548416088], [55.91689332363073, 25.08825901718742], [55.9169226077412, 25.088187306311433], [55.916948568598976, 25.088114541595353], [55.916971160665184, 25.088040850694927], [55.916990344311266, 25.087966362890537], [55.91700608588849, 25.087891208860412], [55.917018357786844, 25.087815520451354], [55.91702713848354, 25.087739430447403], [55.91703241258069, 25.087663072336863], [55.9170341708322, 25.087586580078188], [55.91703241016011, 25.08751008786495]]]]}}, {"type": "Feature", "properties": {"field_id": 31, "diam_km": 0.408014678411845, "status": "active", "active_frac": 0.757, "mean_prob": 0.539, "uncertainty_frac": 0.184, "area_ha": 12.26, "active_area_ha": 9.28, "credit_score": 70, "threshold": 0.5, "prob_hist": [0.0, 0.0, 0.0, 0.0, 0.0, 0.0, 0.0, 0.0, 0.031, 0.2121, 0.2904, 0.4282, 0.0383, 0.0, 0.0, 0.0, 0.0, 0.0, 0.0, 0.0]}, "geometry": {"type": "MultiPolygon", "coordinates": [[[[55.915352085826754, 25.084132825945154], [55.91534676498614, 25.084055824069655], [55.91533790810962, 25.083979092651614], [55.9153255307417, 25.083902766303364], [55.9153096546028, 25.083826978926417], [55.915290307551295, 25.083751863476447], [55.9152675235345, 25.083677551730183], [55.915241342528994, 25.083604174054123], [55.91521181047052, 25.08353185917591], [55.915178979173454, 25.083460733958425], [55.91514290623967, 25.083390923177365], [55.915103654957605, 25.08332254930222], [55.915061294191204, 25.083255732281597], [55.91501589825888, 25.083190589332663], [55.91496754680343, 25.083127234735525], [55.914916324652076, 25.083065779632946], [55.91486232166758, 25.08300633183517], [55.91480563259087, 25.082948995630897], [55.91474635687451, 25.08289387160429], [55.91468459850838, 25.082841056458697], [55.914620465837245, 25.082790642846867], [55.9145540713706, 25.082742719208426], [55.91448553158539, 25.082697369614753], [55.91441496672163, 25.082654673621693], [55.9143425005715, 25.082614706129753], [55.914268260262155, 25.08257753725282], [55.914192376032716, 25.082543232195256], [55.9141149810059, 25.08251185113737], [55.91403621095444, 25.08248344913], [55.9139562040629, 25.082458075997852], [55.913875100685274, 25.082435776252225], [55.913793043099, 25.08241658901274], [55.91371017525504, 25.082400547938892], [55.913626642525706, 25.082387681171028], [55.91354259144948, 25.082378011280795], [55.91345816947401, 25.082371555231727], [55.91337352469762, 25.082368324349456], [55.91328880560931, 25.082368324301772], [55.91320416082854, 25.082371555088788], [55.91311973884433, 25.0823780110428], [55.91303568775498, 25.08238768083841], [55.91295215500817, 25.082400547512258], [55.912869287142435, 25.08241658849278], [55.9127872295301, 25.082435775639908], [55.91270612612224, 25.082458075294266], [55.91262611919626, 25.082483448336312], [55.91254734910623, 25.082511850255027], [55.91246995403685, 25.08254323122578], [55.912394069760836, 25.08257753619795], [55.91231982940104, 25.08261470499129], [55.912247363196656, 25.082654672401677], [55.912176798274935, 25.082697368315287], [55.912108258428205, 25.08274271783179], [55.912041863896526, 25.082790641395487], [55.91197773115694, 25.08284105493516], [55.91191597271916, 25.082893870011223], [55.91185669692797, 25.082948993971062], [55.91180000777343, 25.08300633011155], [55.91174600470828, 25.08306577784853], [55.91169478247348, 25.08312723289346], [55.91164643093206, 25.083190587436135], [55.911601034911314, 25.083255730333992], [55.9115586740542, 25.08332254730692], [55.91151942267933, 25.083390921137863], [55.91148334965081, 25.083460731878315], [55.9114505182572, 25.083531857058833], [55.911420986100595, 25.083604171903826], [55.91139480499548, 25.083677549550398], [55.911372020877806, 25.083751861271008], [55.91135267372436, 25.083826976699186], [55.91133679748261, 25.08390276405827], [55.91132442001108, 25.08397909039257], [55.911315563030406, 25.084055821800657], [55.911310242085264, 25.084132823670142], [55.911308466517085, 25.084209960914002], [55.911310239447396, 25.084287098207398], [55.91131555777262, 25.08436410022517], [55.91132441216913, 25.084440831879256], [55.911336787109896, 25.084517158555652], [55.91135266089144, 25.084592946350558], [55.91137200567193, 25.084668062305326], [55.911394787520045, 25.0847423746397], [55.91142096647438, 25.084815752983086], [55.91145049661355, 25.08488806860317], [55.91148332613668, 25.084959194631814], [55.91151939745436, 25.085029006287677], [55.91155864728942, 25.085097381095082], [55.91160100678814, 25.085164199098926], [55.91164640164092, 25.085229343075166], [55.91169475221262, 25.085292698736403], [55.91174597368217, 25.085354154932492], [55.91179997619156, 25.08541360384552], [55.911856665003235, 25.08547094117892], [55.911915940666496, 25.08552606634059], [55.9119776991918, 25.085578882619263], [55.91204183223335, 25.08562929735427], [55.91210822727892, 25.08567722209808], [55.91217676784761, 25.085722572771488], [55.912247333693855, 25.085765269811166], [55.91231980101864, 25.085805238309266], [55.912394042686536, 25.08584240814478], [55.91246992844884, 25.08587671410669], [55.91254732517217, 25.085908096008303], [55.91262609707183, 25.085936498792897], [55.91270610595037, 25.08596187263023], [55.91278721143975, 25.085984173004157], [55.9128692712478, 25.0860033607906], [55.91295214140797, 25.086019402326194], [55.913035676531656, 25.08603226946746], [55.91311973006365, 25.086041939640044], [55.91320415453898, 25.086048395878436], [55.91328880184188, 25.086051626855728], [55.913373523465566, 25.086051626903423], [55.91345817077285, 25.086048396021425], [55.913542595256956, 25.08604193987806], [55.91362664880208, 25.08603226980009], [55.91371018394325, 25.086019402752875], [55.91379305412517, 25.08600336131059], [55.913875113959286, 25.08598417361649], [55.913956219478926, 25.08596187333388], [55.91403622839191, 25.085936499586595], [55.914115000330135, 25.085908096890726], [55.91419239709603, 25.08587671507625], [55.91426828290495, 25.085842409199742], [55.91434252462328, 25.085805239447804], [55.91441499200231, 25.085765271031278], [55.91448555790652, 25.085722574071042], [55.91455409853676, 25.0856772234748], [55.91462049364741, 25.085629298805742], [55.914684626757385, 25.085578884142908], [55.9147463853544, 25.085526067933777], [55.91480566109247, 25.08547094283881], [55.914862349981995, 25.085413605569226], [55.91491635257205, 25.085354156717017], [55.914967574125036, 25.085292700578567], [55.91501592478269, 25.08522934497176], [55.915061319723925, 25.085164201046638], [55.915103679313354, 25.08509738309047], [55.91514292924125, 25.08502900832724], [55.91517900065364, 25.084959196711978], [55.91521183027334, 25.0848880707203], [55.91524136051068, 25.084815755133462], [55.91526753956461, 25.084742376819552], [55.91529032151361, 25.084668064510783], [55.91530966639606, 25.0845929485778], [55.915325540280456, 25.084517160800768], [55.91533791532482, 25.084440834138306], [55.915346769825526, 25.08436410249417], [55.91535208825522, 25.084287100482385], [55.91535386129028, 25.084209963190986], [55.915352085826754, 25.084132825945154]]]]}}, {"type": "Feature", "properties": {"field_id": 32, "diam_km": 0.402933435614844, "status": "partial", "active_frac": 0.427, "mean_prob": 0.484, "uncertainty_frac": 0.361, "area_ha": 12.77, "active_area_ha": 5.45, "credit_score": 49, "threshold": 0.5, "prob_hist": [0.0, 0.0, 0.0, 0.0, 0.0, 0.0, 0.0, 0.0345, 0.1997, 0.3391, 0.3876, 0.0392, 0.0, 0.0, 0.0, 0.0, 0.0, 0.0, 0.0, 0.0]}, "geometry": {"type": "MultiPolygon", "coordinates": [[[[55.911312148462514, 25.08334816598263], [55.911306893930906, 25.08327212304732], [55.91129814742174, 25.08319634720087], [55.91128592428575, 25.083120971379273], [55.911270245972695, 25.08304612781645], [55.91125113999369, 25.08297194781242], [55.911228639872974, 25.082898561502816], [55.911202785088925, 25.082826097630623], [55.911173621004885, 25.082754683320424], [55.911141198789544, 25.08268444385522], [55.91110557532698, 25.082615502456896], [55.91106681311702, 25.082547980069798], [55.91102498016544, 25.082481995148772], [55.91098014986473, 25.082417663451235], [55.9109324008652, 25.08235509783425], [55.91088181693711, 25.082294408056416], [55.91082848682364, 25.082235700585432], [55.910772504085074, 25.082179078411283], [55.91071396693491, 25.08212464086562], [55.91065297806729, 25.08207248344747], [55.910589644477035, 25.08202269765577], [55.91052407727182, 25.081975370828843], [55.9104563914773, 25.08193058599113], [55.91038670583538, 25.08188842170778], [55.9103151425958, 25.081848951946547], [55.91024182730183, 25.081812245948218], [55.91016688856988, 25.081778368105123], [55.91009045786406, 25.081747377848192], [55.91001266926542, 25.081719329542725], [55.90993365923684, 25.08169427239298], [55.909853566383696, 25.08167225035587], [55.90977253121066, 25.081653302064005], [55.909690695875234, 25.08163746075759], [55.909608203938475, 25.081624754226596], [55.90952520011313, 25.081615204761594], [55.9094418300098, 25.081608829114845], [55.90935823988159, 25.081605638470954], [55.90927457636751, 25.081605638427142], [55.90919098623528, 25.08160882898347], [55.909107616123904, 25.081615204542857], [55.90902461228648, 25.08162475392092], [55.908942120333684, 25.081637460365492], [55.90886028497826, 25.08165330158614], [55.908779249781254, 25.081672249793133], [55.908699156900326, 25.081694271746336], [55.9086201468401, 25.08171932881332], [55.90854235820604, 25.081747377037296], [55.908465927461066, 25.081778367214145], [55.90839098868631, 25.08181224497872], [55.908317673345984, 25.081848950900245], [55.908246110056574, 25.081888420586523], [55.90817642436138, 25.081930584796883], [55.90810873851029, 25.081975369563654], [55.908043171245296, 25.08202269632189], [55.90797983759215, 25.08207248204724], [55.907918848658646, 25.082124639401517], [55.907860311439734, 25.08217907688585], [55.907804328629666, 25.08223569900133], [55.907750998442005, 25.082294406416455], [55.90770041443729, 25.08235509614131], [55.907652665358746, 25.082417661708263], [55.90760783497672, 25.0824819933588], [55.90756600194184, 25.082547978236015], [55.90752723964657, 25.082615500582488], [55.907491616096905, 25.08268444194352], [55.90745919379285, 25.08275468137473], [55.90743002961862, 25.08282609565438], [55.90740417474305, 25.082898559499505], [55.90738167452963, 25.082971945785516], [55.90736256845693, 25.083046125769556], [55.90734689004934, 25.083120969315935], [55.907334666818116, 25.083196345124712], [55.90732592021326, 25.083272120962018], [55.90732066558556, 25.083348163891795], [55.907318912159944, 25.083424340509385], [55.907320663018986, 25.083500517175125], [55.90732591509756, 25.083576560249202], [55.9073346591882, 25.08365233632586], [55.90734687995721, 25.08372771246747], [55.907362555971346, 25.08380255643786], [55.90738165973566, 25.083876736934197], [55.90740415774147, 25.08395012381735], [55.90743001052518, 25.08402258834033], [55.90745917273751, 25.084094003374023], [55.907491593222915, 25.084164243630244], [55.90752721510943, 25.084233185881693], [55.907565975908284, 25.084300709177953], [55.9076078076236, 25.08436669505784], [55.90765263687155, 25.08443102775719], [55.907700385009214, 25.084493594411935], [55.90775096827239, 25.08455428525618], [55.90780429792256, 25.084612993814762], [55.90786028040265, 25.08466961709], [55.90791881750101, 25.084724055742644], [55.90797980652389, 25.0847762142658], [55.908043140475336, 25.084826001152827], [55.90810870824516, 25.084873329057704], [55.908176394803725, 25.084918114948408], [55.90824608140379, 25.084960280252425], [55.90831764578887, 25.084999750994875], [55.9083909624077, 25.085036457928066], [55.908465902634546, 25.08507033665307], [55.90854233499481, 25.085101327732797], [55.90862012539585, 25.08512937679619], [55.9086991373621, 25.085154434633697], [55.908779232274675, 25.085176457283488], [55.90886026961443, 25.08519540610879], [55.908942107208624, 25.085211247865505], [55.90902460148039, 25.08522395476063], [55.909107607700584, 25.085233504500994], [55.90919098024182, 25.085239880332374], [55.90927457283389, 25.08524307106894], [55.90935823882051, 25.085243071112757], [55.909441831416615, 25.085239880463778], [55.90952520396588, 25.085233504719753], [55.909608210198165, 25.08522395506634], [55.90969070448596, 25.08521124825764], [55.90977254210019, 25.085195406586685], [55.909853579463864, 25.085176457846256], [55.90993367440425, 25.085154435280376], [55.910012686402176, 25.08512937752565], [55.91009047683866, 25.08510132854378], [55.91016690923807, 25.0850703375441], [55.9102418495077, 25.085036458897605], [55.910315166172914, 25.084999752041238], [55.91038673060784, 25.084960281373753], [55.91045641726119, 25.084918116142735], [55.91052410387632, 25.08487333032296], [55.910589671705914, 25.08482600248678], [55.91065300572028, 25.0847762156661], [55.910713994809036, 25.08472405720682], [55.91077253197617, 25.084669618615546], [55.910828514527786, 25.084612995398928], [55.91088184425213, 25.084554286896235], [55.91093242759194, 25.084493596104974], [55.91098017580865, 25.084431029500244], [55.91102500513788, 25.084366696847876], [55.911066836936556, 25.084300711011796], [55.911105597820715, 25.084233187756137], [55.91114121979431, 25.08416424554202], [55.91117364036844, 25.08409400531975], [55.911202802670985, 25.084022590316632], [55.91122865554624, 25.083950125820735], [55.911251153644756, 25.08387673896112], [55.91127025750276, 25.083802558484816], [55.91128593361147, 25.083727714530852], [55.911298154475645, 25.083652338402036], [55.91130689866203, 25.083576562334557], [55.91131215083666, 25.083500519265964], [55.911313901791935, 25.083424342602033], [55.911312148462514, 25.08334816598263]]]]}}, {"type": "Feature", "properties": {"field_id": 33, "diam_km": 0.408337993425176, "status": "active", "active_frac": 0.698, "mean_prob": 0.518, "uncertainty_frac": 0.246, "area_ha": 13.1, "active_area_ha": 9.15, "credit_score": 66, "threshold": 0.5, "prob_hist": [0.0, 0.0, 0.0, 0.0, 0.0, 0.0, 0.0, 0.0, 0.0382, 0.2634, 0.5061, 0.1924, 0.0, 0.0, 0.0, 0.0, 0.0, 0.0, 0.0, 0.0]}, "geometry": {"type": "MultiPolygon", "coordinates": [[[[55.90741689329076, 25.084355699426105], [55.90741156823491, 25.08427863653526], [55.907402704334736, 25.084201844315725], [55.90739031714704, 25.084125457486564], [55.90737442840955, 25.084049610055356], [55.9073550660027, 25.083974435083178], [55.90733226390071, 25.083900064451104], [55.90730606211199, 25.08382662862902], [55.907276506608724, 25.08375425644646], [55.90724364924639, 25.083683074866972], [55.90720754767264, 25.083613208765012], [55.907168265226126, 25.0835447807072], [55.907125870825446, 25.083477910737148], [55.90708043884813, 25.083412716164883], [55.90703204900011, 25.083349311361182], [55.906980786175986, 25.083287807556758], [55.90692674030996, 25.083228312647353], [55.90687000621811, 25.083170931004307], [55.90681068343195, 25.083115763291516], [55.90674887602401, 25.083062906288916], [55.90668469242505, 25.083012452722677], [55.906618245233915, 25.082964491102533], [55.906549651020065, 25.082919105566564], [55.90647903011894, 25.082876375733555], [55.906406506421064, 25.082836376563424], [55.90633220715454, 25.082799178225635], [55.90625626266195, 25.08276484597621], [55.90617880617166, 25.08273344004317], [55.90609997356428, 25.082705015520986], [55.90601990313406, 25.08267962227387], [55.90593873534654, 25.08265730484836], [55.90585661259204, 25.08263810239515], [55.905773678935894, 25.082622048600438], [55.905690079865856, 25.082609171626807], [55.905605962036795, 25.082599494063864], [55.905521473013444, 25.082593032888557], [55.90543676101172, 25.082589799435553], [55.90535197463859, 25.082589799377146], [55.90526726263149, 25.082593032713447], [55.90518277359742, 25.082599493772317], [55.90509865575227, 25.082609171219364], [55.90501505666084, 25.082622048077813], [55.90493212297802, 25.08263810175827], [55.904850000191615, 25.082657304098337], [55.904768832367054, 25.082679621411998], [55.90468876189465, 25.08270501454878], [55.90460992924003, 25.082733438962332], [55.90453247269758, 25.082764844788663], [55.90445652814794, 25.082799176933477], [55.90438222881964, 25.082836375168874], [55.90430970505531, 25.082876374239106], [55.90423908408323, 25.082919103974785], [55.90417048979395, 25.08296448941627], [55.904104042523144, 25.08301245094485], [55.90403985884037, 25.083062904422643], [55.90397805134462, 25.08311576134009], [55.90391872846684, 25.083170928971143], [55.90386199427964, 25.08322831053605], [55.903807948314785, 25.083287805370983], [55.90375668538849, 25.08334930910476], [55.90370829543515, 25.083412713841792], [55.90366286334951, 25.08347790835144], [55.90362046883779, 25.08354477826306], [55.90358118627758, 25.08361320626678], [55.90354508458775, 25.08368307231897], [55.90351222710715, 25.083754253853208], [55.903482671483644, 25.083826625995005], [55.90345646957293, 25.083900061781016], [55.903433667347414, 25.08397443238165], [55.90341430481569, 25.08404960732715], [55.903398415952154, 25.084125454736462], [55.90338602863755, 25.084201841548555], [55.90337716460981, 25.084278633755858], [55.90337183942594, 25.084355696639392], [55.90337006243479, 25.08443289500502], [55.90337183676048, 25.084510093420718], [55.90337715929689, 25.084587156454102], [55.90338602071313, 25.084663948910062], [55.90339840546976, 25.08474033606787], [55.90341429184613, 25.084816183917702], [55.90343365197839, 25.084891359395485], [55.903456451908184, 25.084965730616613], [55.903482651642456, 25.08503916710713], [55.90351220522338, 25.085111540032692], [55.90354506080898, 25.085182722424634], [55.903581160764034, 25.08525258940278], [55.90362044176123, 25.085321018394357], [55.903662834892145, 25.085387889349224], [55.903708265788254, 25.085453084950377], [55.90375665475107, 25.085516490819913], [55.90380791689228, 25.085577995719568], [55.90386196228245, 25.085637491745995], [55.90391869610887, 25.085694874519977], [55.90397801884182, 25.085750043369668], [55.90403982640922, 25.085802901507158], [55.904104010379136, 25.08585335619835], [55.904170458150155, 25.085901318925583], [55.90423905314874, 25.085946705543062], [55.90430967503389, 25.085989436424352], [55.904382199908305, 25.086029436602242], [55.90445650053554, 25.086066635900156], [55.90453244656346, 25.08610096905538], [55.90460990475293, 25.086132375833483], [55.90468873921151, 25.086160801134096], [55.90476881163186, 25.086186195087553], [55.90484998153453, 25.086208513142342], [55.90493210651438, 25.086227716143362], [55.9050150424904, 25.08624377040061], [55.90509864395862, 25.086256647748236], [55.90518276424736, 25.08626632559398], [55.905267255774575, 25.086272786958922], [55.905351970306846, 25.086276020507064], [55.90543675921942, 25.086276020565503], [55.905521473757055, 25.086272787134035], [55.90560596529502, 25.08626632588556], [55.90569008559983, 25.0862566481557], [55.90577368708946, 25.086243770923286], [55.90585662309217, 25.086227716780297], [55.905938748103885, 25.08620851389242], [55.90601991804364, 25.08618619594948], [55.90609999050621, 25.086160802106374], [55.906178825012, 25.086132376914367], [55.90625628325364, 25.086100970242978], [55.90633222933864, 25.086066637192403], [55.906406530027645, 25.086029437996874], [55.90647905496851, 25.08598943791892], [55.90654967692468, 25.085946707134934], [55.90661827199868, 25.08590132061196], [55.906684719849366, 25.085853357976287], [55.90674890390313, 25.085802903373523], [55.90681071155834, 25.0857500453212], [55.90687003438293, 25.08569487655325], [55.9069267683047, 25.085637493857426], [55.90698081379371, 25.085577997905478], [55.90703207603711, 25.08551649307645], [55.90708046510527, 25.08545308727359], [55.90712589610969, 25.085387891735007], [55.90716828935173, 25.085321020838585], [55.90720757046261, 25.08525259190112], [55.90724367053374, 25.085182724972725], [55.9072765262376, 25.085111542626024], [55.907306079938756, 25.085039169741176], [55.90733227979504, 25.08496573328677], [55.90735507984839, 25.084891362097068], [55.907374440105514, 25.084816186645917], [55.90739032660792, 25.084740338817994], [55.90740271149147, 25.08466395167724], [55.90741157303529, 25.084587159233507], [55.907416895699704, 25.084510096207428], [55.90741867015365, 25.084432897794187], [55.90741689329076, 25.084355699426105]]]]}}, {"type": "Feature", "properties": {"field_id": 34, "diam_km": 0.408818939343126, "status": "partial", "active_frac": 0.298, "mean_prob": 0.48, "uncertainty_frac": 0.482, "area_ha": 13.13, "active_area_ha": 3.91, "credit_score": 40, "threshold": 0.5, "prob_hist": [0.0, 0.0, 0.0, 0.0, 0.0, 0.0, 0.0, 0.0099, 0.1691, 0.5232, 0.2978, 0.0, 0.0, 0.0, 0.0, 0.0, 0.0, 0.0, 0.0, 0.0]}, "geometry": {"type": "MultiPolygon", "coordinates": [[[[55.91289107664715, 25.07990816909379], [55.912885745461956, 25.07983101539387], [55.91287687139253, 25.079754132686162], [55.912864470013524, 25.079677655848425], [55.91284856308758, 25.079601719046142], [55.912829178527105, 25.07952645549721], [55.91280635034515, 25.079451997238095], [55.91278011859589, 25.07937847489234], [55.91275052930411, 25.079306017441365], [55.912717634384514, 25.079234751998197], [55.9126814915507, 25.07916480358451], [55.91264216421374, 25.079096294911295], [55.91259972137095, 25.079029346163512], [55.91255423748484, 25.078964074789504], [55.91250579235244, 25.07890059529468], [55.91245447096535, 25.078839019040863], [55.91240036336052, 25.07877945405081], [55.91234356446226, 25.078722004818854], [55.912284173915886, 25.078666772127416], [55.91222229591276, 25.078613852870483], [55.91215803900749, 25.078563339883374], [55.91209151592748, 25.07851532178009], [55.91202284337538, 25.078469882797776], [55.911952141824074, 25.078427102648995], [55.911879535305495, 25.078387056381924], [55.91180515119308, 25.078349814248647], [55.91172911997826, 25.078315441581978], [55.9116515750415, 25.078283998680895], [55.91157265241859, 25.078255540704685], [55.911492490561706, 25.078230117576283], [55.91141123009673, 25.078207773894597], [55.911329013576555, 25.0781885488564], [55.91124598523105, 25.078172476187483], [55.91116229071401, 25.078159584083576], [55.91107807684777, 25.0781498951608], [55.91099349136554, 25.078143426416087], [55.91090868265243, 25.0781401891973], [55.91082379948507, 25.078140189183376], [55.910738990770696, 25.078143426374353], [55.91065440528591, 25.07814989509134], [55.91057019141583, 25.078159583986515], [55.9104864968937, 25.078172476062967], [55.91040346854184, 25.078188548704667], [55.91032125201407, 25.0782077737159], [55.91023999154026, 25.07823011737093], [55.910159829673304, 25.07825554047307], [55.91008090703915, 25.078283998423412], [55.91000336208999, 25.07831544129908], [55.90992733086154, 25.078349813940783], [55.90985294673442, 25.07838705604969], [55.909780340200044, 25.078427102292967], [55.90970963863179, 25.07846988241855], [55.90964096606174, 25.078515321378333], [55.90957444296277, 25.07856333945981], [55.90951018603751, 25.078613852425846], [55.909448308013445, 25.07866677166251], [55.909388917445256, 25.078722004334445], [55.90933211852429, 25.078779453547785], [55.90927801089589, 25.078839018520103], [55.909226689484456, 25.078900594757112], [55.90917824432699, 25.07896407423603], [55.90913276041509, 25.079029345595124], [55.90909031754581, 25.079096294328984], [55.90905099018177, 25.07916480298931], [55.9090148473203, 25.079234751391155], [55.908981952372564, 25.079306016823526], [55.9089523630521, 25.079378474264807], [55.9089261312738, 25.079451996601943], [55.90890330306243, 25.079526454853575], [55.90888391847218, 25.079601718396162], [55.90886801151624, 25.07967765519323], [55.90885561010698, 25.079754132026892], [55.90884673600717, 25.07983101473171], [55.908841404791474, 25.07990816842988], [55.90883962581931, 25.079985457768], [55.908841402218314, 25.080062747154418], [55.90884673087874, 25.08013990099719], [55.90885560245897, 25.08021678394181], [55.908868001401764, 25.080293261108956], [55.908883905961574, 25.08036919833073], [55.908903288242634, 25.080444462386378], [55.90892611424782, 25.08051892123586], [55.90895234393827, 25.080592444251437], [55.90898193130366, 25.080664902447033], [55.9090148244427, 25.080736168704405], [55.90905096565437, 25.08080611799618], [55.909090291539, 25.080874627605187], [55.90913273310937, 25.08094157733987], [55.909178215911936, 25.081006849745048], [55.90922666015727, 25.08107033030795], [55.909277980860004, 25.08113190765941], [55.90933208798802, 25.08119147376888], [55.90938888662025, 25.081248924134208], [55.9094482771133, 25.081304157964976], [55.90951015527624, 25.08135707835927], [55.9095744125533, 25.081407592473752], [55.90964093621437, 25.081455611686525], [55.90970960955287, 25.08150105175265], [55.909780312090355, 25.08154383295198], [55.909852919787916, 25.081583880228983], [55.909927305263906, 25.081621123324453], [55.91000333801736, 25.081655496898843], [55.91008088465689, 25.081686940646808], [55.91015980913491, 25.08171539940312], [55.91023997298617, 25.081740823239407], [55.910321235570784, 25.08176316755173], [55.91040345432101, 25.081782393138937], [55.91048648499133, 25.08179846627137], [55.910570181911645, 25.08181135875007], [55.91065439824276, 25.081821047956222], [55.91073898623417, 25.081827516891003], [55.910823797483175, 25.081830754205132], [55.91090868319537, 25.081830754219066], [55.910993494445634, 25.08182751693273], [55.91107808243959, 25.081821048025688], [55.911162298774556, 25.081811358847126], [55.91124599569996, 25.08179846639589], [55.91132902637664, 25.081782393290677], [55.91141124513444, 25.081763167730447], [55.91149250772789, 25.081740823444743], [55.91157267158922, 25.08171539963477], [55.91165159607848, 25.081686940904326], [55.911729142730465, 25.08165549718179], [55.911805175497506, 25.08162112363233], [55.911879560988226, 25.081583880561244], [55.91195216870162, 25.08154383330806], [55.912022871256, 25.08150105213191], [55.912091544612466, 25.08145561208829], [55.91215806829255, 25.081407592897335], [55.912222325589575, 25.081357078803926], [55.91228420377341, 25.081304158429916], [55.91234359428832, 25.08124892461863], [55.91240039294326, 25.081191474271904], [55.9124545000948, 25.081131908180193], [55.91250582082191, 25.08107033084558], [55.91255426509232, 25.081006850298515], [55.91259974792073, 25.080941577908284], [55.912642189517555, 25.080874628187516], [55.912681515429234, 25.080806118591386], [55.912717656668576, 25.08073616931148], [55.91275054983581, 25.0806649030649], [55.912780137229824, 25.08059244487899], [55.912806366949354, 25.08051892187199], [55.91282919298397, 25.080444463030023], [55.91284857529478, 25.080369198980726], [55.91286447988462, 25.080293261764158], [55.91287687885764, 25.08021678460111], [55.912885750468256, 25.08013990165937], [55.91289107915918, 25.08006274781835], [55.91289285558874, 25.079985458432525], [55.91289107664715, 25.07990816909379]]]]}}, {"type": "Feature", "properties": {"field_id": 35, "diam_km": 0.792114985098294, "status": "active", "active_frac": 0.855, "mean_prob": 0.541, "uncertainty_frac": 0.107, "area_ha": 48.77, "active_area_ha": 41.71, "credit_score": 77, "threshold": 0.5, "prob_hist": [0.0, 0.0, 0.0, 0.0, 0.0, 0.0, 0.0, 0.0, 0.0115, 0.1333, 0.4181, 0.4212, 0.016, 0.0, 0.0, 0.0, 0.0, 0.0, 0.0, 0.0]}, "geometry": {"type": "MultiPolygon", "coordinates": [[[[55.908504816127376, 25.078702018767363], [55.9084944844813, 25.078552528236457], [55.90847728834704, 25.078403562853783], [55.908453257917024, 25.078255383952833], [55.90842243537285, 25.07810825148653], [55.90838487481103, 25.07796242357108], [55.90834064214814, 25.07781815603317], [55.90828981500475, 25.077675701961308], [55.90823248256928, 25.077535311261656], [55.90816874544127, 25.077397230219912], [55.90809871545495, 25.077261701069062], [55.90802251548265, 25.077128961564632], [55.907940279219424, 25.076999244567613], [55.907852150948095, 25.076872777635906], [55.90775828528636, 25.07674978262533], [55.90765884691521, 25.07663047530037], [55.907554010290085, 25.076515064955792], [55.907443959334756, 25.0764037540495], [55.90732888711864, 25.07629673784744], [55.90720899551802, 25.07619420408116], [55.9070844948619, 25.07609633261852], [55.90695560356307, 25.076003295148173], [55.906822547734954, 25.07591525487851], [55.90668556079489, 25.07583236625137], [55.9065448830548, 25.07575477467121], [55.90640076129962, 25.075682616250074], [55.90625344835439, 25.07561601756881], [55.906103202640885, 25.07555509545522], [55.905950287724316, 25.075499956779044], [55.905794971851144, 25.07545069826448], [55.90563752747846, 25.075407406320778], [55.905478230796305, 25.07537015689047], [55.905317361243114, 25.07533901531631], [55.905155201015866, 25.075314036226626], [55.904992034574946, 25.075295263439493], [55.90482814814539, 25.075282729886023], [55.904663829214925, 25.075276457552402], [55.90449936602977, 25.075276457441507], [55.90433504708912, 25.07528272955351], [55.904171160639194, 25.075295262886033], [55.904007994167756, 25.075314035453093], [55.90384583389988, 25.07533901432408], [55.903684964296076, 25.075370155681313], [55.903525667553346, 25.075407404896787], [55.9033682231103, 25.07545069662816], [55.903212907157055, 25.07549995493326], [55.90305999215084, 25.07555509340324], [55.9029097463383, 25.075616015314218], [55.902762433284785, 25.075682613796815], [55.90261831141228, 25.07575477202359], [55.90247763354606, 25.075832363414044], [55.90234064647127, 25.075915251856433], [55.902207590500026, 25.07600329194665], [55.90207869904994, 25.07609632924319], [55.90195419823471, 25.076194200537934], [55.901834306467386, 25.076296734142524], [55.901719234077305, 25.076403750189364], [55.90160918294101, 25.076515060947244], [55.901504346128235, 25.076630471150455], [55.90140490756315, 25.076749778341295], [55.90131104170145, 25.076872773225293], [55.9012229132245, 25.07699924003814], [55.901140676750366, 25.07712895692426], [55.90106447656226, 25.077261696325913], [55.900994446355575, 25.077397225382292], [55.90093070900309, 25.077535306338078], [55.90087337633936, 25.077675696960416], [55.90082254896438, 25.077818150963733], [55.90077831606691, 25.077962418441956], [55.90074075526801, 25.078108246306773], [55.90070993248463, 25.078255378731463], [55.900685901813674, 25.07840355759999], [55.90066870543718, 25.078552522959487], [55.90065837354807, 25.078702013476445], [55.900654924296845, 25.0788517668951], [55.90065836375982, 25.07900152049754], [55.90066868592807, 25.07915101156459], [55.900685872717936, 25.079299977836712], [55.90070989400253, 25.079448157974124], [55.90074070766445, 25.079595292015256], [55.90077825966934, 25.079741121832875], [55.900822484160805, 25.07988539158689], [55.90087330357552, 25.080027848173327], [55.90093062877932, 25.08016824166831], [55.90099435922328, 25.080306325766607], [55.901064383120215, 25.08044185821372], [55.90114057764039, 25.08057460123101], [55.901222809127034, 25.080704321932927], [55.901310933330784, 25.08083079273551], [55.90140479566255, 25.080953791755803], [55.901504231464656, 25.081073103201188], [55.901609066299656, 25.081188517748043], [55.90171911625638, 25.081299832908947], [55.90183418827241, 25.081406853388096], [55.90195408047287, 25.081509391423953], [55.9020785825245, 25.08160726711874], [55.90220747600478, 25.081700308754115], [55.90234053478495, 25.08178835309243], [55.902477525426974, 25.081871245663365], [55.90261820759298, 25.08194884103474], [55.90276233446699, 25.08202100306794], [55.90290965318803, 25.082087605156794], [55.903059905293816, 25.08214853044958], [55.90321282717429, 25.082203672054323], [55.9033681505342, 25.082252933226165], [55.90352560286386, 25.08229622753732], [55.903684907917516, 25.0823334790286], [55.9038457861979, 25.082364622342805], [55.904007955446914, 25.082389602839427], [55.90417113114087, 25.082408376690456], [55.90433502698977, 25.082420910957417], [55.904499355439874, 25.082427183649024], [55.904663828178144, 25.082427183759936], [55.90482815663844, 25.08242091128994], [55.90499205250772, 25.08240837724405], [55.9051552282322, 25.08238960361306], [55.90531739752185, 25.082364623335167], [55.90547827585288, 25.082333480237942], [55.90563758096712, 25.08229622896151], [55.90579503336719, 25.0822529348627], [55.90595035680722, 25.082203673900352], [55.906103278777366, 25.082148532501837], [55.906253530982234, 25.082087607411683], [55.90640084981159, 25.082021005521526], [55.90654497680293, 25.081948843682678], [55.906685659095125, 25.081871248501024], [55.906822649871934, 25.081788356114888], [55.90695570879529, 25.081700311956002], [55.907084602426856, 25.081607270494455], [55.90720910463767, 25.081509394967583], [55.90732899700486, 25.0814068570934], [55.90744406919492, 25.08129983676947], [55.90755411933266, 25.08118852175695], [55.90765895435534, 25.08107310735149], [55.907758390351454, 25.0809537960402], [55.90785225288321, 25.08083079714648], [55.90794037729264, 25.080704326462754], [55.90802260899021, 25.080574605871732], [55.90809880372624, 25.08044186295717], [55.90816882784353, 25.080306330604472], [55.908232558512054, 25.080168246592134], [55.908289883944114, 25.080027853174453], [55.90834070359048, 25.07988539665654], [55.90838492831654, 25.07974112696215], [55.908422480558585, 25.0795952971952], [55.90845329445971, 25.079448163195607], [55.908477315985245, 25.07929998309057], [55.90849450301732, 25.079151016841607], [55.90850482542866, 25.079001525788456], [55.90850826513509, 25.078851772190646], [55.908504816127376, 25.078702018767363]]]]}}, {"type": "Feature", "properties": {"field_id": 36, "diam_km": 0.787959069351273, "status": "active", "active_frac": 0.896, "mean_prob": 0.538, "uncertainty_frac": 0.075, "area_ha": 48.72, "active_area_ha": 43.65, "credit_score": 79, "threshold": 0.5, "prob_hist": [0.0, 0.0, 0.0, 0.0, 0.0, 0.0, 0.0, 0.0006, 0.0072, 0.0963, 0.5392, 0.3504, 0.0064, 0.0, 0.0, 0.0, 0.0, 0.0, 0.0, 0.0]}, "geometry": {"type": "MultiPolygon", "coordinates": [[[[55.901214744730595, 25.081854861901924], [55.901204466902236, 25.081706155759402], [55.9011873604263, 25.081557972014398], [55.901163455337674, 25.081410570629213], [55.90113279359778, 25.08126421019278], [55.901095429020884, 25.081119147466918], [55.901051427179404, 25.080975636936024], [55.90100086528877, 25.080833930360505], [55.900943832071846, 25.080694276335322], [55.900880427603106, 25.080556919853848], [55.90081076313293, 25.08042210187803], [55.900734960892294, 25.08029005891585], [55.90065315387828, 25.080161022606376], [55.90056548562063, 25.080035219313494], [55.9004721099298, 25.079912869728876], [55.900373190627214, 25.07979418848481], [55.90026890125757, 25.07967938377781], [55.900159424784526, 25.07956865700342], [55.90004495326964, 25.079462202402937], [55.89992568753533, 25.079360206722757], [55.89980183681268, 25.07926284888688], [55.899673618374266, 25.079170299683025], [55.89954125715317, 25.079082721463053], [55.899404985348276, 25.07900026785839], [55.89926504201691, 25.078923083510386], [55.89912167265581, 25.078851303816744], [55.89897512877015, 25.078785054694052], [55.89882566743272, 25.078724452356933], [55.89867355083287, 25.078669603114143], [55.898519045816606, 25.07862060318232], [55.89836242341882, 25.07857753851708], [55.89820395838764, 25.0785404846623], [55.89804392870284, 25.078509506617674], [55.897882615088136, 25.078484658724694], [55.89772030051898, 25.07846598457137], [55.89755726972614, 25.078453516915697], [55.897393808696535, 25.07844727762836], [55.897230204171606, 25.07844727765423], [55.897066743144364, 25.078453516993285], [55.896903712356284, 25.07846598470051], [55.89674139779426, 25.0784846589052], [55.89658008418902, 25.078509506849198], [55.89642005451605, 25.078540484944433], [55.89626158949899, 25.07857753884935], [55.896104967117616, 25.078620603564115], [55.89595046212007, 25.078669603544803], [55.8957983455411, 25.078724452835697], [55.89564888422677, 25.07878505522011], [55.895502340366406, 25.078851304389172], [55.89535897103265, 25.078923084128146], [55.89521902773076, 25.079000268520435], [55.89508275595726, 25.079082722168184], [55.894950394769566, 25.079170300430015], [55.894822176366475, 25.07926284967443], [55.89469832568094, 25.079360207549495], [55.89457905998553, 25.079462203267386], [55.894464588511234, 25.079568657904098], [55.89435511208043, 25.079679384713106], [55.89425082275455, 25.079794189453114], [55.8941519034972, 25.07991287072846], [55.89405852785304, 25.080035220342634], [55.893970859643375, 25.08016102366322], [55.893889052678574, 25.08029005999858], [55.89381325048829, 25.080422102984745], [55.893743586069505, 25.080556920982584], [55.89368018165316, 25.080694277484127], [55.893623148489496, 25.080833931527334], [55.893572586652915, 25.080975638118836], [55.89352858486616, 25.081119148663678], [55.89349122034458, 25.081264211401333], [55.89346055866051, 25.08141057184749], [55.893436653628086, 25.081557973240216], [55.89341954720867, 25.08170615699066], [55.89340926943706, 25.081854863136414], [55.8934058383686, 25.08200383079785], [55.8934092600474, 25.082152798635473], [55.893419528495535, 25.08230150530866], [55.89343662572333, 25.082449689933952], [55.89346052176073, 25.082597092542823], [55.893491174709794, 25.08274345453785], [55.89352853081797, 25.082888519146234], [55.8935725245722, 25.083032031870424], [55.893623078813775, 25.08317374093454], [55.89368010487348, 25.083313397726226], [55.89374350272707, 25.0834507572327], [55.89381316117058, 25.083585578470768], [55.893888958015275, 25.083717624909585], [55.893970760301876, 25.0838466648857], [55.89405842453392, 25.083972472009492], [55.89415179692907, 25.08409482556246], [55.89425071368911, 25.08421351088441], [55.89435500128711, 25.08432831975029], [55.89446447677184, 25.084439050735376], [55.894578948088764, 25.08454550956881], [55.89469821441674, 25.08464750947449], [55.894822066520575, 25.084744871498835], [55.894950287118, 25.084837424824695], [55.89508265126075, 25.084925007071305], [55.89521892672955, 25.085007464579018], [55.89535887444125, 25.0850846526791], [55.89550224886849, 25.08515643594751], [55.89564879847046, 25.085222688442624], [55.89579826613436, 25.085283293926132], [55.895950389626464, 25.085338146067187], [55.89610490205237, 25.085387148628854], [55.89626153232525, 25.08543021563709], [55.89642000564166, 25.085467271531535], [55.89658004396381, 25.085498251298215], [55.89674136650737, 25.08552310058358], [55.89690369023428, 25.085541775789828], [55.89706673034946, 25.085554244151574], [55.89723020080066, 25.085560483793195], [55.89739381478035, 25.085560483767324], [55.897557285229176, 25.08555424407398], [55.89772032533962, 25.08554177566067], [55.89788264905939, 25.085523100403076], [55.89804397159345, 25.085498251066674], [55.898204009903786, 25.08546727124937], [55.89836248320609, 25.085430215304772], [55.898519113462555, 25.085387148247], [55.898673625869726, 25.08533814563646], [55.89882574934091, 25.08528329344728], [55.89897521698168, 25.085222687916477], [55.899121766558395, 25.085156435375037], [55.89926514095826, 25.085084652061248], [55.89940508864053, 25.085007463916916], [55.89954136407787, 25.084925006366095], [55.89967372818724, 25.08483742407762], [55.899801948749314, 25.084744870711184], [55.89992580081602, 25.084647508647688], [55.900045067105104, 25.084545508704256], [55.900159538381395, 25.08443904983464], [55.90026901382391, 25.084328318814933], [55.900373301378124, 25.084213509916044], [55.9004722180929, 25.08409482456279], [55.90056559044138, 25.0839724709803], [55.900653254625425, 25.08384666382877], [55.90073505686283, 25.083717623826793], [55.900810853657134, 25.083585577363984], [55.900880512049234, 25.08345075610389], [55.900943909850426, 25.08331339657734], [55.901000935856885, 25.08317373976765], [55.90105149004441, 25.083032030687523], [55.90109548374391, 25.082888517949435], [55.90113283979674, 25.082743453329254], [55.90116349268998, 25.082597091324516], [55.90118738867118, 25.082449688708078], [55.90120448584243, 25.082301504077375], [55.901214754233855, 25.08215279740097], [55.90121817585585, 25.082003829562243], [55.901214744730595, 25.081854861901924]]]]}}, {"type": "Feature", "properties": {"field_id": 37, "diam_km": 0.2, "status": "active", "active_frac": 0.991, "mean_prob": 0.587, "uncertainty_frac": 0.002, "area_ha": 28.46, "active_area_ha": 28.19, "credit_score": 87, "threshold": 0.5, "prob_hist": [0.0, 0.0, 0.0, 0.0, 0.0, 0.0, 0.0, 0.0, 0.0, 0.0095, 0.1135, 0.4694, 0.4076, 0.0, 0.0, 0.0, 0.0, 0.0, 0.0, 0.0]}, "geometry": {"type": "MultiPolygon", "coordinates": [[[[55.88537412966458, 25.08313737874802], [55.886099747808814, 25.084154155515], [55.88677060231953, 25.084823735602736], [55.88768789318112, 25.085294919394656], [55.888468274958896, 25.085505711556415], [55.88928972946182, 25.085580108703308], [55.89035762031562, 25.085406515290224], [55.89101478391795, 25.08507172729829], [55.89198683841309, 25.084600542647152], [55.89261662019865, 25.08401775912214], [55.893027347450115, 25.08334817462541], [55.89331485652614, 25.082467789435427], [55.89338331106804, 25.081661797442088], [55.89331485652614, 25.080893000134182], [55.89286305654953, 25.079900996473782], [55.88944032945402, 25.081711397102605], [55.889371874912115, 25.081835396165978], [55.889248656736676, 25.081847796065414], [55.889152820378, 25.08177339664999], [55.88537412966458, 25.08313737874802]]]]}}]}