{
"type": "FeatureCollection",
"name": "field_stats",
"crs": { "type": "name", "properties": { "name": "urn:ogc:def:crs:OGC:1.3:CRS84" } },
"features": [
{ "type": "Feature", "properties": { "field_id": 1, "diam_km": 0.80462798596455298, "status": "active", "active_frac": 0.954, "mean_prob": 0.954, "uncertainty_frac": 0.0, "area_ha": 50.9, "active_area_ha": 48.56, "credit_score": 96 }, "geometry": { "type": "MultiPolygon", "coordinates": [ [ [ [ 55.908533043986061, 25.123987272420607 ], [ 55.90852254515368, 25.123835421328778 ], [ 55.908505070828198, 25.123684103681832 ], [ 55.908480651690951, 25.123533584939938 ], [ 55.908449330606224, 25.123384129160748 ], [ 55.908411162546045, 25.123235998536135 ], [ 55.908366214493405, 25.12308945293249 ], [ 55.908314565324716, 25.122944749434506 ], [ 55.908256305671209, 25.122802141894439 ], [ 55.908191537759713, 25.122661880486795 ], [ 55.908120375233395, 25.12252421126944 ], [ 55.908042942952044, 25.122389375751965 ], [ 55.907959376773007, 25.122257610472179 ], [ 55.907869823312787, 25.122129146580999 ], [ 55.907774439689611, 25.122004209437311 ], [ 55.907673393247812, 25.121883018212376 ], [ 55.907566861264208, 25.121765785505559 ], [ 55.907455030636896, 25.121652716971472 ], [ 55.907338097557599, 25.121544010959159 ], [ 55.907216267167165, 25.121439858164266 ], [ 55.907089753195848, 25.12134044129461 ], [ 55.906958777588379, 25.121245934749602 ], [ 55.906823570114511, 25.121156504314566 ], [ 55.906684367966101, 25.121072306869785 ], [ 55.906541415340918, 25.120993490115467 ], [ 55.906394963014428, 25.12092019231266 ], [ 55.906245267899813, 25.120852542040836 ], [ 55.906092592597489, 25.120790657972258 ], [ 55.905937204934403, 25.120734648663962 ], [ 55.90577937749444, 25.120684612367363 ], [ 55.905619387140106, 25.120640636855921 ], [ 55.905457514527264, 25.120602799271172 ], [ 55.905294043612699, 25.120571165987482 ], [ 55.905129261156219, 25.120545792495655 ], [ 55.904963456217686, 25.120526723305613 ], [ 55.904796919650124, 25.120513991868272 ], [ 55.904629943589676, 25.120507620516971 ], [ 55.904462820943166, 25.120507620428267 ], [ 55.904295844874554, 25.120513991602298 ], [ 55.904129308290699, 25.120526722862827 ], [ 55.903963503327745, 25.120545791876864 ], [ 55.903798720838729, 25.120571165193748 ], [ 55.903635249883678, 25.120602798303889 ], [ 55.903473377222355, 25.120640635716804 ], [ 55.903313386811732, 25.120684611058383 ], [ 55.903155559307656, 25.120734647187415 ], [ 55.903000171572842, 25.120790656330758 ], [ 55.902847496191285, 25.120852540237234 ], [ 55.902697800990012, 25.120920190350148 ], [ 55.902551348569652, 25.120993487997485 ], [ 55.902408395843523, 25.121072304600009 ], [ 55.902269193587259, 25.121156501897005 ], [ 55.902133985998859, 25.121245932188501 ], [ 55.902003010270342, 25.121340438594451 ], [ 55.901876496171695, 25.121439855329822 ], [ 55.90175466564785, 25.121544007995336 ], [ 55.901637732429343, 25.121652713883503 ], [ 55.90152590165723, 25.121765782298887 ], [ 55.901419369523445, 25.121883014892596 ], [ 55.901318322926457, 25.122004206010246 ], [ 55.901222939143217, 25.122129143052675 ], [ 55.901133385518456, 25.122257606848748 ], [ 55.901049819170666, 25.122389372039827 ], [ 55.900972386716596, 25.122524207475092 ], [ 55.90090122401395, 25.12266187661692 ], [ 55.900836455922835, 25.122802137955784 ], [ 55.90077819608662, 25.122944745433962 ], [ 55.900726546732599, 25.123089448877113 ], [ 55.900681598492255, 25.123235994433053 ], [ 55.900643430242333, 25.123384125017093 ], [ 55.900612108966165, 25.123533580763056 ], [ 55.90058768963609, 25.123684099479007 ], [ 55.900570215116808, 25.123835417107383 ], [ 55.90055971608993, 25.123987268188067 ], [ 55.900556211000122, 25.124139386324075 ], [ 55.900559706022463, 25.124291504649079 ], [ 55.900570195051486, 25.124443356295266 ], [ 55.900587659711611, 25.124594674861864 ], [ 55.900612069389354, 25.124745194882241 ], [ 55.900643381286699, 25.12489465228979 ], [ 55.900681540496109, 25.125042784881121 ], [ 55.900726480096637, 25.125189332776198 ], [ 55.900778121271195, 25.125334038874179 ], [ 55.900836373444641, 25.125476649304552 ], [ 55.900901134442549, 25.125616913872555 ], [ 55.900972290670282, 25.1257545864982 ], [ 55.901049717312262, 25.12588942564788 ], [ 55.901133278550645, 25.126021194758437 ], [ 55.901222827803608, 25.126149662651983 ], [ 55.901318207982456, 25.126274603941599 ], [ 55.901419251766953, 25.126395799426987 ], [ 55.901525781898997, 25.126513036478801 ], [ 55.901637611493356, 25.12662610941204 ], [ 55.901754544365723, 25.126734819846742 ], [ 55.901876375376595, 25.126838977056284 ], [ 55.902002890791366, 25.126938398301874 ], [ 55.902133868655227, 25.127032909153389 ], [ 55.902269079182545, 25.127122343795271 ], [ 55.902408285160071, 25.127206545317812 ], [ 55.902551242363195, 25.127285365992154 ], [ 55.902697699984351, 25.127358667529741 ], [ 55.902847401073124, 25.127426321324929 ], [ 55.903000082987298, 25.127488208680738 ], [ 55.903155477853467, 25.127544221017018 ], [ 55.903313313037344, 25.12759426006118 ], [ 55.903473311621944, 25.127638238020484 ], [ 55.903635192893795, 25.127676077736233 ], [ 55.903798672835336, 25.127707712819085 ], [ 55.903963464623466, 25.127733087765609 ], [ 55.904129279132825, 25.127752158055721 ], [ 55.904295825443263, 25.127764890230775 ], [ 55.904462811350328, 25.127771261952191 ], [ 55.904629943878085, 25.12777126204092 ], [ 55.904796929793321, 25.127764890496785 ], [ 55.904963476120059, 25.12775215849857 ], [ 55.905129290653889, 25.127733088384488 ], [ 55.905294082474505, 25.127707713612931 ], [ 55.905457562456569, 25.127676078703665 ], [ 55.905619443776899, 25.127638239159783 ], [ 55.905779442417867, 25.127594261370326 ], [ 55.905937277665835, 25.12754422249375 ], [ 55.906092672603776, 25.127488210322429 ], [ 55.906245354597232, 25.127426323128759 ], [ 55.906395055772684, 25.127358669492491 ], [ 55.906541513487753, 25.127285368110442 ], [ 55.906684470791838, 25.127206547587882 ], [ 55.906823676877266, 25.127122346213131 ], [ 55.906958887519139, 25.127032911714753 ], [ 55.907089865504084, 25.126938401002324 ], [ 55.907216381046219, 25.126838979891058 ], [ 55.907338212190538, 25.126734822810882 ], [ 55.907455145202164, 25.126626112500286 ], [ 55.907566974941403, 25.126513039685801 ], [ 55.90767350522362, 25.126395802747052 ], [ 55.907774549163406, 25.12627460736898 ], [ 55.907869929502269, 25.126149666180599 ], [ 55.907959478919835, 25.126021198382123 ], [ 55.908043040327044, 25.12588942936031 ], [ 55.908120467141735, 25.125754590292779 ], [ 55.908191623545839, 25.1256169177427 ], [ 55.908256384723437, 25.125476653243435 ], [ 55.908314637079584, 25.125334042874893 ], [ 55.908366278439502, 25.125189336831752 ], [ 55.908411218227755, 25.125042788984373 ], [ 55.90844937762693, 25.124894656433536 ], [ 55.908480689715724, 25.124745199059248 ], [ 55.908505099586264, 25.124594679064785 ], [ 55.908522564440254, 25.1244433605167 ], [ 55.908533053663803, 25.124291508881615 ], [ 55.908536548880981, 25.124139390560345 ], [ 55.908533043986061, 25.123987272420607 ] ] ] ] } },
{ "type": "Feature", "properties": { "field_id": 2, "diam_km": 0.80037494631170203, "status": "active", "active_frac": 0.913, "mean_prob": 0.913, "uncertainty_frac": 0.0, "area_ha": 50.25, "active_area_ha": 45.86, "credit_score": 93 }, "geometry": { "type": "MultiPolygon", "coordinates": [ [ [ [ 55.918440915712729, 25.123634954956668 ], [ 55.918430472421889, 25.123483906499274 ], [ 55.918413090528063, 25.123333388666527 ], [ 55.918388800550133, 25.123183665515388 ], [ 55.918357645125617, 25.123034999707887 ], [ 55.918319678935575, 25.122887652050117 ], [ 55.918274968608685, 25.122741881034749 ], [ 55.918223592604051, 25.122597942387813 ], [ 55.918165641073365, 25.122456088619785 ], [ 55.918101215702848, 25.122316568582853 ], [ 55.918030429534419, 25.122179627034352 ], [ 55.917953406767474, 25.122045504207435 ], [ 55.917870282540811, 25.121914435389652 ], [ 55.917781202695409, 25.12178665051028 ], [ 55.917686323518531, 25.121662373737006 ], [ 55.917585811469436, 25.121541823082733 ], [ 55.917479842887325, 25.121425210023183 ], [ 55.917368603681957, 25.121312739125983 ], [ 55.917252289007337, 25.121204607691851 ], [ 55.917131102919477, 25.121101005408569 ], [ 55.917005258018314, 25.12100211401826 ], [ 55.91687497507484, 25.12090810699863 ], [ 55.916740482643746, 25.12081914925875 ], [ 55.916602016662473, 25.120735396849756 ], [ 55.916459820037481, 25.120656996691238 ], [ 55.916314142217999, 25.120584086313496 ], [ 55.916165238758701, 25.120516793616449 ], [ 55.916013370871269, 25.120455236645093 ], [ 55.915858804966369, 25.120399523382794 ], [ 55.915701812186448, 25.120349751561644 ], [ 55.915542667929955, 25.120306008491173 ], [ 55.915381651368648, 25.120268370905247 ], [ 55.915219044957702, 25.120236904827394 ], [ 55.915055133940584, 25.120211665455177 ], [ 55.9148902058486, 25.120192697063221 ], [ 55.914724549996784, 25.120180032925656 ], [ 55.914558456976437, 25.120173695257794 ], [ 55.914392218145508, 25.12017369517708 ], [ 55.914226125117722, 25.120180032683646 ], [ 55.914060469251076, 25.120192696660315 ], [ 55.91389554113686, 25.1202116648921 ], [ 55.913731630090169, 25.120236904105148 ], [ 55.913569023642381, 25.120268370025087 ], [ 55.913408007036963, 25.120306007454648 ], [ 55.91324886272924, 25.120349750370551 ], [ 55.913091869890977, 25.120399522039232 ], [ 55.912937303920842, 25.120455235151447 ], [ 55.912785435961297, 25.120516791975291 ], [ 55.912636532423157, 25.12058408452776 ], [ 55.912490854518254, 25.120656994764019 ], [ 55.912348657801374, 25.120735394784425 ], [ 55.912210191721996, 25.120819147058949 ], [ 55.912075699186644, 25.120908104668217 ], [ 55.911945416133044, 25.121002111561314 ], [ 55.911819571116041, 25.121101002829416 ], [ 55.911698384906813, 25.121204604994979 ], [ 55.911582070105482, 25.121312736316167 ], [ 55.91147083076833, 25.121425207105322 ], [ 55.911364862049602, 25.121541820061985 ], [ 55.91126434985928, 25.121662370618616 ], [ 55.911169470536784, 25.121786647299736 ], [ 55.911080390541663, 25.121914432092606 ], [ 55.910997266161417, 25.12204550082965 ], [ 55.910920243237321, 25.122179623581754 ], [ 55.910849456908458, 25.122316565061503 ], [ 55.910785031374466, 25.122456085035868 ], [ 55.910727079677578, 25.12259793874761 ], [ 55.910675703504268, 25.122741877344666 ], [ 55.910630993006549, 25.122887648316553 ], [ 55.910593026643902, 25.123034995937481 ], [ 55.910561871045168, 25.12318366171473 ], [ 55.91053758089182, 25.12333338484224 ], [ 55.910520198821615, 25.123483902658123 ], [ 55.910509755353786, 25.123634951105355 ], [ 55.910506268835206, 25.123786265195122 ], [ 55.910509745408142, 25.123937579471498 ], [ 55.910520178999178, 25.124088628477427 ], [ 55.910537551329725, 25.124239147220131 ], [ 55.91056183194803, 25.124388871636242 ], [ 55.910592978282217, 25.124537539054899 ], [ 55.910630935714934, 25.124684888658702 ], [ 55.910675637679006, 25.124830661941253 ], [ 55.910727005773985, 25.124974603160762 ], [ 55.910784949903544, 25.125116459788597 ], [ 55.910849368433517, 25.125255982952524 ], [ 55.910920148369897, 25.1253929278733 ], [ 55.910997165557013, 25.125527054294107 ], [ 55.911080284895178, 25.125658126902199 ], [ 55.911169360577802, 25.125785915741691 ], [ 55.911264236346703, 25.125910196617127 ], [ 55.911364745766562, 25.126030751486844 ], [ 55.911470712516625, 25.126147368845544 ], [ 55.911581950700025, 25.126259844095426 ], [ 55.911698265169896, 25.126367979905265 ], [ 55.911819451871622, 25.126471586556583 ], [ 55.911945298201005, 25.126570482276612 ], [ 55.912075583376996, 25.126664493557282 ], [ 55.912210078829332, 25.126753455459642 ], [ 55.912348548599269, 25.126837211903315 ], [ 55.912490749753886, 25.126915615940465 ], [ 55.912636432812072, 25.126988530013552 ], [ 55.912785342182467, 25.127055826196784 ], [ 55.912937216611915, 25.127117386420629 ], [ 55.91309178964385, 25.12717310267897 ], [ 55.913248790085859, 25.127222877218703 ], [ 55.913407942485719, 25.127266622711179 ], [ 55.913568967614601, 25.127304262405605 ], [ 55.913731582957169, 25.127335730263614 ], [ 55.913895503207371, 25.127360971075177 ], [ 55.91406044076912, 25.127379940555613 ], [ 55.914226106260905, 25.127392605423061 ], [ 55.914392209023887, 25.12739894345717 ], [ 55.914558457631699, 25.127398943537909 ], [ 55.914724560402121, 25.127392605665126 ], [ 55.914890225908778, 25.127379940958541 ], [ 55.915055163492717, 25.127360971638335 ], [ 55.915219083772506, 25.127335730985969 ], [ 55.915381699151958, 25.127304263285904 ], [ 55.915542724324951, 25.127266623747854 ], [ 55.915701876776076, 25.127222878409963 ], [ 55.915858877276435, 25.12717310402271 ], [ 55.916013450373654, 25.127117387914502 ], [ 55.916165324875244, 25.127055827838149 ], [ 55.916314234324524, 25.126988531799544 ], [ 55.916459917468138, 25.126915617867947 ], [ 55.916602118714636, 25.126837213968912 ], [ 55.916740588582748, 25.126753457659706 ], [ 55.916875084139321, 25.126664495887969 ], [ 55.91700536942551, 25.126570484733829 ], [ 55.917131215870789, 25.126471589136035 ], [ 55.917252402693947, 25.126367982602407 ], [ 55.917368717290522, 25.12625984690554 ], [ 55.917479955605749, 25.126147371763686 ], [ 55.917585922492485, 25.126030754507887 ], [ 55.917686432053614, 25.125910199735792 ], [ 55.917781307968184, 25.125785918952481 ], [ 55.917870383800512, 25.125658130199483 ], [ 55.917953503292303, 25.125527057672134 ], [ 55.918030520636606, 25.12539293132609 ], [ 55.918101300733433, 25.125255986474077 ], [ 55.918165719426916, 25.125116463372706 ], [ 55.918223663722728, 25.124974606801143 ], [ 55.91827503198639, 25.124830665631539 ], [ 55.918319734121276, 25.12468489239237 ], [ 55.918357691726648, 25.124537542825433 ], [ 55.918388838235053, 25.12438887543701 ], [ 55.918413119028791, 25.124239151044485 ], [ 55.91843049153573, 25.124088632318635 ], [ 55.918440925303756, 25.123937583322842 ], [ 55.918444402054007, 25.123786269049809 ], [ 55.918440915712729, 25.123634954956668 ] ] ] ] } },
{ "type": "Feature", "properties": { "field_id": 3, "diam_km": 0.41695638409238001, "status": "active", "active_frac": 0.644, "mean_prob": 0.644, "uncertainty_frac": 0.0, "area_ha": 13.65, "active_area_ha": 8.79, "credit_score": 72 }, "geometry": { "type": "MultiPolygon", "coordinates": [ [ [ [ 55.921924448010259, 25.126364950329815 ], [ 55.921919008655692, 25.126286261396444 ], [ 55.9219099545315, 25.126207848847532 ], [ 55.921897301528517, 25.126129850244677 ], [ 55.921881071851139, 25.126052402422989 ], [ 55.921861293978147, 25.125975641251152 ], [ 55.921838002612908, 25.125899701392978 ], [ 55.921811238622425, 25.125824716071101 ], [ 55.921781048965457, 25.125750816833467 ], [ 55.921747486610144, 25.125678133322413 ], [ 55.921710610441238, 25.12560679304725 ], [ 55.921670485156433, 25.125536921160677 ], [ 55.921627181153148, 25.125468640239131 ], [ 55.921580774404809, 25.125402070067906 ], [ 55.921531346327548, 25.12533732743081 ], [ 55.921478983637478, 25.125274525905539 ], [ 55.92142377819841, 25.125213775664299 ], [ 55.921365826860772, 25.125155183280551 ], [ 55.921305231291591, 25.125098851542194 ], [ 55.921242097796288, 25.125044879271062 ], [ 55.921176537131977, 25.124993361149809 ], [ 55.921108664313337, 25.124944387555544 ], [ 55.921038598410796, 25.124898044401611 ], [ 55.920966462341539, 25.124854412986672 ], [ 55.920892382654053, 25.124813569852179 ], [ 55.920816489306105, 25.124775586648077 ], [ 55.920738915436608, 25.12474053000717 ], [ 55.920659797132309, 25.124708461428256 ], [ 55.920579273188913, 25.124679437168211 ], [ 55.920497484867703, 25.124653508143297 ], [ 55.920414575647719, 25.124630719839871 ], [ 55.920330690974041, 25.124611112234629 ], [ 55.920245978002868, 25.124594719724527 ], [ 55.920160585343076, 25.124581571066269 ], [ 55.920074662795855, 25.124571689326039 ], [ 55.919988361091796, 25.124565091839028 ], [ 55.919901831626525, 25.124561790178955 ], [ 55.919815226195169, 25.124561790137758 ], [ 55.919728696726075, 25.124565091715507 ], [ 55.919642395014442, 25.124571689120412 ], [ 55.919556472455888, 25.124581570778865 ], [ 55.919471079781005, 25.124594719355876 ], [ 55.919386366791002, 25.124611111785402 ], [ 55.919302482094835, 25.124630719310797 ], [ 55.919219572848675, 25.124653507535353 ], [ 55.9191377844977, 25.124679436482488 ], [ 55.919057260520987, 25.124708460665929 ], [ 55.91897814217986, 25.124740529169529 ], [ 55.918900568270146, 25.124775585736618 ], [ 55.918824674878572, 25.124813568868515 ], [ 55.918750595144239, 25.124854411932557 ], [ 55.918678459024903, 25.124898043278861 ], [ 55.91860839306915, 25.124944386366128 ], [ 55.918540520194277, 25.124993359895797 ], [ 55.918474959470863, 25.125044877954682 ], [ 55.918411825913566, 25.125098850165752 ], [ 55.91835123027974, 25.125155181846459 ], [ 55.918293278874827, 25.125213774175066 ], [ 55.918238073366012, 25.125274524363761 ], [ 55.918185710603851, 25.125337325839229 ], [ 55.918136282452302, 25.125402068429267 ], [ 55.918089875627523, 25.125468638556374 ], [ 55.918046571545844, 25.125536919436694 ], [ 55.91800644618084, 25.125606791285087 ], [ 55.917969569930015, 25.125678131525163 ], [ 55.917936007491292, 25.125750815004299 ], [ 55.917905817749457, 25.125824714213199 ], [ 55.917879053672891, 25.125899699509592 ], [ 55.917855762220505, 25.125975639345633 ], [ 55.917835984259412, 25.126052400498633 ], [ 55.917819754493102, 25.12612984830486 ], [ 55.91780710140057, 25.126207846895696 ], [ 55.917798047186359, 25.126286259436004 ], [ 55.917792607741461, 25.126364948364188 ], [ 55.917790792615413, 25.126443775633529 ], [ 55.917792604999569, 25.126522602954363 ], [ 55.917798041721326, 25.126601292036611 ], [ 55.917807093249777, 25.126679704832505 ], [ 55.917819743712265, 25.126757703778726 ], [ 55.917835970922297, 25.126835152037703 ], [ 55.917855746418297, 25.126911913737725 ], [ 55.917879035513607, 25.126987854211308 ], [ 55.917905797357193, 25.1270628402314 ], [ 55.917935985005293, 25.127136740245255 ], [ 55.917969545503873, 25.127209424605045 ], [ 55.918006419981232, 25.127280765795508 ], [ 55.918046543751515, 25.127350638657536 ], [ 55.918089846427925, 25.127418920607877 ], [ 55.918136252046374, 25.127485491853967 ], [ 55.918185679198601, 25.127550235604474 ], [ 55.918238041175037, 25.127613038273893 ], [ 55.918293246116853, 25.127673789682056 ], [ 55.918351197177088, 25.127732383247192 ], [ 55.918411792690669, 25.127788716173221 ], [ 55.918474926352602, 25.127842689629908 ], [ 55.918540487404606, 25.127894208926396 ], [ 55.91860836082919, 25.127943183677189 ], [ 55.918678427551782, 25.127989527960903 ], [ 55.918750564649386, 25.128033160470945 ], [ 55.918824645566303, 25.128074004658188 ], [ 55.918900540336224, 25.128111988865314 ], [ 55.918978115810134, 25.128147046452408 ], [ 55.919057235890129, 25.128179115914108 ], [ 55.919137761768013, 25.128208140987351 ], [ 55.91921955216894, 25.128234070750175 ], [ 55.919302463599294, 25.128256859710991 ], [ 55.919386350598415, 25.128276467888501 ], [ 55.91947106599391, 25.128292860881803 ], [ 55.919556461159821, 25.128306009930732 ], [ 55.919642386277388, 25.128315891966384 ], [ 55.919728690598028, 25.128322489651495 ], [ 55.919815222707712, 25.128325791410983 ], [ 55.91990183079281, 25.12832579145218 ], [ 55.919988362906309, 25.128322489775023 ], [ 55.920074667234516, 25.128315892172029 ], [ 55.92016059236343, 25.128306010218129 ], [ 55.920245987544419, 25.128292861250468 ], [ 55.920330702958765, 25.12827646833777 ], [ 55.92041458998041, 25.128256860240072 ], [ 55.920497501436927, 25.12823407135814 ], [ 55.920579291867604, 25.128208141673163 ], [ 55.920659817778812, 25.128179116676531 ], [ 55.920738937895628, 25.128147047290103 ], [ 55.920816513409797, 25.128111989776787 ], [ 55.920892408223303, 25.128074005641906 ], [ 55.920966489187101, 25.128033161525131 ], [ 55.921038626334813, 25.12798952908372 ], [ 55.921108693110632, 25.12794318486668 ], [ 55.921176566591463, 25.127894210180461 ], [ 55.921242127702577, 25.127842690946363 ], [ 55.921305261426483, 25.127788717549752 ], [ 55.921365857004744, 25.127732384681373 ], [ 55.921423808132261, 25.127673791171365 ], [ 55.921479013143809, 25.127613039815728 ], [ 55.921531375192352, 25.127550237196129 ], [ 55.921580802418902, 25.127485493492635 ], [ 55.92162720811379, 25.12741892229068 ], [ 55.921670510868601, 25.127350640381593 ], [ 55.921710634719069, 25.127280767557735 ], [ 55.921747509278369, 25.127209426402327 ], [ 55.921781069860373, 25.127136742074491 ], [ 55.92181125759334, 25.127062842089348 ], [ 55.921838019523001, 25.126987856094715 ], [ 55.921861308705481, 25.126911915643305 ], [ 55.921881084289595, 25.126835153962073 ], [ 55.921897311588566, 25.126757705718546 ], [ 55.92190996214061, 25.126679706784351 ], [ 55.921919013759059, 25.126601293997055 ], [ 55.921924450571169, 25.12652260491998 ], [ 55.921926263045798, 25.126443777600873 ], [ 55.921924448010259, 25.126364950329815 ] ] ] ] } },
{ "type": "Feature", "properties": { "field_id": 4, "diam_km": 0.83460372335593902, "status": "active", "active_frac": 0.82, "mean_prob": 0.82, "uncertainty_frac": 0.0, "area_ha": 54.7, "active_area_ha": 44.86, "credit_score": 86 }, "geometry": { "type": "MultiPolygon", "coordinates": [ [ [ [ 55.927285685140895, 25.121639156255739 ], [ 55.92727479496503, 25.121481648054036 ], [ 55.927256669571364, 25.12132469318647 ], [ 55.927231340785369, 25.121168567002627 ], [ 55.927198853069079, 25.121013543397289 ], [ 55.927159263442995, 25.120859894329922 ], [ 55.927112641385783, 25.12070788934761 ], [ 55.927059068712325, 25.120557795112312 ], [ 55.926998639429875, 25.120409874932918 ], [ 55.926931459573112, 25.120264388303529 ], [ 55.926857647017862, 25.12012159044815 ], [ 55.926777331274266, 25.119981731873143 ], [ 55.926690653259357, 25.11984505792768 ], [ 55.926597765049841, 25.119711808373449 ], [ 55.926498829615042, 25.119582216964179 ], [ 55.926394020531134, 25.119456511035452 ], [ 55.926283521676325, 25.119334911106122 ], [ 55.92616752690838, 25.11921763049153 ], [ 55.926046239724535, 25.11910487492926 ], [ 55.925919872904224, 25.118996842218394 ], [ 55.925788648136063, 25.11889372187251 ], [ 55.9256527956288, 25.11879569478733 ], [ 55.925512553707492, 25.118702932923554 ], [ 55.925368168395522, 25.118615599005032 ], [ 55.925219892982923, 25.118533846233685 ], [ 55.925067987582217, 25.118457818020499 ], [ 55.924912718672097, 25.118387647734242 ], [ 55.924754358630082, 25.118323458467515 ], [ 55.924593185254842, 25.118265362820736 ], [ 55.9244294812788, 25.11821346270489 ], [ 55.924263533872512, 25.11816784916266 ], [ 55.924095634140812, 25.118128602208714 ], [ 55.923926076612375, 25.118095790689551 ], [ 55.92375515872321, 25.11806947216267 ], [ 55.923583180294933, 25.118049692795545 ], [ 55.923410443009104, 25.118036487284826 ], [ 55.923237249878092, 25.118029878795362 ], [ 55.923063904713594, 25.118029878919639 ], [ 55.922890711593979, 25.118036487657484 ], [ 55.922717974331007, 25.118049693415891 ], [ 55.922545995936972, 25.118069473029621 ], [ 55.92237507809331, 25.118095791801611 ], [ 55.92220552062166, 25.118128603563903 ], [ 55.922037620957823, 25.118167850758603 ], [ 55.921871673630442, 25.11821346453883 ], [ 55.92170796974419, 25.118265364889414 ], [ 55.921546796469457, 25.118323460767314 ], [ 55.921388436538479, 25.118387650261127 ], [ 55.921233167749747, 25.118457820770036 ], [ 55.92108126248057, 25.118533849201064 ], [ 55.92093298720939, 25.118615602185059 ], [ 55.920788602048482, 25.118702936310605 ], [ 55.920648360287672, 25.118795698375521 ], [ 55.920512507949965, 25.118893725655486 ], [ 55.920381283360236, 25.118996846189589 ], [ 55.920254916726819, 25.119104879081672 ], [ 55.92013362973799, 25.119217634817868 ], [ 55.920017635172968, 25.119334915598792 ], [ 55.919907136528515, 25.119456515686572 ], [ 55.919802327662048, 25.11958222176564 ], [ 55.919703392451467, 25.119711813316819 ], [ 55.919610504472445, 25.119845063004224 ], [ 55.919523826693997, 25.119981737073996 ], [ 55.919443511192377, 25.120121595764182 ], [ 55.919369698884168, 25.120264393725421 ], [ 55.9193025192791, 25.120409880451167 ], [ 55.919242090252574, 25.120557800717219 ], [ 55.919188517838798, 25.120707895029366 ], [ 55.919141896044586, 25.120859900078553 ], [ 55.919102306684309, 25.121013549202676 ], [ 55.919069819236249, 25.121168572854629 ], [ 55.919044490720374, 25.12132469907478 ], [ 55.919026365598242, 25.121481653968353 ], [ 55.919015475694906, 25.121639162185712 ], [ 55.919011840142609, 25.121796947405507 ], [ 55.919015465347343, 25.121954732819383 ], [ 55.919026344977134, 25.122112241617518 ], [ 55.919044459973179, 25.122269197474502 ], [ 55.919069778583001, 25.122425325033721 ], [ 55.919102256415883, 25.122580350390823 ], [ 55.919141836520652, 25.122734001574049 ], [ 55.919188449485432, 25.122886009021435 ], [ 55.919242013559149, 25.12303610605381 ], [ 55.919302434794844, 25.123184029342561 ], [ 55.919369607214271, 25.123329519371858 ], [ 55.9194434129938, 25.1234723208938 ], [ 55.919523722670796, 25.123612183376309 ], [ 55.919610395370768, 25.123748861442845 ], [ 55.919703279054332, 25.12388211530277 ], [ 55.919802210783899, 25.124011711172216 ], [ 55.919907017009244, 25.124137421684242 ], [ 55.920017513872246, 25.124259026287866 ], [ 55.920133507529066, 25.124376311634975 ], [ 55.920254794490361, 25.124489071954773 ], [ 55.920381161978156, 25.124597109414868 ], [ 55.920512388299187, 25.124700234468282 ], [ 55.920648243233806, 25.124798266186328 ], [ 55.920788488439968, 25.124891032575782 ], [ 55.920932877871209, 25.124978370881049 ], [ 55.921081158208644, 25.125060127869499 ], [ 55.921233069305146, 25.125136160100457 ], [ 55.921388344642125, 25.125206334177051 ], [ 55.921546711796928, 25.125270526980106 ], [ 55.921707892921049, 25.125328625884361 ], [ 55.921871605227672, 25.125380528955958 ], [ 55.922037561487841, 25.125426145131563 ], [ 55.922205470534614, 25.12546539437794 ], [ 55.922375037773925, 25.125498207832564 ], [ 55.92254596570173, 25.125524527924366 ], [ 55.922717954425941, 25.125544308474876 ], [ 55.922890702192788, 25.125557514779189 ], [ 55.923063905916457, 25.125564123666802 ], [ 55.92323726171086, 25.125564123542492 ], [ 55.923410465423061, 25.125557514406474 ], [ 55.923583213167056, 25.125544307854422 ], [ 55.923755201857027, 25.125524527057266 ], [ 55.923926129739286, 25.125498206720312 ], [ 55.924095696921832, 25.125465393022537 ], [ 55.92426360590067, 25.125426143535339 ], [ 55.924429562081912, 25.125380527121742 ], [ 55.924593274298715, 25.125328623815363 ], [ 55.924754455322301, 25.125270524679969 ], [ 55.924912822366011, 25.125206331649792 ], [ 55.925068097581544, 25.125136157350539 ], [ 55.925220008546518, 25.125060124901687 ], [ 55.92536828874244, 25.12497836770061 ], [ 55.925512678022578, 25.124891029188262 ], [ 55.925652923068171, 25.124798262597665 ], [ 55.925788777833155, 25.124700230684834 ], [ 55.925920003975769, 25.124597105443232 ], [ 55.926046371276598, 25.124489067801928 ], [ 55.926167658042779, 25.124376307308196 ], [ 55.926283651496639, 25.124259021794732 ], [ 55.926394148149214, 25.124137417032642 ], [ 55.926498954157069, 25.124011706370329 ], [ 55.926597885662332, 25.123882110359016 ], [ 55.926690769115339, 25.123748856365893 ], [ 55.926777441578828, 25.123612178175105 ], [ 55.926857751013813, 25.123472315577374 ], [ 55.926931556546215, 25.123329513949614 ], [ 55.926998728713947, 25.123184023824013 ], [ 55.927059149693669, 25.123036100448605 ], [ 55.927112713507682, 25.122886003339449 ], [ 55.927159326209441, 25.122733995825214 ], [ 55.927198906048368, 25.122580344585252 ], [ 55.927231383613019, 25.122425319181566 ], [ 55.927256701952686, 25.122269191586039 ], [ 55.927274816677176, 25.122112235703124 ], [ 55.927285696034446, 25.121954726889363 ], [ 55.927289320966182, 25.121796941470329 ], [ 55.927285685140895, 25.121639156255739 ] ] ] ] } },
{ "type": "Feature", "properties": { "field_id": 5, "diam_km": 0.79836585017504502, "status": "active", "active_frac": 0.932, "mean_prob": 0.932, "uncertainty_frac": 0.0, "area_ha": 50.04, "active_area_ha": 46.62, "credit_score": 95 }, "geometry": { "type": "MultiPolygon", "coordinates": [ [ [ [ 55.921116276337827, 25.116694081368621 ], [ 55.921105859722346, 25.116543411938377 ], [ 55.921088522312431, 25.116393271806167 ], [ 55.921064294548714, 25.116243924366387 ], [ 55.921033218959472, 25.116095631621917 ], [ 55.920995350085612, 25.115948653724406 ], [ 55.920950754384876, 25.115803248517896 ], [ 55.920899510115163, 25.115659671086636 ], [ 55.92084170719707, 25.115518173307485 ], [ 55.920777447055876, 25.115379003408176 ], [ 55.920706842443579, 25.115242405531763 ], [ 55.920630017240981, 25.115108619308554 ], [ 55.920547106240171, 25.114977879435642 ], [ 55.920458254908027, 25.114850415265288 ], [ 55.920363619130839, 25.114726450402539 ], [ 55.920263364940816, 25.114606202313219 ], [ 55.920157668224789, 25.114489881942291 ], [ 55.920046714415435, 25.114377693343975 ], [ 55.919930698166191, 25.114269833323792 ], [ 55.919809823009452, 25.114166491093428 ], [ 55.919684300999705, 25.114067847938873 ], [ 55.919554352341535, 25.113974076902377 ], [ 55.919420205003156, 25.11388534247904 ], [ 55.919282094316664, 25.113801800328371 ], [ 55.919140262565229, 25.113723597001076 ], [ 55.918994958558137, 25.113650869682253 ], [ 55.91884643719424, 25.11358374595066 ], [ 55.918694959015028, 25.113522343555033 ], [ 55.918540789747574, 25.113466770207484 ], [ 55.918384199838556, 25.113417123394754 ], [ 55.918225463979809, 25.113373490207081 ], [ 55.918064860626686, 25.113335947185607 ], [ 55.917902671509623, 25.113304560187995 ], [ 55.917739181140092, 25.113279384273092 ], [ 55.917574676311638, 25.113260463604199 ], [ 55.917409445596768, 25.113247831371766 ], [ 55.91724377884119, 25.113241509735122 ], [ 55.917077966655164, 25.113241509783609 ], [ 55.916912299904055, 25.113247831517114 ], [ 55.916747069198124, 25.113260463846157 ], [ 55.916582564382963, 25.113279384611243 ], [ 55.916419074031218, 25.113304560621778 ], [ 55.916256884936296, 25.113335947714233 ], [ 55.916096281609661, 25.113373490829634 ], [ 55.915937545781674, 25.113417124110093 ], [ 55.915780955907685, 25.113466771014394 ], [ 55.915626786679425, 25.113522344452079 ], [ 55.91547530854352, 25.113583746936314 ], [ 55.915326787226967, 25.113650870754746 ], [ 55.915181483271176, 25.113723598158547 ], [ 55.915039651574929, 25.113801801568766 ], [ 55.914901540947355, 25.113885343800202 ], [ 55.914767393671546, 25.113974078301986 ], [ 55.914637445079514, 25.11406784941445 ], [ 55.914511923139386, 25.11416649264245 ], [ 55.914391048055521, 25.114269834943478 ], [ 55.914275031882347, 25.114377695031532 ], [ 55.914164078152169, 25.114489883694716 ], [ 55.91405838151816, 25.114606204127451 ], [ 55.913958127412982, 25.114726452275391 ], [ 55.913863491723227, 25.114850417193455 ], [ 55.91377464048098, 25.114977881415797 ], [ 55.91369172957242, 25.115108621337193 ], [ 55.91361490446419, 25.11524240760534 ], [ 55.913544299948263, 25.115379005523014 ], [ 55.913480039905224, 25.115518175459947 ], [ 55.913422237086948, 25.115659673272887 ], [ 55.913370992918573, 25.11580325073411 ], [ 55.913326397320382, 25.115948655966694 ], [ 55.913288528550183, 25.116095633886367 ], [ 55.913257453065576, 25.116243926648995 ], [ 55.913233225407218, 25.116393274102951 ], [ 55.913215888103203, 25.116543414245317 ], [ 55.913205471594026, 25.116694083681665 ], [ 55.913201994179168, 25.116845018088021 ], [ 55.913205461984759, 25.11699595267466 ], [ 55.913215868952619, 25.117146622650523 ], [ 55.913233196850804, 25.117296763687875 ], [ 55.913257415305281, 25.117446112385906 ], [ 55.913288481853151, 25.117594406732938 ], [ 55.913326342016873, 25.117741386566127 ], [ 55.913370929399832, 25.117886794027779 ], [ 55.913422165802423, 25.118030374017877 ], [ 55.913479961359307, 25.11817187464159 ], [ 55.913544214696799, 25.118311047651275 ], [ 55.913614813110627, 25.118447648882 ], [ 55.913691632763467, 25.11858143867995 ], [ 55.913774538902139, 25.118712182322984 ], [ 55.913863386093908, 25.118839650432378 ], [ 55.913958018481502, 25.118963619375421 ], [ 55.914058270056472, 25.119083871657718 ], [ 55.91416396495039, 25.119200196304881 ], [ 55.914274917743256, 25.119312389232693 ], [ 55.914390933788887, 25.119420253605284 ], [ 55.914511809556238, 25.11952360018039 ], [ 55.914637332986516, 25.119622247641626 ], [ 55.914767283865238, 25.119716022916457 ], [ 55.914901434208602, 25.119804761480037 ], [ 55.915039548663422, 25.119888307643894 ], [ 55.915181384920075, 25.119966514829152 ], [ 55.915326694137711, 25.120039245823598 ], [ 55.915475221380873, 25.120106373022772 ], [ 55.915626706066924, 25.12016777865357 ], [ 55.91578088242305, 25.120223354981182 ], [ 55.915937479952944, 25.120273004497982 ], [ 55.916096223911246, 25.120316640094753 ], [ 55.916256835785816, 25.120354185213451 ], [ 55.916419033786433, 25.120385573981711 ], [ 55.916582533339323, 25.120410751328293 ], [ 55.916747047586583, 25.120429673079823 ], [ 55.916912287889531, 25.120442306038257 ], [ 55.91707796433527, 25.12044862803916 ], [ 55.91724378624555, 25.12044862799068 ], [ 55.917409462686834, 25.120442305892873 ], [ 55.917574702980858, 25.120429672837815 ], [ 55.917739217214752, 25.120410750990079 ], [ 55.917902716749879, 25.120385573547878 ], [ 55.918064914728348, 25.120354184684761 ], [ 55.918225526576435, 25.120316639472136 ], [ 55.918384270503942, 25.120273003782522 ], [ 55.918540867998793, 25.120223354174161 ], [ 55.918695044315726, 25.120167777756389 ], [ 55.918846528958433, 25.120106372036986 ], [ 55.918995056154245, 25.120039244750973 ], [ 55.91914036532058, 25.119966513671532 ], [ 55.919282201522023, 25.11988830640335 ], [ 55.919420315917883, 25.119804760158711 ], [ 55.919554466198626, 25.119716021516666 ], [ 55.919684417011226, 25.119622246165868 ], [ 55.919809940371898, 25.119523598631211 ], [ 55.919930816066319, 25.119420251985428 ], [ 55.92004683203583, 25.119312387544991 ], [ 55.920157784749541, 25.119200194552302 ], [ 55.920263479561385, 25.119083869843337 ], [ 55.920363731051523, 25.118963617502427 ], [ 55.920458363351663, 25.118839648504025 ], [ 55.920547210453485, 25.118712180342666 ], [ 55.920630116499929, 25.118581436651159 ], [ 55.920706936058359, 25.118447646808285 ], [ 55.920777534375809, 25.118311045536302 ], [ 55.920841787615103, 25.118171872489039 ], [ 55.920899583072156, 25.118030371831527 ], [ 55.920950819373481, 25.117886791811475 ], [ 55.920995406653837, 25.117741384323764 ], [ 55.921033266713849, 25.117594404468424 ], [ 55.921064333157112, 25.117446110103241 ], [ 55.921088551506202, 25.117296761391021 ], [ 55.921105879298459, 25.117146620343551 ], [ 55.921116286160036, 25.116995950361598 ], [ 55.921119753859145, 25.116845015772956 ], [ 55.921116276337827, 25.116694081368621 ] ] ] ] } },
{ "type": "Feature", "properties": { "field_id": 6, "diam_km": 0.79867747217752505, "status": "active", "active_frac": 0.908, "mean_prob": 0.908, "uncertainty_frac": 0.0, "area_ha": 50.15, "active_area_ha": 45.54, "credit_score": 93 }, "geometry": { "type": "MultiPolygon", "coordinates": [ [ [ [ 55.928794019366372, 25.11446317552733 ], [ 55.928783599032492, 25.114312447232635 ], [ 55.928766255327886, 25.114162248436688 ], [ 55.928742018704369, 25.11401284263685 ], [ 55.928710931705702, 25.113864491938333 ], [ 55.92867304889284, 25.113717456594436 ], [ 55.928628436747992, 25.113571994550068 ], [ 55.928577173557954, 25.11342836098909 ], [ 55.928519349276449, 25.113286807886904 ], [ 55.9284550653663, 25.113147583568185 ], [ 55.928384434621222, 25.113010932271575 ], [ 55.928307580967868, 25.112877093721039 ], [ 55.928224639248235, 25.112746302705446 ], [ 55.928135754983082, 25.112618788666783 ], [ 55.928041084116536, 25.112494775297616 ], [ 55.927940792742334, 25.112374480148823 ], [ 55.927835056812562, 25.112258114247897 ], [ 55.927724061828691, 25.11214588172896 ], [ 55.927608002516386, 25.112037979474572 ], [ 55.92748708248358, 25.111934596770496 ], [ 55.927361513863545, 25.111835914973714 ], [ 55.927231516942541, 25.111742107194246 ], [ 55.927097319773502, 25.111653337991712 ], [ 55.926959157775961, 25.111569763086532 ], [ 55.926817273323067, 25.11149152908698 ], [ 55.926671915316504, 25.111418773231858 ], [ 55.926523338749931, 25.111351623150028 ], [ 55.926371804261677, 25.111290196636403 ], [ 55.926217577677534, 25.111234601445453 ], [ 55.926060929544732, 25.111184935102198 ], [ 55.925902134657264, 25.111141284731179 ], [ 55.925741471573978, 25.111103726903632 ], [ 55.925579222130146, 25.111072327503205 ], [ 55.925415670943011, 25.111047141610495 ], [ 55.925251104912789, 25.111028213406328 ], [ 55.925085812719409, 25.111015576094371 ], [ 55.924920084316341, 25.111009251842834 ], [ 55.924754210422023, 25.111009251745667 ], [ 55.924588482010009, 25.111015575803012 ], [ 55.92442318979878, 25.111028212921301 ], [ 55.924258623741785, 25.111047140932644 ], [ 55.924095072519052, 25.111072326633714 ], [ 55.923932823030839, 25.111103725843996 ], [ 55.923772159894504, 25.111141283483306 ], [ 55.923613364945339, 25.111184933668259 ], [ 55.923456716742322, 25.111234599827974 ], [ 55.923302490079621, 25.111290194838197 ], [ 55.923150955504532, 25.111351621174261 ], [ 55.923002378843037, 25.111418771082004 ], [ 55.922857020733652, 25.111491526766812 ], [ 55.922715136170204, 25.111569760600116 ], [ 55.922576974054529, 25.111653335343416 ], [ 55.922442776760036, 25.111742104388693 ], [ 55.922312779706452, 25.111835912015806 ], [ 55.922187210946937, 25.111934593665477 ], [ 55.922066290768015, 25.11203797622786 ], [ 55.921950231303171, 25.11214587834624 ], [ 55.9218392361607, 25.11225811073513 ], [ 55.921733500066431, 25.112374476512148 ], [ 55.921633208522223, 25.11249477154341 ], [ 55.921538537480394, 25.112618784801661 ], [ 55.921449653035012, 25.112746298736162 ], [ 55.921366711130517, 25.112877089654567 ], [ 55.921289857287988, 25.113010928115045 ], [ 55.921219226349756, 25.113147579328885 ], [ 55.921154942242822, 25.11328680357224 ], [ 55.921097117761228, 25.113428356606711 ], [ 55.921045854368167, 25.113571990107591 ], [ 55.921001242017709, 25.113717452099678 ], [ 55.920963358996993, 25.113864487399177 ], [ 55.920932271788622, 25.114012838061257 ], [ 55.920908034953925, 25.114162243832698 ], [ 55.920890691037016, 25.114312442608306 ], [ 55.920880270490088, 25.11446317089079 ], [ 55.920876791619662, 25.114614164252927 ], [ 55.920880260554469, 25.114765157801582 ], [ 55.920890671234368, 25.114915886642258 ], [ 55.920908005420891, 25.115066086343916 ], [ 55.920932232729029, 25.115215493402836 ], [ 55.920963310680293, 25.115363845705026 ], [ 55.921001184777239, 25.115510882985863 ], [ 55.921045788598803, 25.115656347286915 ], [ 55.921097043916511, 25.115799983408447 ], [ 55.921154860831891, 25.115941539357117 ], [ 55.921219137933832, 25.116080766788276 ], [ 55.921289762476292, 25.116217421441476 ], [ 55.921366610576214, 25.116351263569197 ], [ 55.92144954743047, 25.116482058357445 ], [ 55.921538427552456, 25.116609576337808 ], [ 55.921633095027133, 25.116733593790059 ], [ 55.921733383784513, 25.116853893134685 ], [ 55.921839117890947, 25.116970263314737 ], [ 55.921950111857626, 25.117082500166113 ], [ 55.92206617096614, 25.117190406775862 ], [ 55.922187091609921, 25.117293793827656 ], [ 55.922312661651418, 25.117392479934033 ], [ 55.922442660794424, 25.117486291954691 ], [ 55.922576860970395, 25.117575065300315 ], [ 55.922715026738722, 25.117658644221404 ], [ 55.922856915699796, 25.117736882081552 ], [ 55.923002278920286, 25.117809641614837 ], [ 55.923150861370011, 25.11787679516663 ], [ 55.923302402369387, 25.117938224917619 ], [ 55.923456636046872, 25.117993823090668 ], [ 55.923613291805552, 25.11804349213984 ], [ 55.92377209479794, 25.11808714492161 ], [ 55.923932766408271, 25.118124704847855 ], [ 55.924095024741547, 25.118156106020155 ], [ 55.924258585118118, 25.118181293345526 ], [ 55.924423160573312, 25.118200222633067 ], [ 55.924588462361143, 25.118212860671544 ], [ 55.924754200460789, 25.118219185287636 ], [ 55.924920084085819, 25.118219185384834 ], [ 55.925085822194411, 25.118212860962963 ], [ 55.925251124000084, 25.118200223118183 ], [ 55.925415699482052, 25.11818129402349 ], [ 55.925579259894249, 25.118156106889767 ], [ 55.925741518271906, 25.118124705907608 ], [ 55.92590218993535, 25.118087146169668 ], [ 55.926060992989441, 25.118043493573975 ], [ 55.926217648818323, 25.117993824708392 ], [ 55.926371882574443, 25.117938226716063 ], [ 55.926523423660662, 25.117876797142635 ], [ 55.926672006205351, 25.117809643764971 ], [ 55.926817369528685, 25.117736884402042 ], [ 55.926959258600355, 25.117658646708147 ], [ 55.927097424486853, 25.117575067948955 ], [ 55.927231624788334, 25.117486294760582 ], [ 55.92736162406397, 25.117392482892264 ], [ 55.927487194244989, 25.117293796933019 ], [ 55.927608115034928, 25.117190410022925 ], [ 55.927724174295989, 25.117082503549174 ], [ 55.92783516842136, 25.116970266827849 ], [ 55.927940902692278, 25.116853896771691 ], [ 55.928041191619762, 25.116733597544574 ], [ 55.928135859269752, 25.116609580203253 ], [ 55.928224739572016, 25.116482062327012 ], [ 55.928307676611183, 25.116351267635952 ], [ 55.928384524900302, 25.116217425598276 ], [ 55.928455149635965, 25.116080771027843 ], [ 55.928519426934685, 25.115941543672008 ], [ 55.928577244050189, 25.115799987791057 ], [ 55.928628499570969, 25.115656351729569 ], [ 55.928673103598157, 25.115510887480792 ], [ 55.928710977902952, 25.115363850244318 ], [ 55.928742056063953, 25.115215497978557 ], [ 55.928766283583272, 25.115066090947977 ], [ 55.928783617982113, 25.114915891266627 ], [ 55.928794028875082, 25.114765162438164 ], [ 55.92879749802335, 25.114614168893581 ], [ 55.928794019366372, 25.11446317552733 ] ] ] ] } },
{ "type": "Feature", "properties": { "field_id": 7, "diam_km": 0.79748155628675599, "status": "active", "active_frac": 0.713, "mean_prob": 0.713, "uncertainty_frac": 0.0, "area_ha": 49.9, "active_area_ha": 35.56, "credit_score": 77 }, "geometry": { "type": "MultiPolygon", "coordinates": [ [ [ [ 55.922634459424572, 25.109478437043347 ], [ 55.922624054915453, 25.109327934355012 ], [ 55.922606737683452, 25.109177960380588 ], [ 55.922582538133803, 25.109028778222967 ], [ 55.922551498745193, 25.108880649595093 ], [ 55.922513673994935, 25.108733834360638 ], [ 55.922469130263309, 25.108588590078401 ], [ 55.922417945717037, 25.108445171550251 ], [ 55.92236021017181, 25.108303830374286 ], [ 55.922296024934695, 25.108164814503592 ], [ 55.922225502626262, 25.108028367810959 ], [ 55.922148766982851, 25.107894729661524 ], [ 55.922065952639414, 25.107764134492619 ], [ 55.921977204893203, 25.10763681140266 ], [ 55.921882679448764, 25.107512983749263 ], [ 55.921782542144733, 25.107392868757522 ], [ 55.921676968662858, 25.107276677138948 ], [ 55.921566144219632, 25.107164612721924 ], [ 55.921450263241475, 25.107056872094091 ], [ 55.92132952902351, 25.106953644257779 ], [ 55.921204153373019, 25.106855110298241 ], [ 55.921074356237696, 25.106761443066286 ], [ 55.920940365320064, 25.106672806874904 ], [ 55.920802415677827, 25.106589357211234 ], [ 55.920660749311608, 25.106511240463821 ], [ 55.920515614740566, 25.10643859366591 ], [ 55.920367266566387, 25.106371544254973 ], [ 55.920215965026735, 25.106310209849404 ], [ 55.920061975538907, 25.106254698042072 ], [ 55.919905568234142, 25.106205106211753 ], [ 55.919747017484021, 25.106161521352281 ], [ 55.919586601419219, 25.106124019919964 ], [ 55.919424601441655, 25.106092667699585 ], [ 55.919261301731041, 25.106067519688949 ], [ 55.919096988746475, 25.106048620002476 ], [ 55.918931950724058, 25.106036001793729 ], [ 55.918766477171424, 25.106029687197481 ], [ 55.918600858359994, 25.106029687290732 ], [ 55.918435384815922, 25.106036002073282 ], [ 55.918270346810637, 25.106048620467842 ], [ 55.918106033851736, 25.106067520339369 ], [ 55.917942734175277, 25.106092668533886 ], [ 55.917780734240296, 25.106124020936665 ], [ 55.917620318226419, 25.106161522549591 ], [ 55.917461767535485, 25.106205107587591 ], [ 55.91730536029808, 25.106254699594029 ], [ 55.917151370885612, 25.106310211574744 ], [ 55.917000069429264, 25.106371546150701 ], [ 55.916851721346156, 25.10643859572868 ], [ 55.916706586873765, 25.106511242690036 ], [ 55.916564920613645, 25.106589359596928 ], [ 55.916426971084732, 25.106672809415926 ], [ 55.916292980287487, 25.106761445758192 ], [ 55.916163183279387, 25.106855113136326 ], [ 55.916037807762706, 25.106953647237013 ], [ 55.915917073684952, 25.107056875209295 ], [ 55.915801192853102, 25.107164615967598 ], [ 55.915690368562089, 25.107276680509429 ], [ 55.915584795237997, 25.107392872246891 ], [ 55.9154846580971, 25.107512987351413 ], [ 55.915390132820846, 25.107636815111242 ], [ 55.915301385247567, 25.107764138301118 ], [ 55.915218571081489, 25.107894733563281 ], [ 55.915141835619572, 25.108028371799122 ], [ 55.915071313496469, 25.108164818571165 ], [ 55.91500712844816, 25.108303834514171 ], [ 55.914949393094915, 25.108445175755154 ], [ 55.914898208743423, 25.108588594340933 ], [ 55.914853665209108, 25.108733838673334 ], [ 55.91481584065825, 25.108880653950379 ], [ 55.914784801470788, 25.109028782613226 ], [ 55.914760602123778, 25.109177964798096 ], [ 55.914743285095483, 25.109327938792035 ], [ 55.914732880790822, 25.109478441492076 ], [ 55.914729407487727, 25.109629208866764 ], [ 55.914732871305105, 25.109779976419375 ], [ 55.914743266191728, 25.109930479651943 ], [ 55.914760573936682, 25.110080454529204 ], [ 55.914784764201301, 25.110229637941877 ], [ 55.914815794572064, 25.110377768168298 ], [ 55.914853610634857, 25.110524585333462 ], [ 55.914898146070293, 25.110669831865156 ], [ 55.914949322769949, 25.110813252945633 ], [ 55.915007050973109, 25.110954596958919 ], [ 55.9150712294242, 25.111093615932091 ], [ 55.915141745550287, 25.111230065970499 ], [ 55.915218475658364, 25.111363707685573 ], [ 55.915301285152324, 25.111494306615022 ], [ 55.915390028768947, 25.111621633634002 ], [ 55.915484550832623, 25.111745465357323 ], [ 55.91558468552838, 25.111865584531376 ], [ 55.9156902571929, 25.111981780415334 ], [ 55.915801080622316, 25.11209384915087 ], [ 55.915916961397365, 25.112201594119995 ], [ 55.916037696224372, 25.112304826290011 ], [ 55.916163073291727, 25.112403364545241 ], [ 55.916292872641847, 25.11249703600474 ], [ 55.916426866556648, 25.112585676325871 ], [ 55.916564819957408, 25.112669129992504 ], [ 55.916706490817155, 25.11274725058805 ], [ 55.916851630585185, 25.112819901052259 ], [ 55.916999984623367, 25.112886953921937 ], [ 55.917151292652925, 25.112948291554453 ], [ 55.917305289211029, 25.113003806334266 ], [ 55.917461704116832, 25.113053400861769 ], [ 55.917620262945441, 25.113096988124209 ], [ 55.91778068750957, 25.113134491648406 ], [ 55.917942696347602, 25.113165845634921 ], [ 55.918106005217709, 25.113190995073587 ], [ 55.918270327596552, 25.113209895839955 ], [ 55.918435375182142, 25.113222514772815 ], [ 55.918600858399742, 25.113228829732414 ], [ 55.918766486910179, 25.113228829639141 ], [ 55.918931970119203, 25.113222514493209 ], [ 55.919097017687641, 25.113209895374506 ], [ 55.919261340040819, 25.113190994423093 ], [ 55.919424648876763, 25.113165844800523 ], [ 55.919586657672191, 25.113134490631566 ], [ 55.919747082185353, 25.113096986926735 ], [ 55.919905640954759, 25.113053399485729 ], [ 55.920062055793181, 25.113003804782089 ], [ 55.92021605227589, 25.112948289828854 ], [ 55.920367360222102, 25.11288695202596 ], [ 55.920515714169213, 25.112819898989244 ], [ 55.920660853838548, 25.112747248361568 ], [ 55.920802524592148, 25.112669127606505 ], [ 55.92094047787954, 25.112585673784537 ], [ 55.92107447167394, 25.112497033312522 ], [ 55.92120427089678, 25.11240336170685 ], [ 55.921329647830312, 25.112304823310453 ], [ 55.92145038251703, 25.112201591004467 ], [ 55.921566263145721, 25.112093845904848 ], [ 55.92167708642291, 25.111981777044523 ], [ 55.921782657929569, 25.111865581041695 ], [ 55.921882792462206, 25.111745461754893 ], [ 55.921977314357633, 25.111621629925118 ], [ 55.922066057801295, 25.111494302806229 ], [ 55.922148867117848, 25.11136370378355 ], [ 55.922225597044381, 25.111230061982045 ], [ 55.92229611298513, 25.111093611864259 ], [ 55.922360291247386, 25.110954592818796 ], [ 55.922418019258558, 25.110813248740541 ], [ 55.922469195763362, 25.110669827602415 ], [ 55.922513731001537, 25.110524581020602 ], [ 55.922551546864888, 25.110377763812853 ], [ 55.922582577034412, 25.110229633551523 ], [ 55.922606767096404, 25.110080450111603 ], [ 55.922624074637675, 25.109930475214885 ], [ 55.922634469319839, 25.109779971970628 ], [ 55.92263793293241, 25.109629204414123 ], [ 55.922634459424572, 25.109478437043347 ] ] ] ] } },
{ "type": "Feature", "properties": { "field_id": 8, "diam_km": 0.79797626888730699, "status": "active", "active_frac": 0.98, "mean_prob": 0.98, "uncertainty_frac": 0.0, "area_ha": 49.98, "active_area_ha": 49.0, "credit_score": 98 }, "geometry": { "type": "MultiPolygon", "coordinates": [ [ [ [ 55.930384016949219, 25.107286988395042 ], [ 55.930373606282913, 25.107136392292464 ], [ 55.930356278728354, 25.106986325227613 ], [ 55.930332064708942, 25.106837050466805 ], [ 55.930301006728754, 25.106688829885371 ], [ 55.930263159297802, 25.106541923508367 ], [ 55.930218588836162, 25.106396589054381 ], [ 55.930167373557474, 25.106253081483544 ], [ 55.930109603331296, 25.10611165255018 ], [ 55.930045379525673, 25.105972550361194 ], [ 55.929974814828775, 25.105836018940973 ], [ 55.929898033051359, 25.105702297803127 ], [ 55.929815168909322, 25.105571621530665 ], [ 55.929726367787303, 25.10544421936422 ], [ 55.929631785483465, 25.105320314800171 ], [ 55.929531587936253, 25.105200125198497 ], [ 55.929425950933073, 25.105083861401617 ], [ 55.929315059801901, 25.10497172736444 ], [ 55.929199109086078, 25.104863919796873 ], [ 55.929078302203152, 25.104760627818553 ], [ 55.928952851087836, 25.104662032627303 ], [ 55.928822975820253, 25.104568307181282 ], [ 55.928688904239941, 25.104479615895663 ], [ 55.928550871546122, 25.104396114354206 ], [ 55.928409119885131, 25.104317949036464 ], [ 55.928263897925724, 25.104245257060818 ], [ 55.92811546042288, 25.104178165944059 ], [ 55.927964067770993, 25.104116793377674 ], [ 55.927809985547121, 25.10406124702153 ], [ 55.927653484045216, 25.104011624314982 ], [ 55.927494837802087, 25.103968012306002 ], [ 55.927334325115915, 25.103930487498559 ], [ 55.927172227558096, 25.103899115718413 ], [ 55.927008829479483, 25.103873951997684 ], [ 55.926844417511731, 25.103855040478319 ], [ 55.92667928006459, 25.1038424143347 ], [ 55.926513706820074, 25.103836095715454 ], [ 55.926347988224464, 25.103836095704651 ], [ 55.926182414978918, 25.103842414302356 ], [ 55.926017277529816, 25.103855040424484 ], [ 55.925852865559087, 25.103873951922427 ], [ 55.925689467476531, 25.103899115621896 ], [ 55.92552736991378, 25.10393048738095 ], [ 55.925366857221697, 25.103968012167474 ], [ 55.925208210971753, 25.104011624155806 ], [ 55.925051709462068, 25.104061246841965 ], [ 55.924897627229456, 25.104116793178054 ], [ 55.924746234567912, 25.104178165724726 ], [ 55.924597797054545, 25.104245256822164 ], [ 55.92445257508372, 25.104317948778892 ], [ 55.924310823410465, 25.104396114078195 ], [ 55.924172790703537, 25.104479615601701 ], [ 55.924038719109284, 25.104568306869847 ], [ 55.923908843827, 25.10466203229895 ], [ 55.923783392696166, 25.104760627473851 ], [ 55.923662585797061, 25.104863919436475 ], [ 55.923546635064305, 25.104971726988943 ], [ 55.923435743915512, 25.105083861011654 ], [ 55.923330106894078, 25.105200124794806 ], [ 55.923229909327986, 25.10532031438343 ], [ 55.923135327004715, 25.105444218935169 ], [ 55.923046525862667, 25.105571621090018 ], [ 55.922963661700116, 25.105702297351709 ], [ 55.922886879901696, 25.10583601847955 ], [ 55.922816315183368, 25.105972549890605 ], [ 55.922752091355882, 25.106111652071213 ], [ 55.922694321107528, 25.106253080997071 ], [ 55.922643105806287, 25.106396588561243 ], [ 55.922598535321825, 25.106541923009416 ], [ 55.922560687867794, 25.106688829381486 ], [ 55.922529629864336, 25.10683704995888 ], [ 55.922505415821476, 25.106986324716541 ], [ 55.922488088243362, 25.107136391779129 ], [ 55.922477677553388, 25.10728698788034 ], [ 55.922474202040782, 25.107437848824961 ], [ 55.922477667828318, 25.10758870995209 ], [ 55.922488068861313, 25.107739306599523 ], [ 55.922505386918175, 25.107889374568188 ], [ 55.922529591642103, 25.108038650585481 ], [ 55.92256064059427, 25.108186872767249 ], [ 55.922598479327952, 25.108333781077192 ], [ 55.922643041484093, 25.108479117783158 ], [ 55.922694248907327, 25.108622627909224 ], [ 55.922752011783139, 25.108764059683178 ], [ 55.922816228795128, 25.108903164978127 ], [ 55.922886787302687, 25.109039699747974 ], [ 55.922963563538531, 25.109173424455538 ], [ 55.923046422825628, 25.109304104492821 ], [ 55.923135219813403, 25.10943151059276 ], [ 55.923229798732621, 25.109555419231402 ], [ 55.923329993668645, 25.109675613020144 ], [ 55.923435628852403, 25.109791881087286 ], [ 55.923546518968614, 25.10990401944786 ], [ 55.923662469481073, 25.110011831361735 ], [ 55.923783276973666, 25.110115127678732 ], [ 55.923908729507453, 25.110213727170567 ], [ 55.924038606992269, 25.110307456848954 ], [ 55.924172681573111, 25.11039615226904 ], [ 55.924310718029659, 25.110479657818068 ], [ 55.924452474189209, 25.110557826988341 ], [ 55.924597701351423, 25.110630522634491 ], [ 55.92474614472485, 25.110697617213944 ], [ 55.924897543873939, 25.110758993010947 ], [ 55.925051633176025, 25.110814542342975 ], [ 55.925208142287488, 25.110864167749817 ], [ 55.925366796618192, 25.110907782164514 ], [ 55.925527317813213, 25.110945309066263 ], [ 55.925689424241476, 25.110976682614599 ], [ 55.925852831489848, 25.111001847764975 ], [ 55.926017252862422, 25.111020760365477 ], [ 55.92618239988348, 25.111033387234087 ], [ 55.926347982803847, 25.111039706217078 ], [ 55.926513711109365, 25.111039706227857 ], [ 55.926679294030727, 25.111033387266446 ], [ 55.926844441053746, 25.111020760419322 ], [ 55.927008862429282, 25.111001847840242 ], [ 55.927172269681634, 25.11097668271114 ], [ 55.927334376114842, 25.110945309183894 ], [ 55.927494897315739, 25.110907782303084 ], [ 55.927653551653307, 25.110864167909025 ], [ 55.927810060772565, 25.110814542522565 ], [ 55.927964150083376, 25.110758993210595 ], [ 55.928115549242079, 25.110697617433306 ], [ 55.928263992626057, 25.110630522873162 ], [ 55.928409219799704, 25.110557827245938 ], [ 55.928550975971518, 25.1104796580941 ], [ 55.928689012441197, 25.110396152563077 ], [ 55.928823087035958, 25.110307457160427 ], [ 55.928952964535526, 25.110213727498966 ], [ 55.92907841708476, 25.110115128023438 ], [ 55.929199224593617, 25.110011831722172 ], [ 55.929315175122987, 25.109904019823404 ], [ 55.929426065256841, 25.109791881477275 ], [ 55.929531700458831, 25.109675613423896 ], [ 55.929631895413742, 25.109555419648171 ], [ 55.929726474352414, 25.109431511021842 ], [ 55.929815271360184, 25.109304104933482 ], [ 55.929898130667802, 25.109173424906992 ], [ 55.929974906924656, 25.109039700209429 ], [ 55.930045465453674, 25.108903165448755 ], [ 55.930109682487497, 25.108764060162159 ], [ 55.930167445385514, 25.108622628395722 ], [ 55.930218652831286, 25.108479118276335 ], [ 55.93026321501025, 25.108333781576164 ], [ 55.930301053767046, 25.108186873271148 ], [ 55.930332102742469, 25.108038651093427 ], [ 55.930356307489831, 25.107889375079278 ], [ 55.930373625570276, 25.107739307112872 ], [ 55.930384026626911, 25.107588710466779 ], [ 55.930387492438115, 25.107437849340116 ], [ 55.930384016949219, 25.107286988395042 ] ] ] ] } },
{ "type": "Feature", "properties": { "field_id": 9, "diam_km": 0.80513667558825297, "status": "active", "active_frac": 0.883, "mean_prob": 0.883, "uncertainty_frac": 0.0, "area_ha": 50.9, "active_area_ha": 44.96, "credit_score": 91 }, "geometry": { "type": "MultiPolygon", "coordinates": [ [ [ [ 55.914818504096132, 25.110853384659883 ], [ 55.914807999783939, 25.110701437295894 ], [ 55.914790516314497, 25.110550023713653 ], [ 55.914766084385171, 25.110399409541639 ], [ 55.914734746882786, 25.110249859004895 ], [ 55.914696558808139, 25.110101634461579 ], [ 55.914651587179343, 25.109954995942768 ], [ 55.914599910914184, 25.109810200696188 ], [ 55.914541620691445, 25.109667502735068 ], [ 55.914476818791641, 25.109527152392538 ], [ 55.914405618917463, 25.109389395882442 ], [ 55.914328145994325, 25.109254474867551 ], [ 55.914244535950857, 25.109122626035617 ], [ 55.914154935480518, 25.108994080684184 ], [ 55.914059501784031, 25.108869064314973 ], [ 55.913958402293538, 25.10874779623828 ], [ 55.913851814378951, 25.108630489188254 ], [ 55.913739925036552, 25.108517348949963 ], [ 55.913622930560933, 25.108408573998179 ], [ 55.91350103620077, 25.108304355149542 ], [ 55.913374455798511, 25.108204875227681 ], [ 55.913243411415408, 25.108110308742699 ], [ 55.913108132941893, 25.108020821584962 ], [ 55.912968857694359, 25.107936570734331 ], [ 55.912825829998795, 25.107857703984699 ], [ 55.912679300762377, 25.107784359684779 ], [ 55.912529527033215, 25.107716666495605 ], [ 55.912376771549624, 25.107654743164765 ], [ 55.912221302279242, 25.107598698318167 ], [ 55.91206339194899, 25.107548630269545 ], [ 55.911903317566932, 25.107504626848062 ], [ 55.911741359936244, 25.107466765244187 ], [ 55.911577803162857, 25.107435111874448 ], [ 55.911412934157198, 25.107409722264919 ], [ 55.911247042130945, 25.107390640953724 ], [ 55.911080418089938, 25.107377901413063 ], [ 55.910913354323711, 25.107371525990548 ], [ 55.910746143892979, 25.107371525869787 ], [ 55.910579080115639, 25.107377901051045 ], [ 55.910412456052434, 25.107390640351035 ], [ 55.91024656399297, 25.107409721422641 ], [ 55.910081694943074, 25.107435110794086 ], [ 55.909918138114556, 25.107466763927604 ], [ 55.909756180417943, 25.107504625297576 ], [ 55.909596105959196, 25.107548628487869 ], [ 55.909438195541767, 25.107598696308429 ], [ 55.909282726173728, 25.107654740930492 ], [ 55.909129970582256, 25.107716664040705 ], [ 55.908980196735193, 25.107784357013582 ], [ 55.908833667371027, 25.107857701101853 ], [ 55.908690639538086, 25.107936567644945 ], [ 55.908551364143769, 25.108020818294406 ], [ 55.908416085514354, 25.108110305256744 ], [ 55.908285040966533, 25.108204871552473 ], [ 55.908158460390965, 25.108304351291533 ], [ 55.908036565849258, 25.108408569964105 ], [ 55.907919571184181, 25.108517344746915 ], [ 55.907807681644655, 25.108630484823635 ], [ 55.907701093525731, 25.108747791719676 ], [ 55.907599993824, 25.10886905965036 ], [ 55.907504559909718, 25.108994075881725 ], [ 55.90741495921543, 25.10912262110374 ], [ 55.907331348942279, 25.109254469814914 ], [ 55.907253875784114, 25.10938939071789 ], [ 55.907182675669972, 25.109527147125153 ], [ 55.907117873525628, 25.10966749737409 ], [ 55.90705958305427, 25.109810195251011 ], [ 55.907007906536883, 25.109954990422935 ], [ 55.906962934652633, 25.110101628876805 ], [ 55.906924746319724, 25.110249853364945 ], [ 55.906893408556819, 25.110399403856416 ], [ 55.906868976365082, 25.110550017993141 ], [ 55.906851492631858, 25.110701431550108 ], [ 55.906840988054938, 25.110853378898913 ], [ 55.906837481088736, 25.11100559347372 ], [ 55.906840977911628, 25.111157808238929 ], [ 55.906851472414957, 25.111309756157674 ], [ 55.906868946213628, 25.111461170660164 ], [ 55.906893368678134, 25.111611786111506 ], [ 55.906924696987986, 25.11176133827766 ], [ 55.906962876206883, 25.11190956478907 ], [ 55.907007839378842, 25.112056205600791 ], [ 55.907059507645386, 25.112201003449083 ], [ 55.907117790383872, 25.112343704302415 ], [ 55.907182585366243, 25.112484057807428 ], [ 55.907253778938276, 25.112621817728058 ], [ 55.90733124621886, 25.112756742377591 ], [ 55.907414851318897, 25.112888595042815 ], [ 55.907504447579619, 25.113017144399276 ], [ 55.907599877829838, 25.113142164917182 ], [ 55.90770097466153, 25.113263437257135 ], [ 55.907807560723477, 25.11338074865505 ], [ 55.907919449032406, 25.113493893295416 ], [ 55.908036443300922, 25.113602672672538 ], [ 55.908158338281858, 25.113706895938751 ], [ 55.908284920128374, 25.113806380239446 ], [ 55.908415966769127, 25.113900951033823 ], [ 55.908551248297783, 25.113990442401196 ], [ 55.908690527376621, 25.114074697332295 ], [ 55.908833559652663, 25.114153568004571 ], [ 55.908980094186674, 25.114226916041748 ], [ 55.909129873893349, 25.11429461275662 ], [ 55.909282635992511, 25.114356539376846 ], [ 55.909438112470063, 25.114412587253483 ], [ 55.909596030548506, 25.114462658051519 ], [ 55.909756113165479, 25.114506663922509 ], [ 55.909918079460013, 25.114544527658797 ], [ 55.910081645265429, 25.114576182828859 ], [ 55.910246523607931, 25.114601573894113 ], [ 55.910412425210367, 25.114620656306101 ], [ 55.91057905899973, 25.11463339658491 ], [ 55.910746132618094, 25.114639772377856 ], [ 55.910913352935616, 25.11463977249862 ], [ 55.9110804265651, 25.114633396946981 ], [ 55.91124706037666, 25.114620656908858 ], [ 55.911412962012321, 25.11460157473649 ], [ 55.911577840399083, 25.11457618390941 ], [ 55.911741406259679, 25.11454452897555 ], [ 55.911903372620195, 25.114506665473215 ], [ 55.912063455313856, 25.114462659833453 ], [ 55.912221373479547, 25.114412589263502 ], [ 55.912376850054756, 25.114356541611443 ], [ 55.912529612261793, 25.114294615211833 ], [ 55.91267939208646, 25.1142269187133 ], [ 55.912825926748276, 25.114153570887762 ], [ 55.912968959161745, 25.114074700422091 ], [ 55.91310823838738, 25.113990445692163 ], [ 55.913243520071987, 25.113900954520155 ], [ 55.913374566877529, 25.113806383915072 ], [ 55.913501148897396, 25.113706899797208 ], [ 55.913623044059925, 25.113602676707028 ], [ 55.913740038518, 25.113493897498902 ], [ 55.913851927024076, 25.113380753020138 ], [ 55.913958513290453, 25.113263441776152 ], [ 55.914059610333432, 25.113142169582201 ], [ 55.914155040801475, 25.113017149202129 ], [ 55.914244637286188, 25.112888599975062 ], [ 55.914328242615959, 25.112756747430602 ], [ 55.91440571013166, 25.112621822892923 ], [ 55.914476903943708, 25.112484063075133 ], [ 55.914541699170641, 25.112343709663691 ], [ 55.914599982157746, 25.112201008894537 ], [ 55.914651650676575, 25.112056211120855 ], [ 55.914696614104017, 25.111909570374038 ], [ 55.914734793581182, 25.111761343917795 ], [ 55.914766122151612, 25.111611791796864 ], [ 55.914790544878493, 25.111461176380779 ], [ 55.914808018940995, 25.111309761903513 ], [ 55.914818513709065, 25.111157813999942 ], [ 55.91482201079716, 25.111005599239764 ], [ 55.914818504096132, 25.110853384659883 ] ] ] ] } },
{ "type": "Feature", "properties": { "field_id": 10, "diam_km": 0.79342478102502101, "status": "active", "active_frac": 0.606, "mean_prob": 0.606, "uncertainty_frac": 0.0, "area_ha": 49.41, "active_area_ha": 29.93, "credit_score": 68 }, "geometry": { "type": "MultiPolygon", "coordinates": [ [ [ [ 55.913160050445136, 25.118010683298309 ], [ 55.913149698399693, 25.117860946372318 ], [ 55.913132468317741, 25.1177117354604 ], [ 55.913108390451384, 25.117563312326798 ], [ 55.913077507065566, 25.117415937352892 ], [ 55.91303987236374, 25.117269869080257 ], [ 55.912995552392573, 25.117125363757264 ], [ 55.912944624925942, 25.116982674889535 ], [ 55.912887179328401, 25.116842052795107 ], [ 55.912823316398089, 25.116703744165552 ], [ 55.912753148190035, 25.116567991633172 ], [ 55.912676797819216, 25.116435033345294 ], [ 55.912594399244504, 25.116305102546608 ], [ 55.912506097033621, 25.116178427170158 ], [ 55.912412046109438, 25.116055229437336 ], [ 55.912312411477984, 25.115935725468198 ], [ 55.912207367939118, 25.115820124902495 ], [ 55.912097099779551, 25.115708630531714 ], [ 55.911981800449787, 25.115601437943695 ], [ 55.91186167222456, 25.115498735179276 ], [ 55.911736925848011, 25.115400702402809 ], [ 55.911607780163962, 25.115307511585829 ], [ 55.911474461732041, 25.115219326205757 ], [ 55.911337204430311, 25.115136300958916 ], [ 55.91119624904492, 25.115058581489389 ], [ 55.911051842847797, 25.114986304133513 ], [ 55.910904239162946, 25.114919595680803 ], [ 55.9107536969221, 25.114858573151515 ], [ 55.91060048021064, 25.114803343591539 ], [ 55.910444857804301, 25.114754003884485 ], [ 55.910287102697893, 25.114710640582008 ], [ 55.910127491626433, 25.114673329751771 ], [ 55.909966304579818, 25.114642136844246 ], [ 55.90980382431183, 25.114617116577772 ], [ 55.909640335844266, 25.114598312842684 ], [ 55.909476125966933, 25.114585758624276 ], [ 55.909311482734893, 25.114579475945103 ], [ 55.90914669496312, 25.114579475826108 ], [ 55.908982051720123, 25.114585758267509 ], [ 55.908817841820934, 25.114598312248734 ], [ 55.908654353320607, 25.114617115747699 ], [ 55.908491873009048, 25.114642135779544 ], [ 55.908330685908091, 25.114673328454259 ], [ 55.908171074771609, 25.114710639053961 ], [ 55.908013319589649, 25.114754002128613 ], [ 55.907857697097363, 25.11480334161088 ], [ 55.907704480289674, 25.114858570949593 ], [ 55.907553937942545, 25.114919593261469 ], [ 55.907406334141463, 25.114986301501002 ], [ 55.907261927818418, 25.115058578648291 ], [ 55.907120972297612, 25.115136297914248 ], [ 55.906983714851229, 25.115219322962847 ], [ 55.906850396265682, 25.115307508150391 ], [ 55.906721250419281, 25.115400698780821 ], [ 55.906596503871924, 25.115498731377112 ], [ 55.90647637546779, 25.115601433968017 ], [ 55.90636107595126, 25.11570862638953 ], [ 55.906250807597445, 25.115820120601004 ], [ 55.906145763857168, 25.115935721015031 ], [ 55.906046129017518, 25.116055224840228 ], [ 55.905952077878659, 25.116178422437237 ], [ 55.905863775447102, 25.116305097686162 ], [ 55.905781376645976, 25.116435028365785 ], [ 55.90570502604352, 25.116567986543426 ], [ 55.905634857598933, 25.116703738974437 ], [ 55.905570994427663, 25.116842047511732 ], [ 55.905513548585098, 25.116982669523185 ], [ 55.905462620869841, 25.117125358317359 ], [ 55.9054183006469, 25.117269863576333 ], [ 55.905380665690558, 25.117415931794586 ], [ 55.905349782047956, 25.117563306723902 ], [ 55.905325703923005, 25.117711729822698 ], [ 55.905308473581044, 25.117860940709736 ], [ 55.905298121274711, 25.118010677620738 ], [ 55.90529466519051, 25.118160677867717 ], [ 55.905298111416833, 25.118310678299746 ], [ 55.905308453933038, 25.118460415764634 ], [ 55.905325674619917, 25.118609627570525 ], [ 55.905349743291261, 25.118758051946902 ], [ 55.905380617746602, 25.118905428503698 ], [ 55.905418243845162, 25.119051498688201 ], [ 55.905462555600614, 25.119196006238631 ], [ 55.905513475296651, 25.119338697633786 ], [ 55.905570913623286, 25.119479322537835 ], [ 55.905634769833334, 25.119617634239468 ], [ 55.905704931918926, 25.119753390084977 ], [ 55.905781276808064, 25.119886351903727 ], [ 55.905863670580295, 25.120016286426178 ], [ 55.905951968701537, 25.120142965693287 ], [ 55.906046016277692, 25.120266167456311 ], [ 55.906145648326124, 25.120385675566943 ], [ 55.906250690065214, 25.120501280356379 ], [ 55.906360957220741, 25.120612779003459 ], [ 55.906476256349343, 25.120719975890438 ], [ 55.906596385177615, 25.120822682946212 ], [ 55.90672113295728, 25.120920719976464 ], [ 55.906850280834618, 25.121013914979695 ], [ 55.906983602234575, 25.121102104449214 ], [ 55.907120863258363, 25.121185133659964 ], [ 55.90726182309367, 25.121262856940081 ], [ 55.907406234437367, 25.121335137926486 ], [ 55.907553843929342, 25.121401849804187 ], [ 55.907704392597118, 25.121462875528934 ], [ 55.907857616310253, 25.121518108032408 ], [ 55.908013246243918, 25.121567450410318 ], [ 55.908171009350468, 25.121610816092346 ], [ 55.908330628838826, 25.121648128994078 ], [ 55.908491824659983, 25.121679323650522 ], [ 55.908654313998632, 25.121704345331107 ], [ 55.908817811769396, 25.121723150135566 ], [ 55.908982031117148, 25.121735705071043 ], [ 55.909146683920461, 25.121741988110085 ], [ 55.909311481297181, 25.121741988229083 ], [ 55.909476134111443, 25.121735705427902 ], [ 55.909640353481073, 25.121723150729604 ], [ 55.909803851284607, 25.121704346161287 ], [ 55.90996634066687, 25.121679324715423 ], [ 55.910127536542376, 25.121648130291756 ], [ 55.910287156095741, 25.121610817620617 ], [ 55.9104449192779, 25.121567452166463 ], [ 55.910600549297527, 25.121518110013326 ], [ 55.910753773106954, 25.121462877731169 ], [ 55.910904321881077, 25.121401852223876 ], [ 55.911051931489318, 25.121335140559367 ], [ 55.911196342958988, 25.121262859781542 ], [ 55.911337302929716, 25.121185136705019 ], [ 55.911474564098192, 25.121102107692536 ], [ 55.911607885651861, 25.121013918415585 ], [ 55.911737033691594, 25.120920723598854 ], [ 55.911861781642116, 25.120822686748792 ], [ 55.911981910649395, 25.120719979866518 ], [ 55.912097209964777, 25.120612783146065 ], [ 55.912207477314624, 25.120501284658225 ], [ 55.91231251925516, 25.120385680020508 ], [ 55.912412151511859, 25.120266172053796 ], [ 55.912506199302705, 25.120142970426613 ], [ 55.912594497644726, 25.120016291287019 ], [ 55.912676891643365, 25.119886356883566 ], [ 55.912753236764203, 25.119753395175078 ], [ 55.912823399086385, 25.119617639430921 ], [ 55.912887255537413, 25.119479327821459 ], [ 55.9129446941091, 25.119338703000377 ], [ 55.912995614053798, 25.119196011678785 ], [ 55.913039926061053, 25.119051504192328 ], [ 55.913077552414137, 25.118905434062164 ], [ 55.913108427126282, 25.118758057549961 ], [ 55.913132496056257, 25.118609633208322 ], [ 55.913149717003165, 25.118460421427276 ], [ 55.913160059780282, 25.118310683977352 ], [ 55.913163506267963, 25.118160683550283 ], [ 55.913160050445136, 25.118010683298309 ] ] ] ] } },
{ "type": "Feature", "properties": { "field_id": 11, "diam_km": 0.79887941419436903, "status": "active", "active_frac": 0.992, "mean_prob": 0.992, "uncertainty_frac": 0.0, "area_ha": 50.09, "active_area_ha": 49.67, "credit_score": 99 }, "geometry": { "type": "MultiPolygon", "coordinates": [ [ [ [ 55.905170761532659, 25.117291511007 ], [ 55.905160338197874, 25.117140744666084 ], [ 55.905142989582906, 25.11699050796242 ], [ 55.905118746148162, 25.116841064459845 ], [ 55.905087650449452, 25.116692676329698 ], [ 55.905049757062919, 25.116545603891005 ], [ 55.905005132489435, 25.116400105153669 ], [ 55.904953855037576, 25.116256435366008 ], [ 55.904896014686045, 25.116114846566873 ], [ 55.904831712925933, 25.115975587143655 ], [ 55.904761062582253, 25.115838901396504 ], [ 55.90468418761607, 25.115705029109836 ], [ 55.904601222906763, 25.115574205131729 ], [ 55.904512314015442, 25.115446658961986 ], [ 55.904417616929436, 25.115322614349509 ], [ 55.904317297788495, 25.115202288899958 ], [ 55.904211532593393, 25.115085893694079 ], [ 55.904100506897016, 25.114973632917277 ], [ 55.903984415478824, 25.114865703501724 ], [ 55.903863462003116, 25.114762294780867 ], [ 55.903737858661849, 25.114663588157249 ], [ 55.903607825802169, 25.114569756784508 ], [ 55.903473591540063, 25.11448096526361 ], [ 55.903335391360109, 25.11439736935414 ], [ 55.903193467702486, 25.114319115701175 ], [ 55.903048069537647, 25.11424634157801 ], [ 55.902899451929606, 25.114179174645567 ], [ 55.902747875588737, 25.114117732728324 ], [ 55.902593606414278, 25.114062123607741 ], [ 55.90243691502814, 25.114012444833278 ], [ 55.902278076300163, 25.113968783551279 ], [ 55.902117368866129, 25.113931216352093 ], [ 55.901955074639076, 25.113899809135887 ], [ 55.901791478314799, 25.113874616996867 ], [ 55.901626866872697, 25.113855684126872 ], [ 55.901461529072328, 25.11384304373772 ], [ 55.901295754947157, 25.113836718003061 ], [ 55.901129835295833, 25.113836718019407 ], [ 55.900964061172175, 25.113843043786726 ], [ 55.900798723374805, 25.113855684208449 ], [ 55.900634111937201, 25.113874617110895 ], [ 55.900470515618906, 25.113899809282135 ], [ 55.9003082213993, 25.113931216530332 ], [ 55.900147513974197, 25.113968783761177 ], [ 55.899988675256608, 25.114012445074469 ], [ 55.899831983882244, 25.114062123879794 ], [ 55.899677714721022, 25.114117733030756 ], [ 55.899526138394755, 25.114179174977874 ], [ 55.899377520802723, 25.114246341939609 ], [ 55.899232122655164, 25.114319116091384 ], [ 55.899090199016108, 25.114397369772345 ], [ 55.898951998856028, 25.114480965709042 ], [ 55.898817764615025, 25.114569757256387 ], [ 55.898687731777656, 25.114663588654729 ], [ 55.898562128459837, 25.114762295303084 ], [ 55.898441175008728, 25.114865704047808 ], [ 55.898325083616164, 25.114973633486212 ], [ 55.898214057946468, 25.115085894284896 ], [ 55.898108292779021, 25.115202289511618 ], [ 55.898007973666672, 25.115322614980911 ], [ 55.897913276610169, 25.115446659612061 ], [ 55.897824367749166, 25.115574205799355 ], [ 55.897741403070967, 25.115705029793794 ], [ 55.897664528136552, 25.115838902095586 ], [ 55.897593877825393, 25.115975587856656 ], [ 55.897529576098357, 25.11611484729254 ], [ 55.897471735780513, 25.116256436103061 ], [ 55.897420458362774, 25.116400105900855 ], [ 55.897375833823837, 25.116545604646962 ], [ 55.897337940472298, 25.116692677093152 ], [ 55.897306844808845, 25.116841065229398 ], [ 55.897282601409628, 25.11699050873677 ], [ 55.897265252830387, 25.117140745443848 ], [ 55.897254829531427, 25.117291511786821 ], [ 55.897251349824145, 25.117442543271704 ], [ 55.897254819838771, 25.117593574938446 ], [ 55.897265233513252, 25.117744341825698 ], [ 55.897282572603913, 25.117894579435657 ], [ 55.897306806717125, 25.118044024198159 ], [ 55.897337893362526, 25.118192413932988 ], [ 55.897375778027424, 25.118339488309879 ], [ 55.897420394272153, 25.118484989305333 ], [ 55.897471663846574, 25.118628661655187 ], [ 55.897529496827175, 25.118770253302642 ], [ 55.89759379177459, 25.118909515840286 ], [ 55.897664435911608, 25.119046204946127 ], [ 55.897741305320707, 25.119180080812239 ], [ 55.897824265161475, 25.119310908565406 ], [ 55.897913169906928, 25.119438458679387 ], [ 55.898007863598878, 25.119562507377527 ], [ 55.898108180121305, 25.119682837025543 ], [ 55.898213943491861, 25.119799236513305 ], [ 55.898324968170463, 25.119911501625296 ], [ 55.898441059384758, 25.120019435398955 ], [ 55.898562013471832, 25.120122848470281 ], [ 55.898687618235535, 25.1202215594062 ], [ 55.898817653318716, 25.120315395022839 ], [ 55.898951890589743, 25.12040419068946 ], [ 55.89909009454297, 25.120487790617378 ], [ 55.899232022711757, 25.120566048133373 ], [ 55.899377426094006, 25.120638825936993 ], [ 55.899526049589063, 25.120705996341574 ], [ 55.899677632445304, 25.120767441498234 ], [ 55.899831908717807, 25.120823053602791 ], [ 55.899988607734848, 25.120872735084873 ], [ 55.900147454573066, 25.120916398779155 ], [ 55.900308170539773, 25.120953968078325 ], [ 55.900470473662097, 25.120985377067537 ], [ 55.900634079181863, 25.121010570640102 ], [ 55.900798700055184, 25.121029504594141 ], [ 55.90096404745627, 25.121042145710238 ], [ 55.901129831284365, 25.121048471809662 ], [ 55.901295760672795, 25.121048471793326 ], [ 55.901461544499391, 25.121042145661239 ], [ 55.901626891897507, 25.121029504512567 ], [ 55.901791512766287, 25.121010570526071 ], [ 55.901955118280071, 25.120985376921279 ], [ 55.902117421394927, 25.120953967900071 ], [ 55.902278137352724, 25.120916398569246 ], [ 55.902436984180568, 25.120872734843655 ], [ 55.902593683185771, 25.120823053330717 ], [ 55.902747959445037, 25.120767441195753 ], [ 55.902899542286704, 25.120705996009217 ], [ 55.903048165765775, 25.120638825575352 ], [ 55.903193569130742, 25.120566047743086 ], [ 55.903335497280914, 25.120487790199135 ], [ 55.903473701214274, 25.120404190243971 ], [ 55.903607938464198, 25.120315394550893 ], [ 55.903737973525068, 25.120221558908653 ], [ 55.903863578265316, 25.120122847948014 ], [ 55.903984532327804, 25.120019434852818 ], [ 55.904100623516428, 25.119911501056301 ], [ 55.904211648168314, 25.119799235922432 ], [ 55.904317411511208, 25.119682836413837 ], [ 55.904417728005036, 25.119562506746053 ], [ 55.904512421667498, 25.119438458029229 ], [ 55.904601326382618, 25.119310907897749 ], [ 55.904684286192293, 25.119180080128245 ], [ 55.904761155569581, 25.119046204247006 ], [ 55.904831799674113, 25.118909515127239 ], [ 55.904896094588423, 25.118770252576915 ], [ 55.90495392753536, 25.118628660918077 ], [ 55.90500519707561, 25.118484988558109 ], [ 55.905049813285764, 25.118339487553872 ], [ 55.905087697915697, 25.11819241316951 ], [ 55.905118784525833, 25.118044023428567 ], [ 55.905143018603532, 25.117894578661311 ], [ 55.90516035765846, 25.11774434104791 ], [ 55.905170771297115, 25.117593574158608 ], [ 55.905174241275837, 25.117442542491212 ], [ 55.905170761532659, 25.117291511007 ] ] ] ] } },
{ "type": "Feature", "properties": { "field_id": 12, "diam_km": 0.40928539187246399, "status": "active", "active_frac": 0.787, "mean_prob": 0.787, "uncertainty_frac": 0.0, "area_ha": 13.18, "active_area_ha": 10.37, "credit_score": 83 }, "geometry": { "type": "MultiPolygon", "coordinates": [ [ [ [ 55.907329895651984, 25.113268069418289 ], [ 55.907324556894729, 25.113190828037581 ], [ 55.907315670249005, 25.113113857958631 ], [ 55.907303251311575, 25.113037294212518 ], [ 55.907287321875913, 25.112961271117172 ], [ 55.907267909893903, 25.112885922041812 ], [ 55.907245049426784, 25.112811379173014 ], [ 55.907218780585346, 25.11273777328271 ], [ 55.907189149459434, 25.11266523349892 ], [ 55.907156208037286, 25.112593887079054 ], [ 55.907120014113993, 25.112523859186858 ], [ 55.907080631190325, 25.112455272672747 ], [ 55.907038128361073, 25.112388247858284 ], [ 55.906992580194085, 25.112322902325126 ], [ 55.906944066599131, 25.112259350708879 ], [ 55.906892672687881, 25.112197704497845 ], [ 55.906838488624572, 25.112138071837467 ], [ 55.906781609467679, 25.112080557340825 ], [ 55.906722135003299, 25.112025261904847 ], [ 55.906660169569975, 25.111972282533529 ], [ 55.906595821875719, 25.111921712167668 ], [ 55.906529204807235, 25.11187363952191 ], [ 55.906460435232034, 25.111828148929082 ], [ 55.906389633793182, 25.111785320192297 ], [ 55.906316924697897, 25.11174522844491 ], [ 55.906242435499486, 25.111707944018789 ], [ 55.906166296873742, 25.111673532320992 ], [ 55.906088642389633, 25.111642053718885 ], [ 55.906009608274971, 25.111613563434453 ], [ 55.905929333177589, 25.111588111447229 ], [ 55.90584795792202, 25.111565742406814 ], [ 55.905765625262497, 25.111546495554421 ], [ 55.905682479632581, 25.111530404654111 ], [ 55.905598666891862, 25.111517497933569 ], [ 55.905514334069998, 25.111507798034648 ], [ 55.905429629108902, 25.1115013219734 ], [ 55.905344700603266, 25.111498081110632 ], [ 55.905259697539805, 25.111498081131632 ], [ 55.905174769036066, 25.111501322036325 ], [ 55.905090064078841, 25.111507798139399 ], [ 55.905005731262747, 25.111517498079973 ], [ 55.904921918529709, 25.111530404841901 ], [ 55.904838772909393, 25.111546495783262 ], [ 55.904756440261345, 25.111565742676312 ], [ 55.904675065019077, 25.111588111756927 ], [ 55.904594789936866, 25.111613563783802 ], [ 55.904515755839178, 25.111642054107268 ], [ 55.904438101373813, 25.111673532747666 ], [ 55.904361962768554, 25.111707944483104 ], [ 55.904287473592383, 25.111745228945981 ], [ 55.904214764520979, 25.111785320729282 ], [ 55.904143963107629, 25.111828149501047 ], [ 55.904075193559507, 25.111873640127836 ], [ 55.904008576519679, 25.111921712806492 ], [ 55.903944228855536, 25.111972283204143 ], [ 55.903882263453781, 25.112025262606064 ], [ 55.903822789022321, 25.11208055807138 ], [ 55.903765909899704, 25.112138072596117 ], [ 55.903711725871915, 25.112197705283226 ], [ 55.903660331997386, 25.112259351519661 ], [ 55.903611818440311, 25.112322903159875 ], [ 55.903566270312226, 25.112388248715497 ], [ 55.90352376752292, 25.112455273550967 ], [ 55.903484384640095, 25.112523860084529 ], [ 55.903448190758503, 25.112593887994606 ], [ 55.903415249378881, 25.112665234430729 ], [ 55.903385618296198, 25.112737774229171 ], [ 55.903359349498587, 25.112811380132431 ], [ 55.903336489075862, 25.112885923012517 ], [ 55.903317077138716, 25.112961272097461 ], [ 55.903301147748351, 25.113037295200677 ], [ 55.903288728856523, 25.113113858952939 ], [ 55.90327984225668, 25.113190829036274 ], [ 55.903274503545411, 25.113268070419622 ], [ 55.903272722095387, 25.113345447595719 ], [ 55.903274501038553, 25.113422824818826 ], [ 55.903279837260754, 25.113500066342926 ], [ 55.903288721407158, 25.11357703665972 ], [ 55.903301137898445, 25.113653600736455 ], [ 55.903317064958337, 25.113729624252926 ], [ 55.903336474651653, 25.113804973836906 ], [ 55.903359332933142, 25.113879517298312 ], [ 55.903385599707413, 25.113953123861009 ], [ 55.903415228899028, 25.114025664392287 ], [ 55.903448168533401, 25.11409701162944 ], [ 55.903484360827946, 25.114167040403071 ], [ 55.903523742293359, 25.11423562785653 ], [ 55.903566243844999, 25.114302653661674 ], [ 55.903611790924067, 25.114368000229863 ], [ 55.903660303628342, 25.114431552918319 ], [ 55.903711696852433, 25.114493200231163 ], [ 55.90376588043695, 25.114552834015175 ], [ 55.903822759326751, 25.114610349649496 ], [ 55.903882233737626, 25.114665646229167 ], [ 55.903944199331427, 25.114718626742189 ], [ 55.904008547398931, 25.114769198239699 ], [ 55.904075165050877, 25.114817271999151 ], [ 55.904143935415689, 25.114862763679934 ], [ 55.904214737844718, 25.114905593471285 ], [ 55.904287448123824, 25.114945686232446 ], [ 55.904361938691373, 25.1149829716244 ], [ 55.904438078861972, 25.115017384233397 ], [ 55.904515735055881, 25.11504886368559 ], [ 55.904594771033167, 25.115077354753119 ], [ 55.904675048133051, 25.115102807450874 ], [ 55.904756425516901, 25.115125177124352 ], [ 55.904838760415565, 25.115144424527848 ], [ 55.904921908379748, 25.115160515893422 ], [ 55.905005723533542, 25.115173422990139 ], [ 55.905090058830318, 25.115183123173598 ], [ 55.905174766310815, 25.115189599425591 ], [ 55.905259697362702, 25.115192840384079 ], [ 55.905344702981353, 25.115192840363097 ], [ 55.905429634031307, 25.115189599362658 ], [ 55.90551434150796, 25.115183123068832 ], [ 55.905598676798967, 25.115173422843732 ], [ 55.905682491945072, 25.115160515705611 ], [ 55.905765639899663, 25.115144424298972 ], [ 55.905847974786859, 25.115125176854825 ], [ 55.905929352157393, 25.115102807141181 ], [ 55.906009629242106, 25.11507735440377 ], [ 55.906088665202432, 25.115048863297201 ], [ 55.906166321377562, 25.115017383806666 ], [ 55.906242461527668, 25.114982971160071 ], [ 55.906316952073006, 25.114945685731325 ], [ 55.906389662328237, 25.114905592934264 ], [ 55.906460464731737, 25.114862763107947 ], [ 55.906529235069449, 25.114817271393203 ], [ 55.906595852692746, 25.114769197600829 ], [ 55.906660200730151, 25.114718626071546 ], [ 55.906722166292376, 25.114665645527932 ], [ 55.906781640670303, 25.114610348918909 ], [ 55.906838519525856, 25.114552833256493 ], [ 55.906892703074845, 25.114493199445722 ], [ 55.906944096262187, 25.114431552107483 ], [ 55.906992608928618, 25.114367999395093 ], [ 55.907038155968763, 25.114302652804405 ], [ 55.907080657480456, 25.11423562697825 ], [ 55.907120038904999, 25.11416703950535 ], [ 55.907156231157806, 25.114097010713866 ], [ 55.907189170749717, 25.114025663460438 ], [ 55.907218799898104, 25.11395312291452 ], [ 55.907245066628526, 25.113879516338869 ], [ 55.907267924865614, 25.113804972866191 ], [ 55.90728733451401, 25.113729623272633 ], [ 55.907303261528639, 25.113653599748297 ], [ 55.907315677974331, 25.113577035665383 ], [ 55.907324562074827, 25.113500065344237 ], [ 55.907329898251035, 25.113422823817501 ], [ 55.907331677148122, 25.113345446593499 ], [ 55.907329895651984, 25.113268069418289 ] ] ] ] } },
{ "type": "Feature", "properties": { "field_id": 13, "diam_km": 0.406457560145085, "status": "active", "active_frac": 0.913, "mean_prob": 0.913, "uncertainty_frac": 0.0, "area_ha": 12.97, "active_area_ha": 11.84, "credit_score": 93 }, "geometry": { "type": "MultiPolygon", "coordinates": [ [ [ [ 55.903629220226044, 25.108749789923493 ], [ 55.903623918592416, 25.108673082169222 ], [ 55.903615093712624, 25.108596643840805 ], [ 55.903602761075, 25.108520609036447 ], [ 55.903586942321546, 25.108445111146128 ], [ 55.90356766520987, 25.108370282617734 ], [ 55.903544963564485, 25.108296254724621 ], [ 55.903518877217515, 25.108223157335317 ], [ 55.903489451938562, 25.108151118685761 ], [ 55.903456739354645, 25.108080265154253 ], [ 55.903420796859344, 25.108010721039868 ], [ 55.903381687512272, 25.107942608344302 ], [ 55.90333947992827, 25.107876046557951 ], [ 55.903294248157088, 25.107811152450239 ], [ 55.903246071553468, 25.107748039864781 ], [ 55.903195034637832, 25.107686819519728 ], [ 55.903141226948058, 25.107627598813536 ], [ 55.903084742882349, 25.107570481636486 ], [ 55.903025681533641, 25.107515568188592 ], [ 55.902964146515785, 25.107462954803747 ], [ 55.902900245781687, 25.107412733780709 ], [ 55.90283409143391, 25.107364993221321 ], [ 55.902765799528247, 25.10731981687583 ], [ 55.902695489869792, 25.107277283996101 ], [ 55.902623285803031, 25.107237469196505 ], [ 55.902549313995358, 25.107200442323094 ], [ 55.90247370421492, 25.107166268331103 ], [ 55.902396589102935, 25.10713500717095 ], [ 55.902318103941091, 25.107106713683148 ], [ 55.902238386414211, 25.107081437502043 ], [ 55.90215757636873, 25.107059222968793 ], [ 55.902075815567414, 25.1070401090536 ], [ 55.901993247440657, 25.107024129287364 ], [ 55.901910016834982, 25.107011311702784 ], [ 55.901826269758892, 25.107001678785281 ], [ 55.901742153126811, 25.106995247433574 ], [ 55.90165781450132, 25.106992028929898 ], [ 55.901573401834476, 25.10699202892037 ], [ 55.901489063208139, 25.106995247405028 ], [ 55.901404946574281, 25.107001678737774 ], [ 55.90132119949557, 25.107011311636342 ], [ 55.901237968886427, 25.107024129202163 ], [ 55.901155400755329, 25.107040108949779 ], [ 55.901073639948791, 25.107059222846516 ], [ 55.900992829897277, 25.107081437361543 ], [ 55.900913112363504, 25.107106713524676 ], [ 55.90083462719398, 25.107135006994788 ], [ 55.900757512073511, 25.107166268137515 ], [ 55.90068190228375, 25.107200442112468 ], [ 55.900607930465995, 25.107237468969167 ], [ 55.900535726388398, 25.107277283752477 ], [ 55.900465416718369, 25.107319816616371 ], [ 55.900397124800413, 25.107364992946422 ], [ 55.900330970439661, 25.107412733490897 ], [ 55.900267069691871, 25.107462954499514 ], [ 55.900205534659698, 25.107515567870497 ], [ 55.900146473296076, 25.107570481305078 ], [ 55.900089989214841, 25.107627598469353 ], [ 55.900036181508938, 25.107686819163415 ], [ 55.89998514457664, 25.107748039496954 ], [ 55.899936967955853, 25.107811152071534 ], [ 55.899891736166992, 25.107876046169043 ], [ 55.899849528564879, 25.107942607945891 ], [ 55.899810419199262, 25.10801072063262 ], [ 55.899774476685053, 25.108080264738888 ], [ 55.899741764081853, 25.108151118263009 ], [ 55.899712338783303, 25.108223156905954 ], [ 55.899686252416437, 25.108296254289364 ], [ 55.899663550750901, 25.108370282177365 ], [ 55.899644273618861, 25.108445110701396 ], [ 55.899628454844851, 25.108520608588151 ], [ 55.899616122186572, 25.108596643389717 ], [ 55.899607297285961, 25.108673081716159 ], [ 55.899601995631492, 25.108749789469226 ], [ 55.899600226530552, 25.10882663207785 ], [ 55.899601993093398, 25.108903474734092 ], [ 55.899607292227479, 25.108980182629729 ], [ 55.89961611464291, 25.109056621192646 ], [ 55.899628444868647, 25.10913265632303 ], [ 55.899644261279633, 25.109208154628575 ], [ 55.899663536134675, 25.109282983658488 ], [ 55.899686235625047, 25.109357012135909 ], [ 55.899712319933791, 25.109430110188207 ], [ 55.899741743305547, 25.109502149574809 ], [ 55.899774454126756, 25.109573003912203 ], [ 55.899810395016125, 25.1096425488957 ], [ 55.899849502925328, 25.109710662517458 ], [ 55.899891709249651, 25.109777225280659 ], [ 55.899936939948113, 25.109842120408974 ], [ 55.899985115673559, 25.109905234051642 ], [ 55.900036151911678, 25.109966455483086 ], [ 55.900089959129346, 25.110025677297262 ], [ 55.900146442931721, 25.110082795596067 ], [ 55.900205504227635, 25.110137710171664 ], [ 55.900267039403701, 25.110190324682275 ], [ 55.900330940505853, 25.110240546821114 ], [ 55.900397095428907, 25.110288288478678 ], [ 55.900465388113126, 25.110333465896904 ], [ 55.900535698747873, 25.110375999816455 ], [ 55.900607903981864, 25.110415815615642 ], [ 55.900681877139505, 25.110452843441408 ], [ 55.900757488443169, 25.110487018331845 ], [ 55.900834605240952, 25.11051828033024 ], [ 55.900913092239342, 25.110546574590174 ], [ 55.900992811740664, 25.11057185147191 ], [ 55.901073623884599, 25.110594066629368 ], [ 55.90115538689372, 25.110613181087945 ], [ 55.901237957322039, 25.110629161312968 ], [ 55.90132119030698, 25.1106419792685 ], [ 55.901404939823315, 25.110651612466491 ], [ 55.901489058939504, 25.110658044006311 ], [ 55.901573400075556, 25.110661262604395 ], [ 55.901657815261807, 25.110661262613888 ], [ 55.901742156398711, 25.110658044034867 ], [ 55.901826275516662, 25.110651612514012 ], [ 55.901910025035619, 25.110641979334925 ], [ 55.901993258024049, 25.110629161398158 ], [ 55.902075828456731, 25.110613181191759 ], [ 55.902157591471024, 25.110594066751624 ], [ 55.90223840362102, 25.110571851612423 ], [ 55.902318123129213, 25.110546574748657 ], [ 55.902396610135284, 25.11051828050643 ], [ 55.902473726941587, 25.110487018525447 ], [ 55.902549338254573, 25.11045284365207 ], [ 55.902623311422282, 25.110415815842998 ], [ 55.902695516667102, 25.110376000060079 ], [ 55.902765827313409, 25.110333466156405 ], [ 55.902834120009921, 25.110288288753583 ], [ 55.902900274945985, 25.110240547110944 ], [ 55.902964176061808, 25.11019032498649 ], [ 55.903025711252191, 25.110137710489784 ], [ 55.903084772563055, 25.110082795927514 ], [ 55.903141256380962, 25.110025677641438 ], [ 55.903195063614746, 25.109966455839405 ], [ 55.903246099869541, 25.109905234419468 ], [ 55.90329427561214, 25.109842120787672 ], [ 55.903339506328273, 25.109777225669571 ], [ 55.903381712670701, 25.109710662915919 ], [ 55.903420820598441, 25.10964254930294 ], [ 55.903456761506753, 25.109573004327569 ], [ 55.903489472347218, 25.109502149997542 ], [ 55.9035188957386, 25.109430110617591 ], [ 55.903544980067231, 25.109357012571181 ], [ 55.903567679577762, 25.109282984098868 ], [ 55.903586954453147, 25.109208155073318 ], [ 55.903602770884682, 25.109132656771337 ], [ 55.903615101131102, 25.109056621643731 ], [ 55.903623923567331, 25.108980183082821 ], [ 55.903629222722287, 25.108903475188367 ], [ 55.903630989306066, 25.108826632532512 ], [ 55.903629220226044, 25.108749789923493 ] ] ] ] } },
{ "type": "Feature", "properties": { "field_id": 14, "diam_km": 0.84124815945492104, "status": "active", "active_frac": 0.945, "mean_prob": 0.945, "uncertainty_frac": 0.0, "area_ha": 55.63, "active_area_ha": 52.59, "credit_score": 96 }, "geometry": { "type": "MultiPolygon", "coordinates": [ [ [ [ 55.899781388295402, 25.107543557806142 ], [ 55.899770412949238, 25.107384795334905 ], [ 55.899752145620056, 25.107226590593818 ], [ 55.899726618382751, 25.107069221125055 ], [ 55.899693876047955, 25.106912963004486 ], [ 55.899653976083179, 25.106758090357296 ], [ 55.899606988512019, 25.10660487487705 ], [ 55.899552995790842, 25.106453585349239 ], [ 55.899492092664218, 25.106304487179553 ], [ 55.899424385998422, 25.106157841928574 ], [ 55.899349994593777, 25.106013906852848 ], [ 55.89926904897618, 25.105872934453576 ], [ 55.899181691167918, 25.105735172033864 ], [ 55.899088074438509, 25.105600861264769 ], [ 55.898988363035556, 25.105470237761516 ], [ 55.898882731896641, 25.105343530670186 ], [ 55.898771366342302, 25.105220962265928 ], [ 55.898654461750837, 25.105102747562803 ], [ 55.898532223215675, 25.104989093936958 ], [ 55.898404865185256, 25.104880200762764 ], [ 55.898272611087059, 25.104776259063193 ], [ 55.898135692935625, 25.104677451174712 ], [ 55.897994350925387, 25.104583950427582 ], [ 55.897848833009483, 25.104495920841792 ], [ 55.897699394464823, 25.104413516839447 ], [ 55.897546297444201, 25.104336882973893 ], [ 55.897389810516643, 25.10426615367626 ], [ 55.897230208196206, 25.104201453019602 ], [ 55.89706777046063, 25.1041428945015 ], [ 55.89690278226017, 25.104090580844744 ], [ 55.896735533018017, 25.104044603817375 ], [ 55.896566316122488, 25.104005044071677 ], [ 55.896395428412688, 25.103971971002796 ], [ 55.896223169657738, 25.103945442626959 ], [ 55.896049842031296, 25.103925505479769 ], [ 55.8958757495814, 25.103912194534605 ], [ 55.895701197697385, 25.103905533141265 ], [ 55.895526492574334, 25.103905532985046 ], [ 55.895351940675965, 25.103912194066183 ], [ 55.895177848197342, 25.103925504699962 ], [ 55.895004520527891, 25.103945441537139 ], [ 55.894832261715742, 25.103971969604871 ], [ 55.894661373934568, 25.104005042368112 ], [ 55.894492156953717, 25.104044601811133 ], [ 55.894324907612372, 25.10409057853936 ], [ 55.894159919299085, 25.104142891901017 ], [ 55.893997481437189, 25.104201450128617 ], [ 55.893837878977202, 25.104266150499775 ], [ 55.89368139189704, 25.104336879517536 ], [ 55.893528294711103, 25.104413513109268 ], [ 55.893378855988693, 25.104495916844321 ], [ 55.893233337882883, 25.104583946169832 ], [ 55.893091995670957, 25.10467744666418 ], [ 55.892955077306347, 25.10477625430774 ], [ 55.892822822983959, 25.104880195770775 ], [ 55.892695464718663, 25.104989088717168 ], [ 55.892573225938293, 25.105102742124366 ], [ 55.892456321091821, 25.105220956618393 ], [ 55.892344955273067, 25.105343524823468 ], [ 55.892239323860821, 25.105470231725818 ], [ 55.892139612176088, 25.105600855050714 ], [ 55.892045995156913, 25.105735165652366 ], [ 55.891958637051474, 25.105872927915826 ], [ 55.891877691129743, 25.106013900170293 ], [ 55.891803299414583, 25.106157835112974 ], [ 55.891735592432433, 25.106304480242812 ], [ 55.891674688984132, 25.106453578303555 ], [ 55.891620695936581, 25.10660486773482 ], [ 55.891573708034841, 25.106758083130984 ], [ 55.891533807735968, 25.106912955706793 ], [ 55.891501065064055, 25.10706921376876 ], [ 55.891475537487253, 25.107226583191846 ], [ 55.891457269816748, 25.107384787900273 ], [ 55.891446294128023, 25.107543550351853 ], [ 55.891442629704379, 25.107702592024911 ], [ 55.891446283002708, 25.107861633906836 ], [ 55.891457247642307, 25.108020396983598 ], [ 55.89147550441561, 25.108178602729225 ], [ 55.891501021321837, 25.108335973594436 ], [ 55.891533753622781, 25.108492233493561 ], [ 55.891573643921276, 25.108647108289023 ], [ 55.891620622261662, 25.108800326272114 ], [ 55.89167460625216, 25.108951618639843 ], [ 55.891735501209489, 25.109100719966523 ], [ 55.891803200324752, 25.109247368669497 ], [ 55.891877584850491, 25.109391307467995 ], [ 55.891958524309139, 25.109532283834668 ], [ 55.892045876721483, 25.109670050438599 ], [ 55.89213948885601, 25.109804365579429 ], [ 55.892239196497243, 25.109934993611201 ], [ 55.892344824734018, 25.110061705356053 ], [ 55.892456188266188, 25.110184278506303 ], [ 55.892573091729538, 25.110302498014512 ], [ 55.892695330038705, 25.110416156470869 ], [ 55.892822688746669, 25.110525054467058 ], [ 55.892954944421291, 25.110629000946378 ], [ 55.893091865036993, 25.110727813538741 ], [ 55.893233210382007, 25.110821318880966 ], [ 55.89337873247981, 25.110909352920796 ], [ 55.893528176024205, 25.110991761204883 ], [ 55.893681278827252, 25.111068399149875 ], [ 55.893837772279404, 25.111139132296017 ], [ 55.893997381820846, 25.111203836543204 ], [ 55.894159827423195, 25.111262398368737 ], [ 55.894324824080982, 25.111314715026651 ], [ 55.894492082311743, 25.111360694727797 ], [ 55.89466130866407, 25.111400256801105 ], [ 55.894832206232557, 25.111433331835155 ], [ 55.895004475178865, 25.111459861799958 ], [ 55.895177813257924, 25.111479800148715 ], [ 55.895351916348389, 25.111493111899669 ], [ 55.895526478986184, 25.111499773697332 ], [ 55.89570119490093, 25.111499773853588 ], [ 55.895875757553149, 25.111493112368173 ], [ 55.896049860672299, 25.111479800928652 ], [ 55.896223198794374, 25.111459862889948 ], [ 55.896395467797937, 25.111433333233304 ], [ 55.896566365437813, 25.111400258504943 ], [ 55.896735591875505, 25.111360696734305 ], [ 55.896902850205464, 25.111314717332355 ], [ 55.897067846976149, 25.111262400969594 ], [ 55.897230292704862, 25.111203839434587 ], [ 55.897389902385939, 25.111139135472911 ], [ 55.897546395990737, 25.111068402606701 ], [ 55.89769949895917, 25.110991764935569 ], [ 55.897848942681364, 25.110909356918771 ], [ 55.897994464969138, 25.110821323139245 ], [ 55.898135810515925, 25.110727818049863 ], [ 55.898272731344832, 25.110629005702389 ], [ 55.898404987243744, 25.110525059459626 ], [ 55.89853234618672, 25.110416161691223 ], [ 55.898654584741109, 25.110302503453546 ], [ 55.898771488459573, 25.110184284154425 ], [ 55.8988828522562, 25.110061711203358 ], [ 55.898988480766413, 25.109934999647425 ], [ 55.899088188689525, 25.109804371793995 ], [ 55.899181801113834, 25.109670056820622 ], [ 55.899269153823447, 25.109532290372886 ], [ 55.899350093586271, 25.10939131415099 ], [ 55.899424478422588, 25.109247375485538 ], [ 55.899492177854263, 25.109100726903662 ], [ 55.899553073133312, 25.108951625685876 ], [ 55.89960705745024, 25.108800333414678 ], [ 55.89965403612117, 25.108647115515613 ], [ 55.899693926753848, 25.108492240791502 ], [ 55.899726659391952, 25.10833598095088 ], [ 55.899752176637691, 25.108178610131315 ], [ 55.899770433752323, 25.108020404418351 ], [ 55.89978139873449, 25.107861641361161 ], [ 55.899785052375968, 25.107702599485773 ], [ 55.899781388295402, 25.107543557806142 ] ] ] ] } },
{ "type": "Feature", "properties": { "field_id": 15, "diam_km": 0.79604888831837906, "status": "active", "active_frac": 0.857, "mean_prob": 0.857, "uncertainty_frac": 0.0, "area_ha": 49.71, "active_area_ha": 42.6, "credit_score": 89 }, "geometry": { "type": "MultiPolygon", "coordinates": [ [ [ [ 55.896064959631126, 25.100983437417124 ], [ 55.896054574698745, 25.100833204923759 ], [ 55.896037289938128, 25.100683500188694 ], [ 55.896013135697487, 25.10053458584251 ], [ 55.895982154375851, 25.100386723128295 ], [ 55.895944400348661, 25.100240171443314 ], [ 55.895899939871995, 25.100095187883948 ], [ 55.895848850966416, 25.099952026794721 ], [ 55.89579122327973, 25.099810939322175 ], [ 55.895727157929706, 25.099672172974245 ], [ 55.895656767326585, 25.099535971186086 ], [ 55.895580174975528, 25.099402572893215 ], [ 55.895497515260061, 25.099272212112179 ], [ 55.895408933206078, 25.099145117530266 ], [ 55.895314584227471, 25.099021512104219 ], [ 55.895214633853186, 25.098901612669348 ], [ 55.895109257437056, 25.098785629559032 ], [ 55.894998639849838, 25.098673766235862 ], [ 55.894882975155006, 25.098566218934842 ], [ 55.894762466268276, 25.098463176319076 ], [ 55.894637324601618, 25.098364819149008 ], [ 55.894507769692261, 25.098271319965274 ], [ 55.894374028817779, 25.098182842786155 ], [ 55.894236336597288, 25.098099542819842 ], [ 55.894094934579826, 25.098021566192308 ], [ 55.893950070820857, 25.097949049690985 ], [ 55.893801999446964, 25.097882120524833 ], [ 55.893650980210381, 25.097820896101332 ], [ 55.893497278033088, 25.097765483820439 ], [ 55.893341162542463, 25.097715980886349 ], [ 55.893182907598188, 25.097672474136992 ], [ 55.893022790812076, 25.097635039891639 ], [ 55.892861093061121, 25.097603743817238 ], [ 55.892698097994881, 25.097578640813111 ], [ 55.892534091538174, 25.097559774914728 ], [ 55.892369361389363, 25.097547179216427 ], [ 55.892204196516111, 25.097540875813468 ], [ 55.892038886648415, 25.097540875763201 ], [ 55.891873721770537, 25.097547179065703 ], [ 55.891708991612489, 25.097559774663793 ], [ 55.891544985141927, 25.097578640462437 ], [ 55.891381990057283, 25.097603743367458 ], [ 55.891220292283379, 25.097635039343501 ], [ 55.891060175469796, 25.097672473491439 ], [ 55.890901920493619, 25.09771598014456 ], [ 55.890745804966691, 25.097765482983707 ], [ 55.890592102748762, 25.09782089517109 ], [ 55.890441083467238, 25.097882119502749 ], [ 55.890293012044303, 25.09794904857883 ], [ 55.890148148232122, 25.098021564992056 ], [ 55.890006746157468, 25.098099541533575 ], [ 55.889869053875842, 25.098182841416143 ], [ 55.889735312936494, 25.098271318513937 ], [ 55.88960575795857, 25.098364817618851 ], [ 55.889480616219757, 25.098463174712819 ], [ 55.889360107257453, 25.098566217255257 ], [ 55.889244442483729, 25.098673764485937 ], [ 55.889133824814451, 25.098785627741805 ], [ 55.889028448313233, 25.098901610788051 ], [ 55.888928497851026, 25.099021510162132 ], [ 55.888834148781747, 25.099145115530757 ], [ 55.888745566634547, 25.09927221005881 ], [ 55.888662906823456, 25.099402570789557 ], [ 55.888586314374507, 25.09953596903587 ], [ 55.888515923671484, 25.099672170781183 ], [ 55.888451858219696, 25.099810937090155 ], [ 55.888394230429526, 25.099952024527646 ], [ 55.888343141418943, 25.100095185585769 ], [ 55.888298680835888, 25.100240169118109 ], [ 55.888260926701193, 25.100386720780108 ], [ 55.888229945271078, 25.100534583475479 ], [ 55.888205790921205, 25.100683497806983 ], [ 55.888188506050767, 25.100833202531522 ], [ 55.888178121008202, 25.100983435018563 ], [ 55.888174654037549, 25.101133931710692 ], [ 55.888178111246496, 25.10128442858603 ], [ 55.88818848659524, 25.101434661621472 ], [ 55.888205761907152, 25.101584367255771 ], [ 55.888229906900278, 25.101733282851992 ], [ 55.88826087924047, 25.101881147158352 ], [ 55.888298624615317, 25.102027700766392 ], [ 55.888343076829315, 25.102172686566249 ], [ 55.88839415791999, 25.102315850197627 ], [ 55.88845177829424, 25.102456940496218 ], [ 55.888515836885638, 25.102595709934281 ], [ 55.888586221331373, 25.102731915054893 ], [ 55.888662808169457, 25.102865316899269 ], [ 55.888745463055052, 25.102995681425853 ], [ 55.888834040996052, 25.103122779921197 ], [ 55.888928386607539, 25.103246389400994 ], [ 55.889028334384072, 25.103366293001567 ], [ 55.889133708990123, 25.103482280360289 ], [ 55.889244325567631, 25.103594147984808 ], [ 55.889359990060157, 25.103701699609886 ], [ 55.8894804995534, 25.103804746542117 ], [ 55.889605642631196, 25.103903107990817 ], [ 55.88973519974634, 25.103996611385302 ], [ 55.889868943605862, 25.104085092677764 ], [ 55.890006639569656, 25.104168396631188 ], [ 55.890148046062457, 25.10424637709157 ], [ 55.890292914997403, 25.104318897244639 ], [ 55.890440992211559, 25.104385829855772 ], [ 55.890592017911793, 25.10444705749341 ], [ 55.890745727130749, 25.104502472734982 ], [ 55.890901850191682, 25.104551978355573 ], [ 55.891060113181794, 25.10459548749839 ], [ 55.891220238432815, 25.104632923827307 ], [ 55.891381945008433, 25.104664221660876 ], [ 55.891544949197133, 25.104689326087364 ], [ 55.891708965010181, 25.104708193061349 ], [ 55.891873704683469, 25.104720789480933 ], [ 55.892038879182643, 25.104727093245817 ], [ 55.892204198710104, 25.104727093296106 ], [ 55.892369373213903, 25.104720789631685 ], [ 55.892534112896442, 25.104708193312295 ], [ 55.892698128723325, 25.104689326438073 ], [ 55.892861132930442, 25.104664222110738 ], [ 55.89302283952901, 25.104632924375569 ], [ 55.893182964807522, 25.104595488144014 ], [ 55.893341227829524, 25.104551979097455 ], [ 55.893497350926793, 25.104502473571856 ], [ 55.893651060186421, 25.104447058423773 ], [ 55.893802085931597, 25.104385830878019 ], [ 55.893950163194845, 25.104318898356919 ], [ 55.894095032183003, 25.104246378291961 ], [ 55.894236438733003, 25.104168397917597 ], [ 55.894374134757932, 25.104085094047971 ], [ 55.894507878682361, 25.103996612836845 ], [ 55.894637435866116, 25.103903109521159 ], [ 55.894762579016074, 25.103804748148573 ], [ 55.894883088584933, 25.103701701289637 ], [ 55.894998753156365, 25.103594149734885 ], [ 55.89510936981592, 25.103482282177684 ], [ 55.895214744507115, 25.103366294883038 ], [ 55.895314692371613, 25.10324639134328 ], [ 55.895409038073758, 25.10312278192086 ], [ 55.895497616108031, 25.102995683479396 ], [ 55.895580271089244, 25.102865319003072 ], [ 55.895656858025212, 25.102731917205261 ], [ 55.895727242570892, 25.102595712127453 ], [ 55.89579130126409, 25.102456942728381 ], [ 55.895848921741852, 25.10231585246482 ], [ 55.895900002937537, 25.102172688864485 ], [ 55.895944455257926, 25.102027703091679 ], [ 55.895982200740271, 25.101881149506607 ], [ 55.896013173188926, 25.101733285219098 ], [ 55.896037318291327, 25.101584369637518 ], [ 55.896054593713046, 25.101434664013727 ], [ 55.896064969172016, 25.101284430984609 ], [ 55.89606842649134, 25.101133934111363 ], [ 55.896064959631126, 25.100983437417124 ] ] ] ] } },
{ "type": "Feature", "properties": { "field_id": 16, "diam_km": 0.79956437696840499, "status": "active", "active_frac": 0.934, "mean_prob": 0.934, "uncertainty_frac": 0.0, "area_ha": 50.19, "active_area_ha": 46.88, "credit_score": 95 }, "geometry": { "type": "MultiPolygon", "coordinates": [ [ [ [ 55.904120353065423, 25.101214362831261 ], [ 55.904109922173504, 25.101063466894551 ], [ 55.90409256097, 25.100913101049773 ], [ 55.904068299937386, 25.100763529087299 ], [ 55.904037181662332, 25.100615013403864 ], [ 55.903999260760664, 25.100467814542181 ], [ 55.903954603781507, 25.100322190734015 ], [ 55.903903289090273, 25.100178397447035 ], [ 55.903845406731101, 25.100036686936793 ], [ 55.903781058268727, 25.099897307804177 ], [ 55.903710356610141, 25.099760504559324 ], [ 55.903633425806447, 25.099626517192814 ], [ 55.903550400834973, 25.099495580754592 ], [ 55.903461427362586, 25.099367924941642 ], [ 55.903366661489883, 25.09924377369536 ], [ 55.903266269477349, 25.099123344808415 ], [ 55.903160427453592, 25.099006849542935 ], [ 55.903049321106202, 25.098894492259948 ], [ 55.902933145356236, 25.098786470060894 ], [ 55.90281210401595, 25.098682972441956 ], [ 55.902686409431347, 25.09858418096162 ], [ 55.902556282109686, 25.098490268922461 ], [ 55.90242195033268, 25.098401401066845 ], [ 55.902283649756001, 25.098317733288301 ], [ 55.902141622995892, 25.098239412357977 ], [ 55.901996119203659, 25.098166575667239 ], [ 55.901847393628742, 25.098099350986669 ], [ 55.901695707170752, 25.098037856242119 ], [ 55.901541325922175, 25.09798219930769 ], [ 55.901384520701519, 25.097932477816734 ], [ 55.901225566578276, 25.097888778990495 ], [ 55.901064742390737, 25.097851179485215 ], [ 55.900902330256621, 25.097819745257649 ], [ 55.900738615078666, 25.097794531449512 ], [ 55.900573884044675, 25.097775582290595 ], [ 55.900408426124038, 25.09776293102129 ], [ 55.900242531560934, 25.097756599834302 ], [ 55.900076491365262, 25.097756599835755 ], [ 55.899910596802293, 25.097762931025631 ], [ 55.899745138881933, 25.097775582297825 ], [ 55.899580407848347, 25.09779453145962 ], [ 55.899416692670911, 25.09781974527062 ], [ 55.899254280537477, 25.097851179500992 ], [ 55.899093456350712, 25.097888779009061 ], [ 55.8989345022284, 25.097932477838114 ], [ 55.898777697008796, 25.097982199331824 ], [ 55.898623315761377, 25.09803785626892 ], [ 55.898471629304694, 25.098099351016163 ], [ 55.898322903731163, 25.098166575699299 ], [ 55.898177399940501, 25.098239412392584 ], [ 55.898035373182033, 25.098317733325374 ], [ 55.897897072607108, 25.098401401106315 ], [ 55.897762740831986, 25.098490268964298 ], [ 55.897632613512286, 25.098584181005737 ], [ 55.897506918929771, 25.098682972488252 ], [ 55.897385877591653, 25.098786470109303 ], [ 55.897269701843939, 25.098894492310407 ], [ 55.897158595498958, 25.09900684959532 ], [ 55.897052753477631, 25.099123344862633 ], [ 55.896952361467633, 25.099243773751351 ], [ 55.896857595597531, 25.099367924999299 ], [ 55.896768622127837, 25.099495580813748 ], [ 55.896685597159141, 25.099626517253451 ], [ 55.89660866635824, 25.099760504621297 ], [ 55.896537964702539, 25.099897307867376 ], [ 55.896473616243114, 25.100036687001129 ], [ 55.896415733886911, 25.100178397512387 ], [ 55.896364419198719, 25.100322190800252 ], [ 55.896319762222603, 25.100467814609221 ], [ 55.896281841324047, 25.100615013471536 ], [ 55.896250723052091, 25.100763529155522 ], [ 55.896226462022653, 25.100913101118433 ], [ 55.896209100822311, 25.101063466963531 ], [ 55.896198669933575, 25.101214362900382 ], [ 55.896195187681222, 25.101365524207711 ], [ 55.896198660199914, 25.101516685697725 ], [ 55.896209081423251, 25.101667582181264 ], [ 55.896226433094313, 25.101817948933228 ], [ 55.896250684797423, 25.101967522156865 ], [ 55.896281794011443, 25.102116039446582 ], [ 55.89631970618403, 25.102263240248337 ], [ 55.896364354827348, 25.10240886631685 ], [ 55.89641566163435, 25.10255266216852 ], [ 55.896473536616313, 25.102694375529872 ], [ 55.896537878260183, 25.102833757780015 ], [ 55.896608573706771, 25.102970564386855 ], [ 55.896685498948649, 25.103104555336337 ], [ 55.896768519047413, 25.103235495553349 ], [ 55.896857488370422, 25.103363155314327 ], [ 55.896952250846134, 25.103487310650333 ], [ 55.897052640237945, 25.103607743739882 ], [ 55.897158480435621, 25.103724243291438 ], [ 55.897269585764327, 25.103836604913866 ], [ 55.897385761310183, 25.103944631475294 ], [ 55.897506803262409, 25.104048133449016 ], [ 55.897632499270657, 25.104146929245832 ], [ 55.897762628817688, 25.104240845533099 ], [ 55.897896963606172, 25.104329717538516 ], [ 55.898035267959358, 25.104413389339438 ], [ 55.898177299234497, 25.104491714136582 ], [ 55.898322808248544, 25.10456455451143 ], [ 55.898471539715572, 25.104631782667514 ], [ 55.898623232694476, 25.104693280654686 ], [ 55.898777621047145, 25.104748940576027 ], [ 55.898934433905232, 25.104798664777274 ], [ 55.899093396145602, 25.104842366018183 ], [ 55.899254228873161, 25.104879967625511 ], [ 55.899416649910123, 25.104911403627764 ], [ 55.899580374291411, 25.10493661887088 ], [ 55.899745114764663, 25.104955569114939 ], [ 55.899910582294197, 25.104968221111918 ], [ 55.90007648656853, 25.104974552664 ], [ 55.900242536509623, 25.104974552662547 ], [ 55.900408440783828, 25.10496822110758 ], [ 55.900573908313113, 25.104955569107691 ], [ 55.900738648785925, 25.104936618860766 ], [ 55.900902373166701, 25.10491140361481 ], [ 55.901064794203016, 25.104879967609719 ], [ 55.901225626929765, 25.104842365999552 ], [ 55.901384589169218, 25.104798664755897 ], [ 55.901541402026254, 25.104748940551907 ], [ 55.901695790377751, 25.104693280627878 ], [ 55.90184748335539, 25.104631782638041 ], [ 55.90199621482099, 25.104564554479353 ], [ 55.902141723833502, 25.104491714102004 ], [ 55.902283755106957, 25.104413389302376 ], [ 55.902422059458402, 25.104329717498999 ], [ 55.902556394245025, 25.104240845491258 ], [ 55.902686523790074, 25.104146929201747 ], [ 55.902812219796232, 25.104048133402692 ], [ 55.902933261746298, 25.103944631426891 ], [ 55.90304943728988, 25.103836604863417 ], [ 55.90316054261622, 25.103724243239057 ], [ 55.903266382811431, 25.103607743685671 ], [ 55.903366772200691, 25.103487310594335 ], [ 55.903461534673809, 25.103363155256698 ], [ 55.903550503994126, 25.103235495494165 ], [ 55.903633524090118, 25.103104555275689 ], [ 55.903710449329168, 25.102970564324867 ], [ 55.903781144772921, 25.102833757716784 ], [ 55.903845486413843, 25.102694375465546 ], [ 55.903903361392814, 25.102552662103186 ], [ 55.903954668196818, 25.102408866250599 ], [ 55.903999316837023, 25.102263240181312 ], [ 55.904037229006548, 25.102116039378881 ], [ 55.904068338217421, 25.101967522088628 ], [ 55.904092589917397, 25.101817948864586 ], [ 55.90410994158529, 25.101667582112302 ], [ 55.90412036280545, 25.101516685628571 ], [ 55.904123835320959, 25.101365524138526 ], [ 55.904120353065423, 25.101214362831261 ] ] ] ] } },
{ "type": "Feature", "properties": { "field_id": 17, "diam_km": 0.79688082873842103, "status": "active", "active_frac": 0.789, "mean_prob": 0.789, "uncertainty_frac": 0.0, "area_ha": 49.83, "active_area_ha": 39.32, "credit_score": 83 }, "geometry": { "type": "MultiPolygon", "coordinates": [ [ [ [ 55.912176468334749, 25.101450741860468 ], [ 55.91216607243323, 25.101300352374928 ], [ 55.912148769466626, 25.101150491202091 ], [ 55.912124589815122, 25.101001421247034 ], [ 55.912093575922412, 25.100853404025774 ], [ 55.912055782221074, 25.100706699206643 ], [ 55.912011275036903, 25.100561564154681 ], [ 55.911960132472387, 25.100418253480182 ], [ 55.911902444269565, 25.100277018592045 ], [ 55.911838311652417, 25.100138107256825 ], [ 55.911767847149157, 25.100001763164023 ], [ 55.911691174394676, 25.099868225498795 ], [ 55.911608427913585, 25.099737728522168 ], [ 55.911519752884047, 25.099610501160331 ], [ 55.911425304883039, 25.099486766602976 ], [ 55.911325249613263, 25.099366741911886 ], [ 55.911219762612582, 25.099250637640203 ], [ 55.911109028945788, 25.099138657463048 ], [ 55.910993242879961, 25.099030997820382 ], [ 55.910872607543801, 25.098927847572369 ], [ 55.910747334571056, 25.098829387668278 ], [ 55.91061764372936, 25.098735790828904 ], [ 55.910483762534703, 25.098647221243848 ], [ 55.910345925852361, 25.098563834283439 ], [ 55.910204375484788, 25.098485776226177 ], [ 55.91005935974767, 25.098413184002386 ], [ 55.909911133034235, 25.098346184953801 ], [ 55.909759955369118, 25.098284896610487 ], [ 55.909606091952256, 25.098229426484526 ], [ 55.90944981269385, 25.098179871881616 ], [ 55.90929139174083, 25.098136319730244 ], [ 55.909131106996234, 25.098098846429373 ], [ 55.90896923963161, 25.098067517714465 ], [ 55.908806073594079, 25.098042388542005 ], [ 55.90864189510831, 25.09802350299347 ], [ 55.90847699217445, 25.098010894197628 ], [ 55.908311654063198, 25.098004584272676 ], [ 55.908146170808429, 25.098004584287455 ], [ 55.907980832698541, 25.098010894241899 ], [ 55.907815929767388, 25.0980235030672 ], [ 55.907651751285677, 25.098042388645073 ], [ 55.907488585253553, 25.098067517846641 ], [ 55.907326717895664, 25.098098846590453 ], [ 55.907166433159126, 25.098136319919949 ], [ 55.90700801221552, 25.098179872099603 ], [ 55.906851732967752, 25.09822942673043 ], [ 55.906697869562862, 25.09828489688385 ], [ 55.906546691910926, 25.098346185254165 ], [ 55.906398465211929, 25.098413184329189 ], [ 55.906253449490443, 25.098485776578926 ], [ 55.906111899139688, 25.098563834661441 ], [ 55.905974062475266, 25.09864722164647 ], [ 55.905840181299702, 25.098735791255436 ], [ 55.905710490478157, 25.098829388117942 ], [ 55.905585217526607, 25.098927848044418 ], [ 55.905464582212652, 25.099030998313971 ], [ 55.905348796170038, 25.09913865797731 ], [ 55.905238062527346, 25.099250638174258 ], [ 55.905132575551669, 25.099366742464785 ], [ 55.905032520307756, 25.099486767173712 ], [ 55.904938072333387, 25.099610501747939 ], [ 55.904849397331226, 25.099737729125614 ], [ 55.904766650878251, 25.099868226117021 ], [ 55.904689978152511, 25.100001763795948 ], [ 55.904619513678611, 25.100138107901326 ], [ 55.904555381091392, 25.10027701924799 ], [ 55.904497692918973, 25.100418254146415 ], [ 55.904446550385323, 25.10056156483007 ], [ 55.904402043232416, 25.100706699889976 ], [ 55.904364249562661, 25.100853404715874 ], [ 55.904333235701834, 25.101001421942634 ], [ 55.904309056082433, 25.101150491902015 ], [ 55.904291753148094, 25.101300353077956 ], [ 55.904281357278975, 25.101450742565341 ], [ 55.904277886738178, 25.10160139653139 ], [ 55.904281347639674, 25.101752050678318 ], [ 55.90429173393732, 25.101902440707093 ], [ 55.904309027435225, 25.102052302781047 ], [ 55.904333197819646, 25.102201373988809 ], [ 55.904364202711925, 25.102349392805586 ], [ 55.904401987742588, 25.102496099551821 ], [ 55.904446486646663, 25.102641236848992 ], [ 55.904497621379683, 25.102784550071053 ], [ 55.904555302254622, 25.102925787791214 ], [ 55.904619428098869, 25.103064702223076 ], [ 55.904689886431726, 25.103201049655393 ], [ 55.90476655366156, 25.10333459087963 ], [ 55.904849295302569, 25.103465091609742 ], [ 55.904937966210461, 25.103592322893249 ], [ 55.905032410837208, 25.10371606151293 ], [ 55.905132463503783, 25.103836090378504 ], [ 55.905237948690562, 25.103952198907592 ], [ 55.905348681345536, 25.10406418339516 ], [ 55.905464467208603, 25.104171847371042 ], [ 55.905585103152596, 25.104275001944654 ], [ 55.905710377539464, 25.104373466136416 ], [ 55.905840070591637, 25.104467067195415 ], [ 55.905973954777643, 25.104555640902497 ], [ 55.90611179521126, 25.104639031858429 ], [ 55.906253350063622, 25.104717093756612 ], [ 55.906398370987667, 25.10478968963989 ], [ 55.906546603553771, 25.104856692140732 ], [ 55.906697787696245, 25.104917983704954 ], [ 55.906851658169678, 25.10497345679784 ], [ 55.907007945014421, 25.105023014092925 ], [ 55.907166374030297, 25.105066568642801 ], [ 55.907326667257756, 25.105104044031638 ], [ 55.907488543465696, 25.105135374509416 ], [ 55.907651718644999, 25.105160505107193 ], [ 55.907815906506897, 25.105179391733618 ], [ 55.907980818985415, 25.10519200125227 ], [ 55.908146166742945, 25.105198311539866 ], [ 55.908311659677928, 25.105198311525108 ], [ 55.908477007434094, 25.105192001207975 ], [ 55.908641919909925, 25.105179391659878 ], [ 55.908806107767738, 25.105160505004132 ], [ 55.908969282941648, 25.105135374377213 ], [ 55.909131159142817, 25.105104043870515 ], [ 55.909291452362197, 25.105066568453051 ], [ 55.909449881368708, 25.105023013874884 ], [ 55.909606168202764, 25.1049734565519 ], [ 55.909760038664245, 25.104917983431562 ], [ 55.909911222793511, 25.104856691840336 ], [ 55.910059455345191, 25.104789689312994 ], [ 55.910204476253597, 25.104717093403824 ], [ 55.910346031089155, 25.104639031480382 ], [ 55.91048387150478, 25.104555640499829 ], [ 55.910617755671723, 25.104467066768855 ], [ 55.910747448703759, 25.104373465686695 ], [ 55.910872723069403, 25.104275001472534 ], [ 55.910993358991192, 25.104171846877399 ], [ 55.911109144831073, 25.104064182880848 ], [ 55.911219877461896, 25.103952198373495 ], [ 55.911325362623693, 25.103836089825567 ], [ 55.911425415264411, 25.10371606094213 ], [ 55.911519859864491, 25.103592322305612 ], [ 55.911608530745021, 25.103465091006253 ], [ 55.911691272357892, 25.103334590261362 ], [ 55.91176793955897, 25.103201049023426 ], [ 55.911838397862446, 25.103064701578543 ], [ 55.911902523676808, 25.102925787135227 ], [ 55.911960204521286, 25.102784549404767 ], [ 55.91201133922349, 25.102641236173582 ], [ 55.912055838096286, 25.102496098868482 ], [ 55.91209362309533, 25.102349392115482 ], [ 55.91212462795572, 25.10220137329318 ], [ 55.912148798308053, 25.102052302081074 ], [ 55.912166091773699, 25.101902440004046 ], [ 55.91217647803893, 25.101752049973435 ], [ 55.912179938907975, 25.101601395825895 ], [ 55.912176468334749, 25.101450741860468 ] ] ] ] } },
{ "type": "Feature", "properties": { "field_id": 18, "diam_km": 0.585974760381475, "status": "active", "active_frac": 0.87, "mean_prob": 0.87, "uncertainty_frac": 0.0, "area_ha": 26.94, "active_area_ha": 23.45, "credit_score": 90 }, "geometry": { "type": "MultiPolygon", "coordinates": [ [ [ [ 55.918072815712755, 25.102214853281779 ], [ 55.918065172181102, 25.102104266509421 ], [ 55.91805244959604, 25.101994068187249 ], [ 55.918034670290794, 25.101884451639233 ], [ 55.918011865469438, 25.101775609168318 ], [ 55.917984075152198, 25.101667731718859 ], [ 55.917951348105092, 25.101561008541857 ], [ 55.917913741754248, 25.101455626862837 ], [ 55.917871322085063, 25.101351771553407 ], [ 55.917824163526546, 25.101249624807089 ], [ 55.917772348820407, 25.101149365819563 ], [ 55.917715968876053, 25.101051170474413 ], [ 55.917655122610881, 25.100955211034574 ], [ 55.917589916776883, 25.100861655840191 ], [ 55.917520465773023, 25.100770669013265 ], [ 55.917446891444776, 25.100682410169853 ], [ 55.917369322870258, 25.100597034139987 ], [ 55.917287896133608, 25.100514690696247 ], [ 55.917202754086517, 25.100435524290805 ], [ 55.917114046097311, 25.100359673802334 ], [ 55.917021927789051, 25.100287272292181 ], [ 55.916926560766584, 25.100218446771098 ], [ 55.916828112332894, 25.100153317976464 ], [ 55.916726755195775, 25.100092000160409 ], [ 55.916622667164731, 25.10003460088959 ], [ 55.916516030839162, 25.099981220856346 ], [ 55.916407033288031, 25.0999319537022 ], [ 55.91629586572175, 25.099886885853557 ], [ 55.916182723156837, 25.099846096370161 ], [ 55.916067804073734, 25.099809656806393 ], [ 55.91595131006877, 25.09977763108585 ], [ 55.915833445500546, 25.099750075389068 ], [ 55.915714417131518, 25.099727038055192 ], [ 55.915594433765278, 25.099708559496936 ], [ 55.915473705880515, 25.099694672130028 ], [ 55.915352445261519, 25.099685400316059 ], [ 55.915230864627127, 25.099680760319899 ], [ 55.915109177257328, 25.099680760281203 ], [ 55.914987596619362, 25.099685400200027 ], [ 55.914866335993274, 25.09969467193687 ], [ 55.914745608097817, 25.099708559226983 ], [ 55.914625624717452, 25.099727037708906 ], [ 55.914506596330732, 25.099750074967101 ], [ 55.91438873174139, 25.099777630588932 ], [ 55.914272237711828, 25.099809656235383 ], [ 55.914157318600779, 25.099846095726036 ], [ 55.914044176004552, 25.099886885137479 ], [ 55.913933008403717, 25.099931952915409 ], [ 55.913824010814807, 25.099981220000256 ], [ 55.913717374448275, 25.100034599965664 ], [ 55.913613286373213, 25.100091999170282 ], [ 55.913511929189077, 25.100153316921837 ], [ 55.913413480705437, 25.100218445653869 ], [ 55.913318113630176, 25.100287271114279 ], [ 55.913225995266387, 25.10035967256584 ], [ 55.913137287218994, 25.100435522997916 ], [ 55.913052145111138, 25.10051468934919 ], [ 55.912970718311342, 25.100597032741145 ], [ 55.912893149671319, 25.100682408721678 ], [ 55.912819575275378, 25.100770667518287 ], [ 55.912750124201743, 25.100861654301031 ], [ 55.912684918295959, 25.10095520945395 ], [ 55.912624071957197, 25.101051168855069 ], [ 55.912567691937504, 25.101149364164364 ], [ 55.912515877154462, 25.101249623118928 ], [ 55.912468718517587, 25.101351769835269 ], [ 55.912426298768736, 25.101455625117701 ], [ 55.912388692337039, 25.101561006772801 ], [ 55.912355965208043, 25.101667729928977 ], [ 55.912328174808074, 25.101775607360768 ], [ 55.91230536990323, 25.101884449817199 ], [ 55.912287590513884, 25.101994066353868 ], [ 55.912274867844282, 25.102104264667979 ], [ 55.91226722422779, 25.102214851435452 ], [ 55.912264673087577, 25.102325632650341 ], [ 55.91226721891293, 25.10243641396498 ], [ 55.912274857251411, 25.102547001031049 ], [ 55.912287574716373, 25.102657199840493 ], [ 55.912305349010566, 25.102766817065884 ], [ 55.912328148965038, 25.102875660399551 ], [ 55.912355934593677, 25.102983538891049 ], [ 55.91238865716344, 25.103090263282127 ], [ 55.912426259279535, 25.10319564633869 ], [ 55.912468674986243, 25.103299503179475 ], [ 55.912515829882388, 25.103401651600247 ], [ 55.912567641251961, 25.103501912393561 ], [ 55.91262401820893, 25.103600109663169 ], [ 55.912684861856846, 25.103696071132642 ], [ 55.912750065462134, 25.103789628447618 ], [ 55.912819514641384, 25.103880617471152 ], [ 55.91289308756199, 25.103968878571848 ], [ 55.912970655155654, 25.10405425690384 ], [ 55.913052081345121, 25.10413660267837 ], [ 55.913137223282618, 25.104215771426926 ], [ 55.913225931600508, 25.104291624254383 ], [ 55.913318050673411, 25.104364028083019 ], [ 55.913413418891153, 25.104432855885811 ], [ 55.913511868942336, 25.104497986909347 ], [ 55.913613228107891, 25.104559306885918 ], [ 55.913717318564046, 25.104616708233642 ], [ 55.913823957694397, 25.104670090245659 ], [ 55.913932958410257, 25.104719359266603 ], [ 55.91404412947908, 25.104764428856893 ], [ 55.914157275859743, 25.10480521994462 ], [ 55.914272199045072, 25.104841660964102 ], [ 55.914388697409926, 25.104873687981609 ], [ 55.914506566565137, 25.104901244807422 ], [ 55.914625599716103, 25.104924283094576 ], [ 55.914745588025617, 25.104942762423555 ], [ 55.914866320980416, 25.104956650373303 ], [ 55.91498758676056, 25.104965922578128 ], [ 55.915109172611047, 25.104970562770387 ], [ 55.915230865215321, 25.104970562809093 ], [ 55.915352451069396, 25.10496592269417 ], [ 55.915473716856631, 25.104956650566482 ], [ 55.915594449822102, 25.104942762693518 ], [ 55.915714438145784, 25.104924283440859 ], [ 55.9158334713144, 25.104901245229435 ], [ 55.915951340490764, 25.104873688478587 ], [ 55.916067838880203, 25.104841661535175 ], [ 55.916182762093491, 25.104805220588794 ], [ 55.916295908505454, 25.104764429573038 ], [ 55.916407079608859, 25.104719360053458 ], [ 55.916516080362541, 25.104670091101863 ], [ 55.916622719533819, 25.104616709157654 ], [ 55.916726810034007, 25.104559307876116 ], [ 55.916828169246585, 25.10449798796407 ], [ 55.916926619347777, 25.104432857003125 ], [ 55.917021987618313, 25.104364029260999 ], [ 55.917114106746787, 25.104291625490969 ], [ 55.917202815122863, 25.104215772719915 ], [ 55.917287957121076, 25.10413660402552 ], [ 55.917369383373739, 25.104054258302771 ], [ 55.917446951032936, 25.103968880020133 ], [ 55.917520524021207, 25.10388061896624 ], [ 55.917589973270282, 25.103789629986863 ], [ 55.917655176947378, 25.103696072713372 ], [ 55.917716020668905, 25.103600111282585 ], [ 55.917772397701214, 25.103501914048834 ], [ 55.917824209147675, 25.10340165328849 ], [ 55.917871364122192, 25.103299504897691 ], [ 55.917913779908567, 25.103195648083876 ], [ 55.917951382105521, 25.103090265051229 ], [ 55.917984104757132, 25.102983540680992 ], [ 55.91801189046857, 25.10287566220714 ], [ 55.918034690506502, 25.102766818887961 ], [ 55.918052464884823, 25.102657201673896 ], [ 55.91806518243434, 25.102547002872527 ], [ 55.918072820857638, 25.102436415811304 ], [ 55.918075366768008, 25.102325634498285 ], [ 55.918072815712755, 25.102214853281779 ] ] ] ] } },
{ "type": "Feature", "properties": { "field_id": 19, "diam_km": 0.78898531200627198, "status": "active", "active_frac": 0.846, "mean_prob": 0.846, "uncertainty_frac": 0.0, "area_ha": 48.88, "active_area_ha": 41.37, "credit_score": 88 }, "geometry": { "type": "MultiPolygon", "coordinates": [ [ [ [ 55.925299903499798, 25.099431545987642 ], [ 55.925289610915449, 25.099282646516318 ], [ 55.925272479812733, 25.099134270117837 ], [ 55.925248540269848, 25.098986677092469 ], [ 55.925217834308782, 25.09884012636531 ], [ 55.925180415821394, 25.098694875032031 ], [ 55.925136350474823, 25.098551177907854 ], [ 55.925085715595955, 25.098409287080589 ], [ 55.925028600035823, 25.098269451468362 ], [ 55.924965104013317, 25.098131916383082 ], [ 55.924895338939578, 25.097996923100009 ], [ 55.924819427222118, 25.097864708434635 ], [ 55.924737502050107, 25.097735504327229 ], [ 55.924649707160654, 25.09760953743606 ], [ 55.924556196586394, 25.097487028739724 ], [ 55.924457134385371, 25.097368193149627 ], [ 55.924352694353082, 25.097253239133011 ], [ 55.924243059717448, 25.097142368347342 ], [ 55.924128422817539, 25.097035775286461 ], [ 55.924008984765898, 25.09693364693975 ], [ 55.923884955095915, 25.096836162463823 ], [ 55.923756551394106, 25.096743492868519 ], [ 55.923623998918515, 25.096655800716974 ], [ 55.923487530203502, 25.096573239840318 ], [ 55.923347384651912, 25.096495955068139 ], [ 55.923203808115098, 25.096424081974313 ], [ 55.923057052461722, 25.096357746639164 ], [ 55.922907375135978, 25.096297065428555 ], [ 55.922755038706029, 25.096242144789642 ], [ 55.922600310403588, 25.09619308106425 ], [ 55.922443461655114, 25.09614996031986 ], [ 55.922284767605809, 25.096112858198751 ], [ 55.922124506637132, 25.096081839785267 ], [ 55.921962959878456, 25.096056959491722 ], [ 55.921800410714106, 25.096038260962878 ], [ 55.921637144286457, 25.096025776999564 ], [ 55.921473446995641, 25.096019529501049 ], [ 55.921309605997486, 25.096019529426592 ], [ 55.921145908699813, 25.096025776776358 ], [ 55.920982642258465, 25.096038260591271 ], [ 55.920820093073637, 25.096056958972383 ], [ 55.920658546287704, 25.096081839119147 ], [ 55.920498285285035, 25.096112857386974 ], [ 55.920339591195066, 25.096149959363878 ], [ 55.920182742399348, 25.096193079965715 ], [ 55.920028014043126, 25.096242143550484 ], [ 55.919875677552994, 25.096297064050948 ], [ 55.919726000160722, 25.096357745125541 ], [ 55.919579244434658, 25.09642408032731 ], [ 55.919435667819066, 25.096495953290681 ], [ 55.919295522182765, 25.096573237935477 ], [ 55.919159053377271, 25.096655798688097 ], [ 55.9190265008056, 25.096743490719195 ], [ 55.918898097002234, 25.096836160197793 ], [ 55.918774067225414, 25.096933644560998 ], [ 55.918654629061855, 25.097035772799185 ], [ 55.918539992045105, 25.097142365755865 ], [ 55.918430357287974, 25.097253236441887 ], [ 55.918325917129678, 25.0973681903636 ], [ 55.918226854798434, 25.097487025863675 ], [ 55.91813334408991, 25.097609534475009 ], [ 55.91804554906237, 25.097735501286394 ], [ 55.917963623748776, 25.097864705319317 ], [ 55.917887711886401, 25.097996919915694 ], [ 55.917817946664698, 25.098131913135333 ], [ 55.917754450491479, 25.09826944816292 ], [ 55.91769733477804, 25.098409283723235 ], [ 55.917646699743663, 25.09855117450449 ], [ 55.917602634239586, 25.098694871588606 ], [ 55.917565215593001, 25.098840122887864 ], [ 55.917534509471324, 25.09898667358712 ], [ 55.917510569766655, 25.099134266590735 ], [ 55.917493438501303, 25.099282642973645 ], [ 55.917483145753749, 25.099431542435607 ], [ 55.917479709605672, 25.099580703757756 ], [ 55.917483136110242, 25.09972986526094 ], [ 55.917493419281087, 25.099878765264695 ], [ 55.917510541102814, 25.100027142546448 ], [ 55.917534471562313, 25.100174736799708 ], [ 55.917565168701373, 25.100321289090751 ], [ 55.917602578689923, 25.100466542312958 ], [ 55.917646635920519, 25.100610241637877 ], [ 55.917697263123117, 25.100752134962235 ], [ 55.917754371500678, 25.100891973350372 ], [ 55.917817860884504, 25.101029511470987 ], [ 55.917887619910154, 25.101164508027431 ], [ 55.917963526212496, 25.101296726181271 ], [ 55.918045446640321, 25.101425933967803 ], [ 55.918133237489833, 25.101551904702955 ], [ 55.91822674475668, 25.101674417381151 ], [ 55.918325804406095, 25.101793257063083 ], [ 55.918430242660456, 25.101908215252745 ], [ 55.918539876304237, 25.102019090263489 ], [ 55.918654513005457, 25.102125687571707 ], [ 55.918773951652831, 25.102227820158358 ], [ 55.918897982708899, 25.102325308837031 ], [ 55.919026388577336, 25.102417982568372 ], [ 55.919158943984968, 25.102505678760338 ], [ 55.919295416376841, 25.102588243553335 ], [ 55.919435566324303, 25.102665532090377 ], [ 55.919579147945221, 25.102737408771205 ], [ 55.91972590933522, 25.102803747490288 ], [ 55.919875593009905, 25.102864431858002 ], [ 55.920027936356526, 25.102919355405067 ], [ 55.92018267209491, 25.102968421769315 ], [ 55.920339528746418, 25.103011544864678 ], [ 55.920498231110393, 25.10304864903242 ], [ 55.920658500747081, 25.103079669173866 ], [ 55.920820056466312, 25.103104550864561 ], [ 55.920982614820851, 25.103123250449926 ], [ 55.921145890603995, 25.103135735121718 ], [ 55.921309597349861, 25.103141982975739 ], [ 55.921473447836348, 25.103141983050204 ], [ 55.921637154589071, 25.103135735344967 ], [ 55.921800430385886, 25.103123250821572 ], [ 55.921962988760939, 25.103104551383968 ], [ 55.922124544507462, 25.103079669840092 ], [ 55.922284814178155, 25.103048649844322 ], [ 55.922443516582824, 25.103011545820802 ], [ 55.922600373281576, 25.102968422867995 ], [ 55.922755109073741, 25.102919356644396 ], [ 55.922907452480572, 25.102864433235784 ], [ 55.923057136221793, 25.102803749004085 ], [ 55.923203897684537, 25.102737410418417 ], [ 55.923347479384226, 25.102665533868084 ], [ 55.923487629416428, 25.102588245458399 ], [ 55.923624101898824, 25.102505680789445 ], [ 55.923756657402578, 25.102417984717963 ], [ 55.92388506337263, 25.102325311103293 ], [ 55.924009094535528, 25.102227822537362 ], [ 55.924128533294912, 25.102125690059253 ], [ 55.924243170112952, 25.102019092855208 ], [ 55.924352803878286, 25.101908217944111 ], [ 55.924457242258676, 25.101793259849366 ], [ 55.924556302038326, 25.101674420257474 ], [ 55.924649809439501, 25.101551907664259 ], [ 55.9247376004271, 25.101425937008884 ], [ 55.924819520996564, 25.101296729296799 ], [ 55.924895427443822, 25.101164511211927 ], [ 55.924965186617456, 25.101029514718878 ], [ 55.925028676152074, 25.100891976656015 ], [ 55.925085784682892, 25.100752138319724 ], [ 55.925136412041049, 25.100610245041381 ], [ 55.925180469429158, 25.100466545756511 ], [ 55.92521787957692, 25.100321292568296 ], [ 55.925248576876605, 25.100174740305132 ], [ 55.925272507497922, 25.100027146073625 ], [ 55.925289629482279, 25.099878768807447 ], [ 55.925299912816328, 25.099729868812993 ], [ 55.925303339484373, 25.099580707312935 ], [ 55.925299903499798, 25.099431545987642 ] ] ] ] } },
{ "type": "Feature", "properties": { "field_id": 20, "diam_km": 0.414193189622795, "status": "active", "active_frac": 0.874, "mean_prob": 0.874, "uncertainty_frac": 0.0, "area_ha": 13.46, "active_area_ha": 11.76, "credit_score": 90 }, "geometry": { "type": "MultiPolygon", "coordinates": [ [ [ [ 55.920712640617289, 25.094586873922285 ], [ 55.920707238705155, 25.094508706130195 ], [ 55.920698246906703, 25.094430812892174 ], [ 55.920685681003341, 25.094353330858763 ], [ 55.920669563046545, 25.094276395958886 ], [ 55.92064992131904, 25.094200143161405 ], [ 55.920626790285262, 25.09412470623823 ], [ 55.920600210530793, 25.094050217529787 ], [ 55.920570228691091, 25.093976807712767 ], [ 55.92053689736975, 25.093904605570902 ], [ 55.920500275045967, 25.093833737769092 ], [ 55.920460425972195, 25.093764328631206 ], [ 55.920417420061128, 25.093696499921887 ], [ 55.920371332763189, 25.093630370633083 ], [ 55.920322244934084, 25.093566056775266 ], [ 55.920270242692993, 25.093503671173877 ], [ 55.920215417271315, 25.093443323271526 ], [ 55.920157864852747, 25.093385118935949 ], [ 55.920097686404546, 25.093329160274191 ], [ 55.920034987500287, 25.093275545453739 ], [ 55.919969878134694, 25.09322436853008 ], [ 55.919902472530758, 25.093175719281948 ], [ 55.919832888939212, 25.093129683053618 ], [ 55.919761249431211, 25.093086340605378 ], [ 55.919687679684117, 25.093045767971709 ], [ 55.919612308761096, 25.09300803632815 ], [ 55.91953526888468, 25.092973211866198 ], [ 55.919456695204794, 25.092941355677301 ], [ 55.919376725561825, 25.092912523645801 ], [ 55.919295500244623, 25.09288676635078 ], [ 55.919213161744693, 25.092864128977276 ], [ 55.919129854505954, 25.092844651237371 ], [ 55.919045724671598, 25.092828367300061 ], [ 55.918960919827654, 25.092815305731683 ], [ 55.918875588744164, 25.092805489445656 ], [ 55.918789881114201, 25.092798935662298 ], [ 55.918703947291228, 25.092795655878682 ], [ 55.918617938025605, 25.092795655848391 ], [ 55.918532004199832, 25.09279893557148 ], [ 55.918446296564298, 25.092805489294452 ], [ 55.918360965472466, 25.092815305520386 ], [ 55.918276160617452, 25.092828367029053 ], [ 55.918192030769248, 25.092844650907089 ], [ 55.918108723513981, 25.092864128588342 ], [ 55.918026384994803, 25.09288676590382 ], [ 55.917945159655751, 25.092912523141667 ], [ 55.917865189988277, 25.092941355116832 ], [ 55.917786616281354, 25.092973211250371 ], [ 55.917709576375337, 25.09300803565808 ], [ 55.917634205420264, 25.093045767248555 ], [ 55.917560635638736, 25.093086339830393 ], [ 55.917488996093923, 25.093129682228174 ], [ 55.917419412463268, 25.093175718407512 ], [ 55.917352006818007, 25.093224367608137 ], [ 55.917286897408957, 25.09327554448592 ], [ 55.917224198459145, 25.093329159262243 ], [ 55.917164019963408, 25.093385117881592 ], [ 55.917106467495415, 25.093443322176665 ], [ 55.917051642022471, 25.093503670040381 ], [ 55.916999639728374, 25.093566055605127 ], [ 55.916950551844664, 25.093630369428364 ], [ 55.916904464490578, 25.0936964986847 ], [ 55.916861458521915, 25.09376432736374 ], [ 55.916821609389139, 25.09383373647357 ], [ 55.91678498700518, 25.09390460424957 ], [ 55.916751655622505, 25.093976806367959 ], [ 55.916721673720446, 25.094050216163847 ], [ 55.916695093902717, 25.094124704853591 ], [ 55.91667196280487, 25.094200141760467 ], [ 55.916652321012592, 25.094276394544128 ], [ 55.916636202990446, 25.094353329432639 ], [ 55.916623637021267, 25.094430811457183 ], [ 55.916614645156656, 25.094508704688884 ], [ 55.916609243178115, 25.094586872477173 ], [ 55.916607440569365, 25.09466517768956 ], [ 55.916609240499682, 25.094743482952222 ], [ 55.916614639818214, 25.094821650891035 ], [ 55.916623629059558, 25.094899544372446 ], [ 55.91663619246026, 25.094977026744171 ], [ 55.916652307986411, 25.095053962074932 ], [ 55.916671947372329, 25.095130215392885 ], [ 55.916695076169972, 25.09520565292242 ], [ 55.916721653809489, 25.095280142318884 ], [ 55.916751633670238, 25.095353552900765 ], [ 55.916784963162506, 25.095425755878953 ], [ 55.916821583819896, 25.095496624582665 ], [ 55.916861431401713, 25.095566034681752 ], [ 55.916904436005666, 25.095633864404792 ], [ 55.916950522190525, 25.095699994752717 ], [ 55.916999609108352, 25.095764309707686 ], [ 55.917051610646418, 25.095826696436468 ], [ 55.917106435578248, 25.095887045488606 ], [ 55.917163987723555, 25.095945250988336 ], [ 55.917224166117009, 25.096001210820376 ], [ 55.917286865185417, 25.096054826809066 ], [ 55.917351974932899, 25.096106004890697 ], [ 55.917419381133783, 25.096154655278422 ], [ 55.917488965533174, 25.096200692620005 ], [ 55.917560606054209, 25.09624403614735 ], [ 55.917634177012459, 25.096284609818309 ], [ 55.917709549336244, 25.096322342450218 ], [ 55.91778659079322, 25.09635716784457 ], [ 55.917865166222356, 25.096389024903317 ], [ 55.917945137771021, 25.096417857736103 ], [ 55.918026365136953, 25.096443615758236 ], [ 55.918108705814355, 25.096466253779472 ], [ 55.918192015343969, 25.096485732083313 ], [ 55.918276147566523, 25.096502016496732 ], [ 55.918360954879262, 25.096515078450064 ], [ 55.918446288494849, 25.096524895027184 ], [ 55.918531998702456, 25.096531449005752 ], [ 55.918617935130456, 25.096534728887338 ], [ 55.918703947010322, 25.096534728917607 ], [ 55.918789883441129, 25.096531449096592 ], [ 55.918875593654306, 25.096524895178376 ], [ 55.918960927278214, 25.096515078661362 ], [ 55.919045734602079, 25.096502016767761 ], [ 55.919129866838475, 25.096485732413626 ], [ 55.919213176384609, 25.096466254168437 ], [ 55.919295517081231, 25.096443616205217 ], [ 55.919376744469034, 25.096417858240308 ], [ 55.919456716042205, 25.096389025463829 ], [ 55.919535291498391, 25.096357168460415 ], [ 55.919612332984961, 25.096322343120349 ], [ 55.919687705340806, 25.096284610541538 ], [ 55.919761276333517, 25.096244036922386 ], [ 55.919832916891394, 25.096200693445525 ], [ 55.919902501329865, 25.096154656152937 ], [ 55.919969907572103, 25.096106005812679 ], [ 55.920035017363048, 25.096054827776911 ], [ 55.920097716476988, 25.096001211832391 ], [ 55.920157894917999, 25.095945252042746 ], [ 55.920215447112724, 25.095887046583563 ], [ 55.92027027209582, 25.095826697570036 ], [ 55.920322273686914, 25.095764310877843 ], [ 55.920371360659374, 25.095699995957482 ], [ 55.92041744690038, 25.095633865641997 ], [ 55.920460451561965, 25.095566035949251 ], [ 55.920500299202736, 25.095496625878248 ], [ 55.920536919920345, 25.09542575720031 ], [ 55.920570249473947, 25.095353554245612 ], [ 55.920600229397031, 25.095280143684846 ], [ 55.920626807099836, 25.095205654307094 ], [ 55.920649935961549, 25.095130216793834 ], [ 55.920669575412241, 25.095053963489711 ], [ 55.920685691003769, 25.094977028170288 ], [ 55.920698254470274, 25.094899545807429 ], [ 55.920707243777784, 25.094821652332367 ], [ 55.920712643162702, 25.094743484397362 ], [ 55.920714443159532, 25.094665179135959 ], [ 55.920712640617289, 25.094586873922285 ] ] ] ] } },
{ "type": "Feature", "properties": { "field_id": 21, "diam_km": 0.408159288411858, "status": "active", "active_frac": 0.953, "mean_prob": 0.953, "uncertainty_frac": 0.0, "area_ha": 13.09, "active_area_ha": 12.48, "credit_score": 96 }, "geometry": { "type": "MultiPolygon", "coordinates": [ [ [ [ 55.918702018785964, 25.091317768105963 ], [ 55.918696695712541, 25.09124073901587 ], [ 55.918687835143508, 25.091163980480168 ], [ 55.918675452629884, 25.091087627158817 ], [ 55.918659569901202, 25.091011813000648 ], [ 55.918640214827356, 25.090936671008301 ], [ 55.918617421369682, 25.09086233300507 ], [ 55.918591229521375, 25.090788929403526 ], [ 55.918561685237265, 25.090716588976751 ], [ 55.91852884035309, 25.090645438632492 ], [ 55.918492752494572, 25.090575603190484 ], [ 55.918453484976418, 25.090507205163558 ], [ 55.918411106690954, 25.090440364542584 ], [ 55.918365691987432, 25.090375198586173 ], [ 55.918317320541512, 25.090311821614858 ], [ 55.918266077215485, 25.090250344810549 ], [ 55.918212051909336, 25.090190876021595 ], [ 55.918155339403086, 25.09013351957352 ], [ 55.918096039190416, 25.090078376086058 ], [ 55.918034255304235, 25.090025542296612 ], [ 55.917970096133963, 25.089975110890634 ], [ 55.917903674235696, 25.089927170338978 ], [ 55.917835106134454, 25.089881804742774 ], [ 55.91776451211993, 25.089839093685843 ], [ 55.917692016035424, 25.089799112095125 ], [ 55.917617745060603, 25.08976193010929 ], [ 55.917541829488428, 25.08972761295562 ], [ 55.917464402496577, 25.089696220835712 ], [ 55.917385599913821, 25.089667808819801 ], [ 55.917305559981827, 25.08964242675011 ], [ 55.917224423112565, 25.089620119153611 ], [ 55.917142331642161, 25.089600925163747 ], [ 55.917059429581037, 25.089584878451852 ], [ 55.916975862361554, 25.089572007168101 ], [ 55.916891776582652, 25.089562333892104 ], [ 55.916807319752913, 25.089555875593327 ], [ 55.916722640031743, 25.089552643601337 ], [ 55.9166378859695, 25.089552643585936 ], [ 55.916553206246896, 25.089555875547063 ], [ 55.916468749414335, 25.089562333815064 ], [ 55.916384663631192, 25.089572007060443 ], [ 55.916301096406038, 25.089584878313751 ], [ 55.91621819433788, 25.089600924995462 ], [ 55.916136102859049, 25.089620118955434 ], [ 55.916054965980003, 25.089642426522385 ], [ 55.915974926036824, 25.089667808562901 ], [ 55.915896123441613, 25.089696220550124 ], [ 55.915818696435963, 25.089727612641841 ], [ 55.915742780848731, 25.089761929767867 ], [ 55.915668509857568, 25.089799111726631 ], [ 55.915596013755518, 25.089839093290955 ], [ 55.915525419722236, 25.089881804322197 ], [ 55.915456851601078, 25.089927169893407 ], [ 55.915390429681743, 25.089975110420859 ], [ 55.915326270489359, 25.090025541803492 ], [ 55.915264486579943, 25.090078375570418 ], [ 55.915205186343051, 25.090133519036282 ], [ 55.915148473811605, 25.090190875463708 ], [ 55.915094448479351, 25.090250344233002 ], [ 55.915043205126331, 25.090311821018631 ], [ 55.914994833652571, 25.090375197972346 ], [ 55.914949418920429, 25.090440363912201 ], [ 55.914907040605605, 25.090507204517728 ], [ 55.914867773057395, 25.090575602530372 ], [ 55.914831685168245, 25.090645437959214 ], [ 55.914798840252793, 25.090716588291503 ], [ 55.9147692959369, 25.090788928707521 ], [ 55.914743104056384, 25.090862332299551 ], [ 55.914720310566068, 25.090936670294465 ], [ 55.914700955459203, 25.09101181227976 ], [ 55.91468507269721, 25.091087626432174 ], [ 55.91467269015007, 25.091163979748998 ], [ 55.914663829547329, 25.091240738281442 ], [ 55.914658506440055, 25.091317767369624 ], [ 55.914656730173412, 25.091394931878668 ], [ 55.914658503870236, 25.09147209643595 ], [ 55.914663824425531, 25.091549125668489 ], [ 55.914672682511821, 25.091625884440475 ], [ 55.914685062595609, 25.091702238090321 ], [ 55.91470094296438, 25.091778052666879 ], [ 55.914720295764752, 25.091853195164553 ], [ 55.914743087051349, 25.091927533756511 ], [ 55.914769276846222, 25.092000938026121 ], [ 55.914798819208976, 25.0920732791955 ], [ 55.914831662317312, 25.092144430351755 ], [ 55.914867748557903, 25.092214266669448 ], [ 55.914907014627488, 25.092282665629636 ], [ 55.914949391643873, 25.092349507234861 ], [ 55.914994805266701, 25.092414674219604 ], [ 55.915043175827883, 25.092478052256155 ], [ 55.915094418471355, 25.092539530155118 ], [ 55.915148443301874, 25.092599000060453 ], [ 55.915205155542807, 25.092656357638813 ], [ 55.915264455702328, 25.092711502262556 ], [ 55.915326239747891, 25.092764337186274 ], [ 55.915390399288938, 25.092814769716568 ], [ 55.91545682176681, 25.092862711374707 ], [ 55.915525390652384, 25.092908078051778 ], [ 55.915595985650484, 25.092950790156443 ], [ 55.915668482910888, 25.092990772754334 ], [ 55.915742755245752, 25.093027955699764 ], [ 55.915818672352501, 25.093062273758683 ], [ 55.915896101042698, 25.093093666723203 ], [ 55.915974905475707, 25.093122079517144 ], [ 55.916054947396873, 25.093147462292759 ], [ 55.916136086380192, 25.093169770518188 ], [ 55.91621818007485, 25.093188965055575 ], [ 55.91630108445468, 25.093205012229738 ], [ 55.916384654071152, 25.093217883887252 ], [ 55.916468742308467, 25.093227557445886 ], [ 55.916553201640824, 25.0932340159342 ], [ 55.916637883891269, 25.093237248021282 ], [ 55.916722640491706, 25.093237248036711 ], [ 55.916807322743551, 25.093234015980453 ], [ 55.91689178207875, 25.093227557522933 ], [ 55.916975870320314, 25.093217883994935 ], [ 55.917059439942442, 25.093205012367832 ], [ 55.917142344329349, 25.093188965223902 ], [ 55.917224438032392, 25.093169770716397 ], [ 55.917305577025559, 25.093147462520502 ], [ 55.917385618957866, 25.093122079774059 ], [ 55.917464423403324, 25.093093667008823 ], [ 55.917541852107341, 25.093062274072508 ], [ 55.91761776922916, 25.093027956041219 ], [ 55.917692041580317, 25.092990773122832 ], [ 55.917764538858314, 25.092950790551367 ], [ 55.917835133875194, 25.092908078472426 ], [ 55.917903702780684, 25.092862711820285 ], [ 55.917970125279595, 25.092814770186372 ], [ 55.918034284842783, 25.092764337679416 ], [ 55.918096068911559, 25.092711502778208 ], [ 55.918155369095295, 25.092656358176072 ], [ 55.918212081361425, 25.092599000618357 ], [ 55.918266106218077, 25.092539530732715 ], [ 55.91831734888855, 25.092478052852424 ], [ 55.918365719477549, 25.092414674833467 ], [ 55.91841113312902, 25.092349507865258 ], [ 55.918453510174757, 25.092282666275494 ], [ 55.918492776274391, 25.092214267329595 ], [ 55.918528862545678, 25.092144431025041 ], [ 55.918561705685249, 25.092073279880736 ], [ 55.918591248079757, 25.092000938722101 ], [ 55.918617437906867, 25.091927534462066 ], [ 55.918640229226106, 25.091853195878375 ], [ 55.918659582059512, 25.091778053387777 ], [ 55.918675462461565, 25.091702238816964 ], [ 55.918687842578883, 25.091625885171663 ], [ 55.918696700698902, 25.091549126402906 ], [ 55.918702021288027, 25.0914720971723 ], [ 55.918703795018736, 25.091394932615646 ], [ 55.918702018785964, 25.091317768105963 ] ] ] ] } },
{ "type": "Feature", "properties": { "field_id": 22, "diam_km": 0.79021421354565702, "status": "active", "active_frac": 0.679, "mean_prob": 0.679, "uncertainty_frac": 0.0, "area_ha": 49.09, "active_area_ha": 33.35, "credit_score": 74 }, "geometry": { "type": "MultiPolygon", "coordinates": [ [ [ [ 55.916631158094248, 25.095350762900431 ], [ 55.916620849708849, 25.095201631431806 ], [ 55.916603692381315, 25.095053023855261 ], [ 55.916579716235866, 25.094905200876678 ], [ 55.916548963358792, 25.094758421824483 ], [ 55.916511487724314, 25.094612944194985 ], [ 55.916467355099876, 25.094469023200279 ], [ 55.916416642930514, 25.094326911320994 ], [ 55.916359440202818, 25.094186857863004 ], [ 55.91629584728873, 25.094049108520384 ], [ 55.916225975769429, 25.093913904944227 ], [ 55.916149948239173, 25.093781484318978 ], [ 55.916067898090375, 25.093652078946139 ], [ 55.915979969279384, 25.093525915837073 ], [ 55.91588631607388, 25.093403216314563 ], [ 55.915787102782133, 25.093284195624765 ], [ 55.915682503464659, 25.093169062559664 ], [ 55.915572701628911, 25.093058019090684 ], [ 55.915457889907266, 25.092951260014715 ], [ 55.915338269718973, 25.092848972612266 ], [ 55.915214050916951, 25.09275133631899 ], [ 55.915085451419472, 25.092658522411046 ], [ 55.914952696828102, 25.092570693704658 ], [ 55.914816020031729, 25.092488004270557 ], [ 55.91467566079821, 25.092410599163813 ], [ 55.91453186535378, 25.092338614169293 ], [ 55.914384885950994, 25.092272175563732 ], [ 55.914234980426677, 25.092211399894101 ], [ 55.914082411749177, 25.092156393773219 ], [ 55.913927447557661, 25.092107253692848 ], [ 55.913770359692307, 25.092064065854434 ], [ 55.913611423717803, 25.092026906017939 ], [ 55.913450918439906, 25.091995839368906 ], [ 55.913289125416568, 25.091970920404282 ], [ 55.913126328464081, 25.091952192836686 ], [ 55.912962813159375, 25.091939689517865 ], [ 55.912798866339223, 25.091933432380998 ], [ 55.912634775597105, 25.091933432402293 ], [ 55.912470828778915, 25.091939689581736 ], [ 55.912307313478131, 25.091952192943051 ], [ 55.912144516531534, 25.091970920552917 ], [ 55.91198272351599, 25.091995839559591 ], [ 55.911822218247814, 25.092026906250297 ], [ 55.911663282284962, 25.092064066128088 ], [ 55.911506194433144, 25.092107254007306 ], [ 55.911351230256997, 25.092156394127912 ], [ 55.911198661596757, 25.09221140028842 ], [ 55.911048756091432, 25.092272175997 ], [ 55.910901776709494, 25.092338614640727 ], [ 55.910757981287581, 25.092410599672579 ], [ 55.910617622078306, 25.092488004815795 ], [ 55.910480945307846, 25.092570694285396 ], [ 55.910348190743946, 25.092658523026262 ], [ 55.910219591275577, 25.09275133696763 ], [ 55.910095372504117, 25.092848973293155 ], [ 55.909975752347847, 25.092951260726668 ], [ 55.909860940659641, 25.093058019832455 ], [ 55.909751138858681, 25.093169063329931 ], [ 55.909646539577302, 25.093284196422246 ], [ 55.909547326322816, 25.093403217137805 ], [ 55.909453673155724, 25.093525916684634 ], [ 55.90936574438426, 25.093652079816557 ], [ 55.909283694275999, 25.093781485210688 ], [ 55.909207666787211, 25.093913905855707 ], [ 55.909137795310215, 25.09404910944998 ], [ 55.909074202439342, 25.094186858809145 ], [ 55.909016999755487, 25.094326912281986 ], [ 55.908966287630626, 25.094469024174451 ], [ 55.908922155051265, 25.094612945180589 ], [ 55.908884679462403, 25.094758422819861 ], [ 55.908853926631267, 25.094905201880024 ], [ 55.90882995053213, 25.095053024864853 ], [ 55.908812793251137, 25.095201632445871 ], [ 55.908802484912478, 25.095350763917164 ], [ 55.908799043625287, 25.095500157652914 ], [ 55.908802475451786, 25.095649551566193 ], [ 55.908812774396374, 25.095798683568827 ], [ 55.908829922416025, 25.095947292031251 ], [ 55.908853889451791, 25.096095116241344 ], [ 55.908884633481279, 25.096241896862015 ], [ 55.908922100592285, 25.09638737638603 ], [ 55.908966225077229, 25.096531299587902 ], [ 55.909016929548123, 25.096673413971608 ], [ 55.909074125072401, 25.096813470213682 ], [ 55.909137711328583, 25.096951222600502 ], [ 55.909207576782265, 25.097086429459623 ], [ 55.909283598881721, 25.097218853583623 ], [ 55.909365644272633, 25.097348262646356 ], [ 55.909453569031946, 25.097474429610681 ], [ 55.90954721892053, 25.09759713312673 ], [ 55.9096464296533, 25.097716157920331 ], [ 55.909751027187674, 25.097831295170767 ], [ 55.909860828028741, 25.097942342877136 ], [ 55.909975639551114, 25.098049106212923 ], [ 55.910095260336924, 25.098151397867746 ], [ 55.910219480529044, 25.098249038376075 ], [ 55.910348082199455, 25.098341856432214 ], [ 55.910480839731413, 25.098429689190802 ], [ 55.910617520215318, 25.098512382552734 ], [ 55.910757883857464, 25.098589791435391 ], [ 55.91090168440077, 25.098661780027388 ], [ 55.911048669556799, 25.098728222026772 ], [ 55.911198581448481, 25.09878900086278 ], [ 55.911351157062718, 25.098844009900354 ], [ 55.911506128711736, 25.098893152627273 ], [ 55.911663224503009, 25.098936342823542 ], [ 55.911822168816315, 25.098973504712706 ], [ 55.911982682787361, 25.099004573094735 ], [ 55.912144484797224, 25.099029493460563 ], [ 55.912307290966602, 25.099048222087781 ], [ 55.912470815653862, 25.099060726117177 ], [ 55.912634771956462, 25.09906698361058 ], [ 55.912798872214424, 25.09906698358925 ], [ 55.912962828515091, 25.099060726053263 ], [ 55.913126353198436, 25.099048221981402 ], [ 55.913289159361902, 25.0990294933119 ], [ 55.913450961363985, 25.09900457290404 ], [ 55.913611475325283, 25.098973504480284 ], [ 55.913770419626935, 25.098936342549877 ], [ 55.913927515404701, 25.098893152312794 ], [ 55.914082487038321, 25.098844009545594 ], [ 55.914235062635314, 25.0987890004684 ], [ 55.914384974507968, 25.098728221593447 ], [ 55.91453195964317, 25.098661779555894 ], [ 55.914675760163902, 25.098589790926574 ], [ 55.914816123781833, 25.098512382007449 ], [ 55.91495280423981, 25.09842968860999 ], [ 55.915085561744235, 25.098341855816908 ], [ 55.915214163385592, 25.098249037727374 ], [ 55.91533838354713, 25.098151397186768 ], [ 55.915458004300902, 25.098049105500902 ], [ 55.915572815789808, 25.097942342135283 ], [ 55.915682616596072, 25.097831294400372 ], [ 55.915787214094401, 25.097716157122786 ], [ 55.915886424789889, 25.097597132303424 ], [ 55.915980074640004, 25.097474428763054 ], [ 55.916067999359818, 25.097348261775895 ], [ 55.916150044710172, 25.097218852691832 ], [ 55.916226066768125, 25.097086428548089 ], [ 55.916295932179501, 25.096951221670832 ], [ 55.916359518392511, 25.096813469267492 ], [ 55.916416713872884, 25.096673413010574 ], [ 55.916467418299298, 25.096531298613701 ], [ 55.916511542739144, 25.096387375400372 ], [ 55.916549009804584, 25.096241895866608 ], [ 55.916579753788085, 25.096095115237976 ], [ 55.916603720777545, 25.095947291021641 ], [ 55.916620868750648, 25.095798682554765 ], [ 55.916631167648525, 25.095649550549457 ], [ 55.916634599428228, 25.095500156635278 ], [ 55.916631158094248, 25.095350762900431 ] ] ] ] } },
{ "type": "Feature", "properties": { "field_id": 23, "diam_km": 0.79604435458286404, "status": "active", "active_frac": 0.958, "mean_prob": 0.958, "uncertainty_frac": 0.0, "area_ha": 49.7, "active_area_ha": 47.61, "credit_score": 97 }, "geometry": { "type": "MultiPolygon", "coordinates": [ [ [ [ 55.908601484722688, 25.094842038584005 ], [ 55.908591100299994, 25.094691806825796 ], [ 55.908573816433083, 25.094542102825866 ], [ 55.908549663468555, 25.094393189213591 ], [ 55.908518683803294, 25.094245327230709 ], [ 55.90848093180967, 25.094098776273235 ], [ 55.908436473740345, 25.093953793436256 ], [ 55.908385387611553, 25.093810633063057 ], [ 55.908327763066268, 25.093669546298898 ], [ 55.90826370121674, 25.093530780650472 ], [ 55.90819331446702, 25.093394579551727 ], [ 55.908116726315548, 25.09326118193697 ], [ 55.908034071138438, 25.093130821821553 ], [ 55.907945493953669, 25.093003727891578 ], [ 55.907851150166515, 25.092880123102713 ], [ 55.907751205296933, 25.092760224289091 ], [ 55.907645834688957, 25.092644241783034 ], [ 55.907535223203212, 25.092532379046059 ], [ 55.9074195648925, 25.092424832312162 ], [ 55.907299062661295, 25.092321790243464 ], [ 55.907173927909867, 25.092223433599433 ], [ 55.907044380163406, 25.092129934919754 ], [ 55.906910646686839, 25.092041458221871 ], [ 55.906772962086336, 25.091958158713133 ], [ 55.906631567897549, 25.091880182518704 ], [ 55.906486712162227, 25.091807666425268 ], [ 55.906338648992943, 25.091740737641061 ], [ 55.906187638127427, 25.091679513572895 ], [ 55.906033944473066, 25.091624101620109 ], [ 55.905877837642237, 25.091574598986337 ], [ 55.905719591479496, 25.091531092508927 ], [ 55.9055594835812, 25.091493658506796 ], [ 55.905397794808785, 25.091462362646354 ], [ 55.90523480879606, 25.091437259826574 ], [ 55.905070811451935, 25.091418394082606 ], [ 55.90490609045888, 25.091405798508539 ], [ 55.904740934768419, 25.091399495199425 ], [ 55.904575634094513, 25.091399495212389 ], [ 55.904410478405261, 25.091405798547466 ], [ 55.904245757414586, 25.091418394147414 ], [ 55.904081760074064, 25.091437259917143 ], [ 55.903918774066092, 25.09146236276252 ], [ 55.903757085299603, 25.091493658648357 ], [ 55.903596977408391, 25.091531092675663 ], [ 55.903438731253878, 25.091574599177946 ], [ 55.90328262443245, 25.091624101836246 ], [ 55.903128930788604, 25.091679513813144 ], [ 55.902977919934656, 25.091740737905059 ], [ 55.902829856778041, 25.091807666712516 ], [ 55.902685001056469, 25.091880182828742 ], [ 55.902543606882467, 25.091958159045365 ], [ 55.902405922297724, 25.092041458575729 ], [ 55.902272188837934, 25.092129935294622 ], [ 55.902142641109187, 25.092223433994633 ], [ 55.902017506376389, 25.092321790658353 ], [ 55.901897004164724, 25.092424832745984 ], [ 55.901781345874355, 25.092532379498042 ], [ 55.901670734409812, 25.09264424225238 ], [ 55.901565363823813, 25.092760224775009 ], [ 55.901465418976905, 25.092880123604342 ], [ 55.901371075213191, 25.093003728408029 ], [ 55.901282498052502, 25.093130822351895 ], [ 55.901199842900105, 25.093261182480312 ], [ 55.901123254773893, 25.093394580107127 ], [ 55.901052868049959, 25.093530781216902 ], [ 55.900988806226714, 25.093669546875397 ], [ 55.900931181708188, 25.093810633648612 ], [ 55.90088009560651, 25.093953794029829 ], [ 55.90083563756464, 25.094098776873793 ], [ 55.900797885598813, 25.094245327837207 ], [ 55.900766905961547, 25.094393189824956 ], [ 55.900742753025241, 25.094542103441043 ], [ 55.900725469186696, 25.094691807443663 ], [ 55.900715084792445, 25.09484203920352 ], [ 55.900711618085502, 25.094992535164465 ], [ 55.900715075172954, 25.095143031305927 ], [ 55.90072545001528, 25.09529326360607 ], [ 55.900742724436711, 25.095442968504926 ], [ 55.900766868156857, 25.095591883366943 ], [ 55.900797838843772, 25.095739746941486 ], [ 55.900835582187909, 25.095886299821487 ], [ 55.900880031997445, 25.096031284898302 ], [ 55.900931110313969, 25.096174447812931 ], [ 55.900988727549304, 25.096315537402329 ], [ 55.901052782642545, 25.09645430613995 ], [ 55.901123163236996, 25.096590510570209 ], [ 55.901199745877385, 25.096723911735442 ], [ 55.901282396226236, 25.096854275595359 ], [ 55.901370969299485, 25.096981373437579 ], [ 55.901465309720628, 25.097104982279046 ], [ 55.901565251993397, 25.097224885257134 ], [ 55.901670620791926, 25.097340872010395 ], [ 55.901781231268288, 25.09745273904743 ], [ 55.9018968893768, 25.097560290104141 ], [ 55.90201739221434, 25.097663336488075 ], [ 55.902142528376395, 25.097761697409517 ], [ 55.902272078327961, 25.097855200298678 ], [ 55.902405814788523, 25.097943681108717 ], [ 55.90254350313112, 25.098026984603383 ], [ 55.902684901793691, 25.098104964629542 ], [ 55.902829762703213, 25.098177484373664 ], [ 55.902977831710849, 25.098244416601851 ], [ 55.903128849037806, 25.098305643883219 ], [ 55.903282549731479, 25.098361058795827 ], [ 55.903438664130029, 25.098410564115291 ], [ 55.903596918335886, 25.09845407298543 ], [ 55.903757034696234, 25.098491509070566 ], [ 55.903918732290308, 25.098522806689637 ], [ 55.904081727422394, 25.098547910931345 ], [ 55.904245734119648, 25.098566777750584 ], [ 55.904410464633962, 25.09857937404573 ], [ 55.904575629947047, 25.098585677716645 ], [ 55.904740940277449, 25.098585677703678 ], [ 55.904906105589355, 25.0985793740068 ], [ 55.905070836101288, 25.098566777685779 ], [ 55.905234842794947, 25.098547910840772 ], [ 55.905397837922287, 25.09852280657346 ], [ 55.905559535510427, 25.098491508928976 ], [ 55.905719651863691, 25.098454072818683 ], [ 55.905877906061285, 25.098410563923679 ], [ 55.906034020450477, 25.098361058579673 ], [ 55.90618772113362, 25.098305643642924 ], [ 55.906338738449001, 25.098244416337842 ], [ 55.906486807443933, 25.098177484086374 ], [ 55.906631668339713, 25.098104964319475 ], [ 55.906773066987533, 25.098026984271108 ], [ 55.906910755314335, 25.09794368075481 ], [ 55.907044491758128, 25.097855199923792 ], [ 55.90717404169196, 25.097761697014235 ], [ 55.907299177835405, 25.097663336073154 ], [ 55.907419680653412, 25.097560289670302 ], [ 55.907535338741518, 25.097452738595418 ], [ 55.907645949196706, 25.097340871541 ], [ 55.907751317973243, 25.097224884771173 ], [ 55.907851260223296, 25.09710498177737 ], [ 55.907945600621026, 25.096981372921096 ], [ 55.908034173670188, 25.09685427506496 ], [ 55.908116823994355, 25.096723911192072 ], [ 55.908193406609449, 25.096590510014799 ], [ 55.908263787178086, 25.096454305573502 ], [ 55.908327842245001, 25.096315536825802 ], [ 55.908385459453648, 25.096174447227344 ], [ 55.90843653774305, 25.096031284304676 ], [ 55.908480987525074, 25.095886299220883 ], [ 55.908518730841465, 25.095739746334967 ], [ 55.908549701500355, 25.095591882755556 ], [ 55.908573845192286, 25.095442967889777 ], [ 55.908591119585346, 25.095293262988161 ], [ 55.908601494399235, 25.095143030686419 ], [ 55.908604951458159, 25.094992534544406 ], [ 55.908601484722688, 25.094842038584005 ] ] ] ] } },
{ "type": "Feature", "properties": { "field_id": 24, "diam_km": 0.79063185010603398, "status": "active", "active_frac": 0.832, "mean_prob": 0.832, "uncertainty_frac": 0.0, "area_ha": 49.05, "active_area_ha": 40.8, "credit_score": 87 }, "geometry": { "type": "MultiPolygon", "coordinates": [ [ [ [ 55.900491509564816, 25.094610408263797 ], [ 55.90048119579459, 25.094461197962687 ], [ 55.900464029503695, 25.094312511830505 ], [ 55.90044004083218, 25.094164610710965 ], [ 55.900409271888293, 25.094017754069647 ], [ 55.900371776674504, 25.093872199538868 ], [ 55.90032762099262, 25.093728202465744 ], [ 55.900276882328086, 25.09358601546425 ], [ 55.900219649714046, 25.093445887972123 ], [ 55.900156023574951, 25.09330806581325 ], [ 55.900086115550124, 25.093172790766559 ], [ 55.900010048298036, 25.093040300141745 ], [ 55.899927955280745, 25.092910826363237 ], [ 55.899839980529826, 25.092784596562257 ], [ 55.899746278393536, 25.092661832178653 ], [ 55.899647013266026, 25.092542748572363 ], [ 55.899542359298742, 25.092427554645692 ], [ 55.899432500095045, 25.092316452476908 ], [ 55.899317628387891, 25.092209636965812 ], [ 55.899197945701836, 25.092107295491903 ], [ 55.899073661999381, 25.092009607585673 ], [ 55.898944995312739, 25.091916744613854 ], [ 55.898812171361222, 25.091828869478718 ], [ 55.898675423155474, 25.091746136332439 ], [ 55.898534990588622, 25.091668690306729 ], [ 55.898391120015461, 25.091596667258301 ], [ 55.898244063820457, 25.091530193530563 ], [ 55.898094079975024, 25.091469385732132 ], [ 55.897941431584989, 25.091414350532183 ], [ 55.89778638642926, 25.091365184473499 ], [ 55.897629216490074, 25.091321973803076 ], [ 55.897470197476082, 25.091284794320909 ], [ 55.897309608338709, 25.091253711247035 ], [ 55.89714773078299, 25.091228779107194 ], [ 55.896984848773478, 25.091210041637098 ], [ 55.896821248036332, 25.091197531705866 ], [ 55.896657215558136, 25.0911912712583 ], [ 55.89649303908265, 25.091191271276447 ], [ 55.896329006606102, 25.091197531760219 ], [ 55.896165405872289, 25.091210041727575 ], [ 55.896002523867786, 25.091228779233642 ], [ 55.895840646318703, 25.091253711409237 ], [ 55.895680057189573, 25.091284794518575 ], [ 55.895521038185485, 25.091321974035878 ], [ 55.895363868257839, 25.091365184741001 ], [ 55.895208823115205, 25.091414350833922 ], [ 55.895056174739821, 25.09146938606759 ], [ 55.894906190910568, 25.091530193899136 ], [ 55.894759134733285, 25.091596667659324 ], [ 55.894615264179301, 25.09166869073956 ], [ 55.894474831633055, 25.091746136796264 ], [ 55.894338083449348, 25.091828869972755 ], [ 55.894205259521257, 25.091916745137208 ], [ 55.8940765928593, 25.092009608137456 ], [ 55.893952309182872, 25.09210729607112 ], [ 55.893832626524045, 25.092209637571468 ], [ 55.893717754845362, 25.092316453107937 ], [ 55.893607895671245, 25.092427555300993 ], [ 55.893503241734635, 25.092542749250772 ], [ 55.893403976638851, 25.092661832878985 ], [ 55.893310274535267, 25.092784597283273 ], [ 55.893222299817957, 25.092910827103672 ], [ 55.893140206835135, 25.093040300900331 ], [ 55.893064139618325, 25.093172791541949 ], [ 55.892994231629544, 25.093308066604095 ], [ 55.892930605527148, 25.093445888776998 ], [ 55.892873372950433, 25.093586016281769 ], [ 55.892822634323764, 25.093728203294479 ], [ 55.892778478680221, 25.093872200377348 ], [ 55.892740983505192, 25.094017754916408 ], [ 55.892710214600434, 25.094164611564509 ], [ 55.892686225968305, 25.09431251268936 ], [ 55.892669059717001, 25.094461198825329 ], [ 55.892658745986516, 25.094610409128748 ], [ 55.892655302895434, 25.094759881835447 ], [ 55.892658736509169, 25.094909354720013 ], [ 55.892669040829041, 25.095058565555711 ], [ 55.892686197802554, 25.095207252574657 ], [ 55.892710177355113, 25.09535515492696 ], [ 55.892740937442412, 25.095502013138358 ], [ 55.89277842412411, 25.095647569565561 ], [ 55.892822571658243, 25.095791568848139 ], [ 55.892873302616493, 25.095933758356583 ], [ 55.892930528019747, 25.096073888635644 ], [ 55.892994147494221, 25.096211713841811 ], [ 55.893064049447247, 25.096346992174844 ], [ 55.893140111263008, 25.096479486301931 ], [ 55.893222199517574, 25.096608963774166 ], [ 55.893310170212715, 25.096735197434324 ], [ 55.893403869028681, 25.096857965815516 ], [ 55.89350313159462, 25.096977053529805 ], [ 55.893607783776979, 25.097092251646028 ], [ 55.893717641985006, 25.097203358056589 ], [ 55.893832513492697, 25.097310177831854 ], [ 55.893952196776858, 25.097412523562475 ], [ 55.894076481870819, 25.09751021568804 ], [ 55.894205150732631, 25.097603082812284 ], [ 55.894337977627679, 25.097690962003789 ], [ 55.89447472952471, 25.097773699081912 ], [ 55.894615166504714, 25.097851148887379 ], [ 55.894759042181889, 25.097923175536963 ], [ 55.894906104135984, 25.097989652661969 ], [ 55.895056094355247, 25.098050463630006 ], [ 55.895208749689061, 25.098105501749618 ], [ 55.895363802309866, 25.098154670457568 ], [ 55.895520980183065, 25.098197883488275 ], [ 55.8956800075443, 25.098235065025175 ], [ 55.895840605383668, 25.098266149833794 ], [ 55.896002491935064, 25.098291083376335 ], [ 55.896165383170789, 25.098309821907101 ], [ 55.896328993300067, 25.098322332549625 ], [ 55.89649303527036, 25.098328593354058 ], [ 55.896657221271361, 25.098328593335914 ], [ 55.896821263239957, 25.09832233249525 ], [ 55.896984873365874, 25.098309821816606 ], [ 55.897147764596639, 25.098291083249855 ], [ 55.897309651141406, 25.098266149671581 ], [ 55.897470248972475, 25.098235064827474 ], [ 55.89762927632384, 25.098197883255459 ], [ 55.897786454185479, 25.098154670190024 ], [ 55.897941506793202, 25.098105501447836 ], [ 55.898094162112358, 25.098050463294513 ], [ 55.898244152315421, 25.097989652293361 ], [ 55.898391214251838, 25.097923175135875 ], [ 55.898535089909821, 25.097851148454513 ], [ 55.89867552686917, 25.097773698618031 ], [ 55.898812278744153, 25.097690961509695 ], [ 55.898945105615809, 25.097603082288856 ], [ 55.89907377445288, 25.097510215136193 ], [ 55.899198059520842, 25.097412522983181 ], [ 55.899317742777733, 25.097310177226131 ], [ 55.899432614256959, 25.097203357425489 ], [ 55.899542472435364, 25.097092250990706 ], [ 55.899647124587062, 25.096977052851329 ], [ 55.899746387121283, 25.096857965115134 ], [ 55.899840085904565, 25.096735196713222 ], [ 55.89992805656609, 25.096608963033638 ], [ 55.900010144786151, 25.096479485543291 ], [ 55.900086206566606, 25.096346991399397 ], [ 55.900156108483614, 25.096211713050934 ], [ 55.900219727921375, 25.096073887830698 ], [ 55.900276953287303, 25.095933757539029 ], [ 55.90032768420766, 25.095791568019358 ], [ 55.900371831703467, 25.095647568727056 ], [ 55.90040931834637, 25.095502012291561 ], [ 55.90044007839456, 25.095355154073374 ], [ 55.900464057907762, 25.095207251715799 ], [ 55.900481214841655, 25.095058564693066 ], [ 55.900491519121772, 25.094909353855083 ], [ 55.900494952695709, 25.094759880969747 ], [ 55.900491509564816, 25.094610408263797 ] ] ] ] } },
{ "type": "Feature", "properties": { "field_id": 25, "diam_km": 0.79862540102836899, "status": "active", "active_frac": 0.92, "mean_prob": 0.92, "uncertainty_frac": 0.0, "area_ha": 50.13, "active_area_ha": 46.13, "credit_score": 94 }, "geometry": { "type": "MultiPolygon", "coordinates": [ [ [ [ 55.892536839806674, 25.094407240708396 ], [ 55.892526421752557, 25.094256521838819 ], [ 55.892509081908479, 25.094106332438685 ], [ 55.892484850719406, 25.093956935988821 ], [ 55.892453770719548, 25.093808594578114 ], [ 55.892415896457599, 25.093661568443526 ], [ 55.892371294400711, 25.093516115513793 ], [ 55.892320042817957, 25.09337249095687 ], [ 55.892262231642654, 25.093230946732305 ], [ 55.892197962314597, 25.093091731149258 ], [ 55.892127347601956, 25.092955088430983 ], [ 55.892050511403212, 25.092821258286449 ], [ 55.89196758852971, 25.092690475489825 ], [ 55.891878724469159, 25.092562969468606 ], [ 55.891784075130161, 25.09243896390138 ], [ 55.891683806568764, 25.092318676325288 ], [ 55.891578094696932, 25.092202317754619 ], [ 55.891467124974021, 25.09209009231056 ], [ 55.891351092081315, 25.091982196863313 ], [ 55.891230199580427, 25.091878820686745 ], [ 55.891104659556305, 25.091780145126325 ], [ 55.890974692245045, 25.091686343281243 ], [ 55.89084052564764, 25.091597579700661 ], [ 55.890702395130035, 25.091514010095132 ], [ 55.89056054301016, 25.091435781063623 ], [ 55.890415218132965, 25.091363029836312 ], [ 55.890266675434006, 25.091295884033904 ], [ 55.890115175492198, 25.091234461443808 ], [ 55.889960984072808, 25.091178869813653 ], [ 55.889804371661349, 25.091129206662195 ], [ 55.889645612989177, 25.091085559108382 ], [ 55.889484986551651, 25.091048003718516 ], [ 55.889322774119762, 25.091016606372001 ], [ 55.889159260245847, 25.090991422145773 ], [ 55.888994731764711, 25.090972495217791 ], [ 55.888829477290429, 25.090959858789471 ], [ 55.88866378671031, 25.090953535027484 ], [ 55.888497950676495, 25.090953535024902 ], [ 55.888332260096142, 25.090959858781726 ], [ 55.888167005621376, 25.09097249520492 ], [ 55.88800247713953, 25.090991422127768 ], [ 55.887838963264684, 25.091016606348905 ], [ 55.887676750831609, 25.091048003690361 ], [ 55.887516124392697, 25.091085559075253 ], [ 55.88735736571887, 25.091129206624103 ], [ 55.887200753305557, 25.091178869770697 ], [ 55.88704656188407, 25.091234461396041 ], [ 55.88689506193996, 25.091295883981417 ], [ 55.886746519238464, 25.091363029779203 ], [ 55.886601194358562, 25.091435781001987 ], [ 55.886459342235725, 25.091514010029091 ], [ 55.886321211714986, 25.091597579630303 ], [ 55.886187045114255, 25.091686343206721 ], [ 55.886057077799478, 25.091780145047785 ], [ 55.885931537771647, 25.091878820604265 ], [ 55.885810645266872, 25.091982196777064 ], [ 55.885694612370109, 25.092090092220687 ], [ 55.885583642642978, 25.092202317661304 ], [ 55.88547793076679, 25.092318676228679 ], [ 55.885377662200874, 25.092438963801648 ], [ 55.885283012857265, 25.092562969365943 ], [ 55.885194148791918, 25.092690475384366 ], [ 55.885111225913484, 25.092821258178439 ], [ 55.885034389709702, 25.092955088320561 ], [ 55.884963774991924, 25.093091731036612 ], [ 55.884899505658666, 25.093230946617677 ], [ 55.884841694478069, 25.093372490840462 ], [ 55.884790442889887, 25.093516115395797 ], [ 55.884745840827556, 25.093661568324119 ], [ 55.884707966560057, 25.093808594457503 ], [ 55.884676886554622, 25.09395693586729 ], [ 55.884652655359957, 25.094106332316386 ], [ 55.884635315510245, 25.094256521715995 ], [ 55.884624897450472, 25.094407240585245 ], [ 55.884621419482819, 25.09455822451347 ], [ 55.884624887734333, 25.09470920862406 ], [ 55.884635296146094, 25.094859928039075 ], [ 55.884652626483579, 25.095010118343996 ], [ 55.88467684836845, 25.095159516051666 ], [ 55.884707919331824, 25.095307859064359 ], [ 55.884745784888374, 25.095454887133894 ], [ 55.884790378631997, 25.095600342317937 ], [ 55.884841622351928, 25.095743969432757 ], [ 55.884899426169994, 25.095885516500879 ], [ 55.884963688698015, 25.096024735193136 ], [ 55.885034297215519, 25.096161381264476 ], [ 55.885111127867518, 25.096295214982437 ], [ 55.885194045881526, 25.096426001547815 ], [ 55.885282905803933, 25.09655351150661 ], [ 55.885377551755141, 25.096677521152671 ], [ 55.885477817702913, 25.096797812920215 ], [ 55.885583527753582, 25.096914175765569 ], [ 55.885694496460573, 25.097026405537541 ], [ 55.885810529149751, 25.097134305335569 ], [ 55.885931422260924, 25.097237685855315 ], [ 55.886056963704817, 25.0973363657208 ], [ 55.886186933235415, 25.097430171802664 ], [ 55.886321102836128, 25.097518939522036 ], [ 55.886459237120015, 25.097602513139293 ], [ 55.886601093742676, 25.097680746027333 ], [ 55.886746423827553, 25.097753500928945 ], [ 55.886894972402594, 25.097820650197686 ], [ 55.887046478847672, 25.097882076021744 ], [ 55.88720067735192, 25.097937670630891 ], [ 55.887357297380092, 25.097987336485417 ], [ 55.88751606414742, 25.098030986447487 ], [ 55.887676699101746, 25.098068543933827 ], [ 55.887838920412378, 25.098099943050372 ], [ 55.888002443464657, 25.098125128707721 ], [ 55.888166981359461, 25.098144056717953 ], [ 55.888332245416642, 25.098156693872017 ], [ 55.88849794568165, 25.098163017998129 ], [ 55.888663791434482, 25.098163018000712 ], [ 55.88882949169971, 25.098156693879748 ], [ 55.888994755757373, 25.098144056730838 ], [ 55.889159293652874, 25.098125128725723 ], [ 55.889322816706105, 25.098099943073482 ], [ 55.889485038017909, 25.098068543961968 ], [ 55.88964567297365, 25.098030986480634 ], [ 55.889804439742626, 25.097987336523534 ], [ 55.889961059772652, 25.097937670673861 ], [ 55.890115258278975, 25.097882076069535 ], [ 55.89026676472637, 25.097820650250185 ], [ 55.890415313303954, 25.097753500986059 ], [ 55.890560643391566, 25.097680746088972 ], [ 55.890702500017142, 25.097602513205349 ], [ 55.890840634304169, 25.097518939592394 ], [ 55.890974803908215, 25.097430171877207 ], [ 55.891104773442315, 25.0973363657994 ], [ 55.89123031488996, 25.097237685937813 ], [ 55.89135120800497, 25.097134305421829 ], [ 55.891467240698226, 25.097026405627396 ], [ 55.891578209409431, 25.096914175858888 ], [ 55.891683919464455, 25.096797813016828 ], [ 55.891784185416732, 25.096677521252413 ], [ 55.891878831372622, 25.096553511609294 ], [ 55.891967691299818, 25.096426001653256 ], [ 55.892050609318723, 25.096295215090471 ], [ 55.892127439975773, 25.096161381374902 ], [ 55.892198048498386, 25.09602473530575 ], [ 55.892262311031629, 25.095885516615496 ], [ 55.892320114855046, 25.095743969549194 ], [ 55.892371358580377, 25.095600342435961 ], [ 55.892415952329436, 25.095454887253283 ], [ 55.892453817891528, 25.095307859184945 ], [ 55.892484888860444, 25.095159516173194 ], [ 55.892509110750936, 25.09501011846632 ], [ 55.892526441094049, 25.094859928161906 ], [ 55.892536849511487, 25.094709208747243 ], [ 55.892540317768685, 25.094558224636767 ], [ 55.892536839806674, 25.094407240708396 ] ] ] ] } },
{ "type": "Feature", "properties": { "field_id": 26, "diam_km": 0.79001143971323595, "status": "active", "active_frac": 0.848, "mean_prob": 0.848, "uncertainty_frac": 0.0, "area_ha": 48.93, "active_area_ha": 41.48, "credit_score": 88 }, "geometry": { "type": "MultiPolygon", "coordinates": [ [ [ [ 55.888913368730691, 25.087806001635393 ], [ 55.888903063610577, 25.087656908283879 ], [ 55.88888591172568, 25.08750833869103 ], [ 55.888861943190648, 25.087360553496033 ], [ 55.888831200078435, 25.087213811961085 ], [ 55.888793736346052, 25.087068371516594 ], [ 55.888749617740103, 25.086924487309574 ], [ 55.888698921680977, 25.086782411755991 ], [ 55.888641737126981, 25.086642394098032 ], [ 55.888578164418192, 25.086504679966978 ], [ 55.888508315100289, 25.086369510952192 ], [ 55.888432311728515, 25.086237124177423 ], [ 55.888350287653005, 25.086107751884839 ], [ 55.888262386784312, 25.08598162102777 ], [ 55.888168763341049, 25.085858952872449 ], [ 55.888069581579288, 25.085739962609971 ], [ 55.887965015504236, 25.085624858978932 ], [ 55.887855248565025, 25.085513843899218 ], [ 55.887740473332748, 25.085407112117863 ], [ 55.887620891162726, 25.085304850867498 ], [ 55.887496711841123, 25.085207239537926 ], [ 55.88736815321699, 25.085114449361516 ], [ 55.887235440820191, 25.085026643112855 ], [ 55.887098807465563, 25.084943974823304 ], [ 55.886958492844776, 25.084866589510813 ], [ 55.886814743105788, 25.0847946229256 ], [ 55.886667810421059, 25.084728201312053 ], [ 55.886517952545397, 25.084667441187328 ], [ 55.886365432363625, 25.084612449137019 ], [ 55.886210517429767, 25.08456332162821 ], [ 55.886053479497711, 25.08452014484029 ], [ 55.885894594044437, 25.084482994513827 ], [ 55.885734139787225, 25.084451935817722 ], [ 55.885572398194427, 25.084427023234934 ], [ 55.885409652992223, 25.084408300466883 ], [ 55.885246189666745, 25.084395800356926 ], [ 55.88508229496356, 25.084389544832593 ], [ 55.884918256384758, 25.0843895448673 ], [ 55.884754361684763, 25.084395800460978 ], [ 55.884590898365673, 25.084408300640138 ], [ 55.884428153172998, 25.084427023477051 ], [ 55.884266411592947, 25.084451936128325 ], [ 55.884105957351544, 25.084482994892351 ], [ 55.883947071917262, 25.08452014528606 ], [ 55.883790034007205, 25.084563322140443 ], [ 55.88363511909845, 25.084612449714818 ], [ 55.883482598944738, 25.084667441829662 ], [ 55.883332741100055, 25.084728202017825 ], [ 55.88318580844922, 25.084794623693568 ], [ 55.883042058746952, 25.084866590339626 ], [ 55.882901744165672, 25.084943975711486 ], [ 55.882765110853242, 25.085026644058882 ], [ 55.882632398501215, 25.085114450363719 ], [ 55.882503839924453, 25.085207240594556 ], [ 55.882379660652653, 25.085304851976669 ], [ 55.882260078534806, 25.08540711327765 ], [ 55.882145303357021, 25.08551384510756 ], [ 55.882035536474476, 25.085624860233747 ], [ 55.88193097045815, 25.085739963909038 ], [ 55.881831788757118, 25.085858954213499 ], [ 55.881738165376454, 25.085981622408458 ], [ 55.881650264572116, 25.086107753302752 ], [ 55.881568240562629, 25.08623712563001 ], [ 55.881492237258435, 25.086369512436971 ], [ 55.881422388009497, 25.086504681481308 ], [ 55.881358815370973, 25.086642395639281 ], [ 55.881301630888451, 25.086782413321444 ], [ 55.881250934901821, 25.086924488896489 ], [ 55.881206816369321, 25.087068373122204 ], [ 55.881169352711197, 25.087213813582537 ], [ 55.88113860967384, 25.087360555130484 ], [ 55.881114641214239, 25.087508340335653 ], [ 55.88109748940515, 25.087656909935763 ], [ 55.881087184361135, 25.087806003291639 ], [ 55.881083744185531, 25.087955358844241 ], [ 55.8810871749386, 25.088104714573657 ], [ 55.881097470626564, 25.088253808458731 ], [ 55.881114613212119, 25.088402378936699 ], [ 55.881138572645789, 25.088550165362143 ], [ 55.881169306918537, 25.088696908464239 ], [ 55.881206762135271, 25.088842350801585 ], [ 55.881250872609179, 25.088986237213927 ], [ 55.881301560976887, 25.089128315269779 ], [ 55.881358738334072, 25.089268335709416 ], [ 55.881422304391045, 25.089406052882094 ], [ 55.881492147648963, 25.089541225177044 ], [ 55.881568145594848, 25.089673615447552 ], [ 55.881650164916834, 25.089802991426872 ], [ 55.881738061737607, 25.089929126135903 ], [ 55.881831681866977, 25.09005179828138 ], [ 55.881930861072107, 25.090170792644127 ], [ 55.882035425365693, 25.090285900456873 ], [ 55.882145191311146, 25.090396919770381 ], [ 55.882259966344293, 25.090503655807932 ], [ 55.882379549111327, 25.090605921306999 ], [ 55.882503729821735, 25.090703536848004 ], [ 55.882632290616826, 25.090796331169084 ], [ 55.882765005951505, 25.090884141466489 ], [ 55.882901642990305, 25.090966813680513 ], [ 55.883041962015675, 25.091044202765659 ], [ 55.883185716848864, 25.091116172945277 ], [ 55.883332655281563, 25.091182597949743 ], [ 55.883482519518751, 25.091243361238117 ], [ 55.883635046630928, 25.091298356202607 ], [ 55.883789969015453, 25.091347486355701 ], [ 55.883947014866209, 25.091390665499471 ], [ 55.884105908650582, 25.091427817876831 ], [ 55.884266371593007, 25.091458878304461 ], [ 55.884428122164074, 25.091483792287281 ], [ 55.884590876574727, 25.091502516114012 ], [ 55.884754349274203, 25.091515016933926 ], [ 55.884918253451133, 25.091521272814447 ], [ 55.885082301537039, 25.09152127277974 ], [ 55.885246205710807, 25.091515016829824 ], [ 55.885409678403882, 25.091502515940721 ], [ 55.885572432804977, 25.0914837920451 ], [ 55.885734183363311, 25.091458877993812 ], [ 55.885894646289891, 25.091427817498253 ], [ 55.886053540055308, 25.091390665053648 ], [ 55.886210585884037, 25.091347485843404 ], [ 55.886365508243458, 25.091298355624748 ], [ 55.886518035327541, 25.091243360595673 ], [ 55.886667899533741, 25.091182597243876 ], [ 55.886814837932526, 25.09111617217722 ], [ 55.886958592728952, 25.09104420193675 ], [ 55.88709891171483, 25.0909668127922 ], [ 55.887235548711423, 25.090884140520366 ], [ 55.887368264001324, 25.090796330166761 ], [ 55.887496824749029, 25.090703535791295 ], [ 55.887621005409635, 25.090605920197707 ], [ 55.887740588124409, 25.090503654648018 ], [ 55.887855363103085, 25.090396918561908 ], [ 55.887965128991894, 25.090285899201962 ], [ 55.888069693226726, 25.090170791344939 ], [ 55.888168872371125, 25.090051796940195 ], [ 55.888262492437853, 25.089929124755109 ], [ 55.888350389194265, 25.089802990008891 ], [ 55.8884324084502, 25.08967361399483 ], [ 55.888508406328519, 25.089541223692159 ], [ 55.888578249517423, 25.089406051367654 ], [ 55.888641815504116, 25.089268334168089 ], [ 55.888698992789806, 25.089128313704258 ], [ 55.888749681085017, 25.088986235626912 ], [ 55.888793791485497, 25.088842349195914 ], [ 55.88883124662798, 25.088696906842724 ], [ 55.888861980825858, 25.088550163727632 ], [ 55.888885940184096, 25.088402377292049 ], [ 55.888903082693808, 25.088253806806815 ], [ 55.888913378305688, 25.088104712917382 ], [ 55.888916808982501, 25.087955357186537 ], [ 55.888913368730691, 25.087806001635393 ] ] ] ] } },
{ "type": "Feature", "properties": { "field_id": 27, "diam_km": 0.79768003445093605, "status": "active", "active_frac": 0.629, "mean_prob": 0.629, "uncertainty_frac": 0.0, "area_ha": 50.03, "active_area_ha": 31.48, "credit_score": 70 }, "geometry": { "type": "MultiPolygon", "coordinates": [ [ [ [ 55.896984274698262, 25.088027995369199 ], [ 55.89697386949787, 25.087877454783502 ], [ 55.896956551059603, 25.08772744304164 ], [ 55.896932349790795, 25.087578223312768 ], [ 55.896901308173071, 25.087430057375773 ], [ 55.896863480687735, 25.087283205159775 ], [ 55.896818933719814, 25.087137924288438 ], [ 55.896767745441657, 25.086994469627815 ], [ 55.89671000567553, 25.086853092839455 ], [ 55.896645815735859, 25.086714041938812 ], [ 55.896575288251512, 25.086577560860256 ], [ 55.896498546967827, 25.086443889029191 ], [ 55.896415726529682, 25.086313260942049 ], [ 55.896326972245014, 25.086185905754988 ], [ 55.896232439829809, 25.086062046881981 ], [ 55.896132295134983, 25.085941901602844 ], [ 55.896026713855129, 25.085825680682284 ], [ 55.895915881220546, 25.085713588 ], [ 55.895799991671943, 25.085605820193354 ], [ 55.895679248519535, 25.085502566312275 ], [ 55.895553863586194, 25.08540400748775 ], [ 55.895424056836006, 25.085310316614166 ], [ 55.895290055988298, 25.085221658046056 ], [ 55.895152096118217, 25.085138187309795 ], [ 55.89501041924435, 25.085060050830879 ], [ 55.894865273904266, 25.084987385677209 ], [ 55.894716914718579, 25.084920319318449 ], [ 55.894565601944265, 25.08485896940271 ], [ 55.894411601018319, 25.084803443550086 ], [ 55.894255182092131, 25.084753839164037 ], [ 55.894096619557651, 25.084710243260378 ], [ 55.893936191566176, 25.084672732314825 ], [ 55.89377417954065, 25.084641372128861 ], [ 55.893610867681893, 25.084616217714203 ], [ 55.893446542470343, 25.08459731319655 ], [ 55.89328149216356, 25.084584691737977 ], [ 55.893116006290761, 25.084578375478902 ], [ 55.892950375144991, 25.084578375499273 ], [ 55.892784889274047, 25.084584691799048 ], [ 55.892619838971022, 25.084597313298193 ], [ 55.892455513765071, 25.084616217856265 ], [ 55.892292201913754, 25.084641372311058 ], [ 55.892130189897536, 25.084672732536887 ], [ 55.89196976191721, 25.084710243521883 ], [ 55.891811199395633, 25.084753839464543 ], [ 55.891654780484131, 25.084803443889058 ], [ 55.891500779574677, 25.08485896977955 ], [ 55.891349466818554, 25.084920319732493 ], [ 55.891201107652741, 25.084987386127743 ], [ 55.8910559623342, 25.085060051317139 ], [ 55.890914285483511, 25.085138187830864 ], [ 55.890776325638157, 25.085221658601057 ], [ 55.890642324816739, 25.085310317202122 ], [ 55.890512518094312, 25.085404008107616 ], [ 55.890387133190217, 25.085502566962965 ], [ 55.890266390068426, 25.085605820873738 ], [ 55.890150500551798, 25.085713588708895 ], [ 55.890039667950447, 25.085825681418417 ], [ 55.889934086705047, 25.085941902364986 ], [ 55.88983394204584, 25.086062047668729 ], [ 55.889739409667349, 25.086185906564982 ], [ 55.889650655420439, 25.086313261773874 ], [ 55.889567835021012, 25.086443889881377 ], [ 55.889491093777004, 25.086577561731332 ], [ 55.889420566333079, 25.086714042827225 ], [ 55.889356376434655, 25.086853093743642 ], [ 55.889298636710464, 25.086994470546202 ], [ 55.889247448474826, 25.087137925219405 ], [ 55.889202901550014, 25.087283206101709 ], [ 55.889165074108206, 25.087430058327012 ], [ 55.889134032534443, 25.087578224271674 ], [ 55.889109831309867, 25.087727444006461 ], [ 55.889092512916079, 25.08787745575259 ], [ 55.889082107760331, 25.088027996340834 ], [ 55.889078634122143, 25.088178801673315 ], [ 55.889082098120895, 25.088329607186679 ], [ 55.889092493704986, 25.08848014831635 ], [ 55.889109802662382, 25.088630160960594 ], [ 55.889133994652205, 25.088779381943912 ], [ 55.889165027257881, 25.088927549478669 ], [ 55.889202846061387, 25.089074403624458 ], [ 55.889247384738532, 25.089219686744169 ], [ 55.889298565175125, 25.089363143955886 ], [ 55.889356297603946, 25.089504523580217 ], [ 55.889420480761984, 25.089643577581818 ], [ 55.889491002068013, 25.089780062004557 ], [ 55.889567737819959, 25.089913737399563 ], [ 55.889650553411755, 25.090044369245433 ], [ 55.889739303569478, 25.090171728359625 ], [ 55.889833832606108, 25.090295591300649 ], [ 55.889933974694394, 25.090415740760086 ], [ 55.890039554158001, 25.090531965944006 ], [ 55.890150385779421, 25.090644062942683 ], [ 55.890266275125043, 25.090751835088586 ], [ 55.890387018886074, 25.0908550933013 ], [ 55.890512405235334, 25.090953656419469 ], [ 55.89064221419887, 25.09104735151859 ], [ 55.890776218041772, 25.09113601421447 ], [ 55.890914181667945, 25.091219488951811 ], [ 55.891055863032392, 25.09129762927699 ], [ 55.891201013566075, 25.091370298095239 ], [ 55.891349378611984, 25.091437367911112 ], [ 55.891500697871955, 25.091498721052261 ], [ 55.891654705863559, 25.091554249875912 ], [ 55.891811132385875, 25.091603856957871 ], [ 55.891969702993606, 25.091647455263388 ], [ 55.89213013947883, 25.091684968299827 ], [ 55.892292160359069, 25.091716330251124 ], [ 55.892455481371371, 25.091741486093113 ], [ 55.892619815971081, 25.091760391690134 ], [ 55.892784875834842, 25.091773013872519 ], [ 55.892950371366318, 25.091779330494735 ], [ 55.893116012204793, 25.091779330474381 ], [ 55.893281507734415, 25.091773013811451 ], [ 55.893446567594374, 25.091760391588476 ], [ 55.89361090218852, 25.091741485951047 ], [ 55.893774223193354, 25.091716330068877 ], [ 55.893936244064285, 25.091684968077733 ], [ 55.894096680538389, 25.091647455001834 ], [ 55.894255251133202, 25.091603856657333 ], [ 55.894411677640782, 25.091554249536898 ], [ 55.894565685615923, 25.091498720675375 ], [ 55.894717004857711, 25.091437367497001 ], [ 55.894865369883711, 25.091370297644652 ], [ 55.895010520395836, 25.091297628790709 ], [ 55.895152201737133, 25.091219488430699 ], [ 55.895290165338515, 25.091136013659412 ], [ 55.89542416915517, 25.091047350930566 ], [ 55.895553978090895, 25.090953655799535 ], [ 55.895679364410924, 25.090855092650539 ], [ 55.895800108141316, 25.090751834408117 ], [ 55.895915997454964, 25.090644062233725 ], [ 55.896026829043166, 25.090531965207767 ], [ 55.896132408472305, 25.09041573999788 ], [ 55.896232550524978, 25.090295590513815 ], [ 55.896327079524845, 25.090171727549563 ], [ 55.896415829644823, 25.090044368413551 ], [ 55.89649864519788, 25.089913736547338 ], [ 55.896575380910143, 25.089780061133446 ], [ 55.896645902175699, 25.089643576693341 ], [ 55.896710085292497, 25.08950452267597 ], [ 55.896767817679397, 25.089363143037446 ], [ 55.896818998073449, 25.089219685813124 ], [ 55.896863536707507, 25.089074402682474 ], [ 55.896901355467456, 25.088927548527369 ], [ 55.896932388029214, 25.088779380985002 ], [ 55.896956579974756, 25.088630159995752 ], [ 55.896973888887672, 25.088480147347248 ], [ 55.896984284427141, 25.088329606215023 ], [ 55.896987748381164, 25.08817880070081 ], [ 55.896984274698262, 25.088027995369199 ] ] ] ] } },
{ "type": "Feature", "properties": { "field_id": 28, "diam_km": 0.78719106827854601, "status": "active", "active_frac": 0.822, "mean_prob": 0.822, "uncertainty_frac": 0.0, "area_ha": 48.65, "active_area_ha": 39.98, "credit_score": 86 }, "geometry": { "type": "MultiPolygon", "coordinates": [ [ [ [ 55.905001265658129, 25.088269391321052 ], [ 55.904990997339091, 25.088120830244996 ], [ 55.904973906672453, 25.087972791055829 ], [ 55.904950023665343, 25.08782553346223 ], [ 55.904919390240416, 25.087679315800912 ], [ 55.904882060162194, 25.087534394583205 ], [ 55.904838098942584, 25.087391024045221 ], [ 55.904787583725707, 25.087249455701855 ], [ 55.90473060315248, 25.087109937905556 ], [ 55.904667257205034, 25.086972715410663 ], [ 55.904597657031012, 25.086838028944129 ], [ 55.904521924748579, 25.086706114783222 ], [ 55.904440193232112, 25.086577204341076 ], [ 55.904352605878806, 25.086451523760775 ], [ 55.904259316357255, 25.086329293518691 ], [ 55.904160488337624, 25.086210728037816 ], [ 55.90405629520447, 25.086096035311574 ], [ 55.903946919752656, 25.085985416539046 ], [ 55.903832553866486, 25.085879065772122 ], [ 55.903713398183029, 25.085777169575064 ], [ 55.903589661740384, 25.085679906697287 ], [ 55.903461561610598, 25.085587447760009 ], [ 55.903329322519198, 25.085499954956731 ], [ 55.903193176450827, 25.085417581769043 ], [ 55.903053362242289, 25.085340472697233 ], [ 55.902910125163771, 25.085268763006987 ], [ 55.902763716488415, 25.085202578492041 ], [ 55.902614393051813, 25.085142035253728 ], [ 55.902462416801377, 25.085087239497152 ], [ 55.902308054337048, 25.08503828734511 ], [ 55.902151576443536, 25.084995264669402 ], [ 55.901993257615608, 25.084958246940275 ], [ 55.901833375576516, 25.084927299094002 ], [ 55.901672210790956, 25.084902475419174 ], [ 55.90151004597336, 25.084883819461265 ], [ 55.901347165591851, 25.08487136394638 ], [ 55.90118385536951, 25.084865130723905 ], [ 55.90102040178315, 25.084865130728069 ], [ 55.900857091561178, 25.084871363958896 ], [ 55.900694211180436, 25.084883819482094 ], [ 55.900532046363999, 25.084902475448303 ], [ 55.900370881579988, 25.084927299131362 ], [ 55.900210999542765, 25.084958246985781 ], [ 55.90005268071711, 25.084995264723016 ], [ 55.899896202826262, 25.085038287406725 ], [ 55.899741840364932, 25.085087239566651 ], [ 55.899589864117885, 25.085142035330993 ], [ 55.899440540685035, 25.085202578576954 ], [ 55.899294132013772, 25.085268763099347 ], [ 55.899150894939623, 25.085340472796922 ], [ 55.899011080735853, 25.08541758187588 ], [ 55.898874934672556, 25.085499955070514 ], [ 55.898742695586535, 25.085587447880553 ], [ 55.898614595462483, 25.085679906824389 ], [ 55.898490859025799, 25.085777169708475 ], [ 55.898371703348623, 25.08587906591162 ], [ 55.898257337468998, 25.085985416684391 ], [ 55.898147962023991, 25.086096035462507 ], [ 55.898043768897928, 25.086210728194082 ], [ 55.897944940885566, 25.086329293679995 ], [ 55.897851651371546, 25.08645152392684 ], [ 55.897764064026013, 25.086577204511634 ], [ 55.897682332517476, 25.086706114957948 ], [ 55.897606600243158, 25.086838029122742 ], [ 55.897537000077435, 25.086972715592832 ], [ 55.89747365413843, 25.087109938090947 ], [ 55.897416673573829, 25.087249455890159 ], [ 55.897366158365664, 25.087391024236098 ], [ 55.897322197154871, 25.087534394776331 ], [ 55.897284867085595, 25.087679315995949 ], [ 55.89725423366967, 25.087825533658854 ], [ 55.897230350671641, 25.087972791253655 ], [ 55.897213260014141, 25.08812083044371 ], [ 55.897202991704233, 25.088269391520271 ], [ 55.897199563780724, 25.088418213858166 ], [ 55.897202982282124, 25.088567036372872 ], [ 55.897213241235995, 25.088715597978702 ], [ 55.897230322669323, 25.088863638046693 ], [ 55.897254196639771, 25.08901089686195 ], [ 55.897284821288004, 25.089157116079289 ], [ 55.897322142911051, 25.089302039176403 ], [ 55.897366096056409, 25.08944541190402 ], [ 55.897416603636493, 25.08958698273187 ], [ 55.897473577063998, 25.089726503290095 ], [ 55.897536916406942, 25.08986372880495 ], [ 55.897606510563968, 25.089998418528332 ], [ 55.897682237459065, 25.090130336160122 ], [ 55.897763964255802, 25.090259250262843 ], [ 55.897851547589894, 25.090384934667721 ], [ 55.897944833821079, 25.09050716887155 ], [ 55.898043659302218, 25.090625738423576 ], [ 55.898147850666554, 25.090740435301804 ], [ 55.89825722513168, 25.090851058278034 ], [ 55.898371590820169, 25.090957413270871 ], [ 55.898490747096332, 25.091059313686451 ], [ 55.898614484917971, 25.091156580745736 ], [ 55.898742587203287, 25.091249043798211 ], [ 55.898874829211685, 25.091336540621441 ], [ 55.899010978938023, 25.091418917705724 ], [ 55.899150797519887, 25.091496030523388 ], [ 55.899294039656397, 25.091567743782488 ], [ 55.899440454038896, 25.091633931664244 ], [ 55.899589783791832, 25.091694478043731 ], [ 55.899741766923384, 25.091749276693765 ], [ 55.899896136785458, 25.091798231471323 ], [ 55.900052622541395, 25.091841256486127 ], [ 55.900210949641284, 25.091878276251592 ], [ 55.900370840303893, 25.091909225817052 ], [ 55.900532014003929, 25.091934050881957 ], [ 55.900694187964547, 25.091952707891046 ], [ 55.900857077653463, 25.091965164110842 ], [ 55.901020397282288, 25.091971397687008 ], [ 55.90118386030818, 25.091971397682819 ], [ 55.901347179936636, 25.091965164098294 ], [ 55.901510069624777, 25.091952707870202 ], [ 55.901672243584237, 25.091934050852828 ], [ 55.901833417282752, 25.091909225779684 ], [ 55.901993307943435, 25.091878276206049 ], [ 55.902151635041065, 25.091841256432513 ], [ 55.902308120794331, 25.091798231409708 ], [ 55.902462490653377, 25.09174927662427 ], [ 55.902614473781568, 25.091694477966453 ], [ 55.902763803530775, 25.091633931579331 ], [ 55.902910217909195, 25.091567743690096 ], [ 55.903053460041299, 25.091496030423663 ], [ 55.903193278618382, 25.091418917598865 ], [ 55.903329428339688, 25.091336540507641 ], [ 55.903461670342658, 25.091249043677646 ], [ 55.903589772622276, 25.091156580618634 ], [ 55.903713510437939, 25.091059313553032 ], [ 55.903832666707785, 25.09095741313136 ], [ 55.903947032389745, 25.09085105813265 ], [ 55.904056406848049, 25.090740435150845 ], [ 55.904160598205301, 25.090625738267295 ], [ 55.904259423679143, 25.090507168710246 ], [ 55.904352709902788, 25.090384934501635 ], [ 55.904440293229214, 25.090259250092284 ], [ 55.90452202001795, 25.090130335985382 ], [ 55.904597746904933, 25.089998418349722 ], [ 55.90466734105366, 25.089863728622795 ], [ 55.904730680388127, 25.089726503104682 ], [ 55.904787653807034, 25.089586982543562 ], [ 55.904838161378414, 25.089445411713147 ], [ 55.904882114514933, 25.089302038983288 ], [ 55.904919436129077, 25.089157115884248 ], [ 55.904950060768279, 25.089010896665354 ], [ 55.904973934729632, 25.088863637848863 ], [ 55.904991016153851, 25.088715597779995 ], [ 55.905001275098606, 25.088567036173657 ], [ 55.905004693590811, 25.088418213658763 ], [ 55.905001265658129, 25.088269391321052 ] ] ] ] } },
{ "type": "Feature", "properties": { "field_id": 29, "diam_km": 0.79507881358097698, "status": "inactive", "active_frac": 0.134, "mean_prob": 0.134, "uncertainty_frac": 0.0, "area_ha": 49.63, "active_area_ha": 6.65, "credit_score": 31 }, "geometry": { "type": "MultiPolygon", "coordinates": [ [ [ [ 55.913092190076789, 25.088813857152783 ], [ 55.913081818916218, 25.088663807483201 ], [ 55.913064557016909, 25.08851428492623 ], [ 55.913040434686927, 25.088365551792798 ], [ 55.913009494269232, 25.088217869008179 ], [ 55.912971790067417, 25.088071495653907 ], [ 55.912927388250111, 25.087926688513587 ], [ 55.912876366734885, 25.087783701622229 ], [ 55.912818815051267, 25.087642785820808 ], [ 55.912754834183616, 25.087504188316117 ], [ 55.91268453639389, 25.087368152247123 ], [ 55.912608045024406, 25.087234916258602 ], [ 55.912525494281475, 25.087104714082432 ], [ 55.912437028999783, 25.086977774127661 ], [ 55.912342804388331, 25.086854319079837 ], [ 55.912242985757878, 25.086734565510433 ], [ 55.912137748231075, 25.086618723496986 ], [ 55.912027276434962, 25.086506996254645 ], [ 55.911911764177368, 25.086399579779606 ], [ 55.911791414106482, 25.0862966625056 ], [ 55.911666437355663, 25.086198424973144 ], [ 55.911537053172893, 25.086105039513043 ], [ 55.911403488536202, 25.086016669944065 ], [ 55.911265977755555, 25.08593347128571 ], [ 55.911124762061718, 25.085855589486243 ], [ 55.910980089183298, 25.085783161166724 ], [ 55.910832212912148, 25.085716313381511 ], [ 55.910681392658098, 25.085655163395234 ], [ 55.91052789299426, 25.085599818477366 ], [ 55.910371983192697, 25.085550375713968 ], [ 55.910213936752363, 25.085506921837343 ], [ 55.910054030919333, 25.085469533074132 ], [ 55.909892546200538, 25.08543827501143 ], [ 55.909729765871951, 25.085413202481909 ], [ 55.909565975481634, 25.085394359467557 ], [ 55.909401462349095, 25.085381779022661 ], [ 55.909236515061302, 25.085375483215621 ], [ 55.909071422966591, 25.08537548309052 ], [ 55.90890647566728, 25.085381778647605 ], [ 55.908741962511755, 25.085394358843207 ], [ 55.908578172087019, 25.085413201609327 ], [ 55.908415391712637, 25.085438273892187 ], [ 55.908253906936707, 25.085469531710153 ], [ 55.908094001035373, 25.085506920231072 ], [ 55.907935954515644, 25.085550373868166 ], [ 55.907780044623742, 25.085599816395316 ], [ 55.907626544858765, 25.085655161080542 ], [ 55.907475724493025, 25.085716310838265 ], [ 55.907327848099712, 25.085783158399412 ], [ 55.90718317508896, 25.085855586499662 ], [ 55.907041959252837, 25.085933468085127 ], [ 55.906904448320155, 25.086016666535102 ], [ 55.906770883521986, 25.086105035901642 ], [ 55.9066414991686, 25.086198421165697 ], [ 55.906516522238292, 25.086296658508747 ], [ 55.90639617197936, 25.086399575600378 ], [ 55.906280659525464, 25.086506991900315 ], [ 55.906170187525248, 25.086618718975281 ], [ 55.906064949786739, 25.086734560829232 ], [ 55.905965130937481, 25.086854314247347 ], [ 55.905870906100425, 25.086977769152373 ], [ 55.905782440586812, 25.087104708973058 ], [ 55.90569988960597, 25.087234911024112 ], [ 55.90562339799304, 25.087368146896711 ], [ 55.90555309995473, 25.087504182859174 ], [ 55.90548911883382, 25.087642780266929 ], [ 55.905431566892709, 25.08778369598113 ], [ 55.905380545116167, 25.087926682795121 ], [ 55.905336143034262, 25.088071489868145 ], [ 55.905298438564962, 25.088217863165262 ], [ 55.905267497877411, 25.088365545902992 ], [ 55.905243375275624, 25.088514278999831 ], [ 55.905226113103105, 25.08866380153065 ], [ 55.905215741668314, 25.088813851184504 ], [ 55.905212279191439, 25.08896416472469 ], [ 55.90521573177211, 25.089114478450714 ], [ 55.90522609337863, 25.089264528660713 ], [ 55.905243345858374, 25.089414052114211 ], [ 55.905267458969369, 25.089562786493939 ], [ 55.905298390433323, 25.089710470865949 ], [ 55.905336086009456, 25.089856846137497 ], [ 55.90538047958961, 25.090001655511593 ], [ 55.905431493314033, 25.090144644937503 ], [ 55.905489037707774, 25.090285563556527 ], [ 55.905553011837647, 25.09042416414211 ], [ 55.905623303488987, 25.090560203533631 ], [ 55.90569978936248, 25.090693443063003 ], [ 55.905782335290404, 25.090823648973551 ], [ 55.905870796471817, 25.090950592829998 ], [ 55.905965017726508, 25.091074051919467 ], [ 55.906064833767246, 25.091193809642117 ], [ 55.906170069489548, 25.091309655891251 ], [ 55.906280540278999, 25.091421387422088 ], [ 55.906396052334905, 25.091528808208263 ], [ 55.906516403010443, 25.091631729785849 ], [ 55.906641381168008, 25.091729971584165 ], [ 55.906770767549752, 25.09182336124244 ], [ 55.906904335162253, 25.091911734912461 ], [ 55.907041849674663, 25.091994937545994 ], [ 55.907183069829976, 25.092072823166873 ], [ 55.907327747868372, 25.092145255127214 ], [ 55.907475629961795, 25.092212106347169 ], [ 55.907626456659521, 25.092273259537929 ], [ 55.907779963343273, 25.092328607407644 ], [ 55.90793588069176, 25.092378052849529 ], [ 55.908093935153097, 25.092421509112423 ], [ 55.908253849424952, 25.092458899953041 ], [ 55.908415342941169, 25.092490159769635 ], [ 55.908578132364056, 25.092515233717283 ], [ 55.908741932081817, 25.092534077804004 ], [ 55.908906454709452, 25.092546658968082 ], [ 55.909071411593459, 25.092552955135933 ], [ 55.909236513318149, 25.092552955261063 ], [ 55.909401470213666, 25.092546659343181 ], [ 55.909565992864309, 25.092534078428471 ], [ 55.909729792616496, 25.092515234589975 ], [ 55.909892582085227, 25.092490160889049 ], [ 55.910054075658564, 25.092458901317183 ], [ 55.910213989998766, 25.092421510718928 ], [ 55.910372044539521, 25.092378054695569 ], [ 55.910527961978381, 25.092328609489989 ], [ 55.9106814687633, 25.092273261852931 ], [ 55.910832295572796, 25.092212108890742 ], [ 55.91098017778841, 25.092145257894906 ], [ 55.91112485595918, 25.09207282615381 ], [ 55.911266076256879, 25.091994940746954 ], [ 55.911403590921346, 25.091911738321844 ], [ 55.911537158695324, 25.091823364854239 ], [ 55.91166654524779, 25.091729975392045 ], [ 55.91179152358491, 25.091631733783149 ], [ 55.911911874448528, 25.091528812387942 ], [ 55.912027386700771, 25.091421391776816 ], [ 55.912137857694411, 25.091309660413401 ], [ 55.912243093628476, 25.091193814323738 ], [ 55.912342909888068, 25.091074056752365 ], [ 55.912437131368378, 25.090950597805687 ], [ 55.91252559278179, 25.09082365408328 ], [ 55.912608138947689, 25.090693448297831 ], [ 55.912684625064699, 25.090560208884352 ], [ 55.912754916964637, 25.090424169599348 ], [ 55.912818891347804, 25.090285569110744 ], [ 55.912876435999088, 25.090144650578907 ], [ 55.912927449984799, 25.090001661230293 ], [ 55.912971843829602, 25.089856851923475 ], [ 55.913009539673261, 25.089710476709048 ], [ 55.913040471407079, 25.089562792383898 ], [ 55.913064584789893, 25.089414058040699 ], [ 55.91308183754289, 25.089264534613346 ], [ 55.913092199423616, 25.089114484419039 ], [ 55.913095652278997, 25.08896417069823 ], [ 55.913092190076789, 25.088813857152783 ] ] ] ] } },
{ "type": "Feature", "properties": { "field_id": 30, "diam_km": 0.404602986511781, "status": "active", "active_frac": 0.665, "mean_prob": 0.665, "uncertainty_frac": 0.0, "area_ha": 12.86, "active_area_ha": 8.55, "credit_score": 73 }, "geometry": { "type": "MultiPolygon", "coordinates": [ [ [ [ 55.917032410160111, 25.087510087864949 ], [ 55.91702713365973, 25.087433729890311 ], [ 55.917018350594375, 25.087357640111769 ], [ 55.917006076378932, 25.087281952016021 ], [ 55.916990332552807, 25.087206798384841 ], [ 55.916971146742156, 25.087132311062202 ], [ 55.916948552611245, 25.087058620722861 ], [ 55.916922589803519, 25.086985856643157 ], [ 55.916893303871802, 25.086914146474296 ], [ 55.916860746198559, 25.086843616018378 ], [ 55.916824973905626, 25.08677438900769 ], [ 55.916786049753924, 25.086706586887665 ], [ 55.916744042033372, 25.086640328603853 ], [ 55.916699024443105, 25.086575730393246 ], [ 55.916651075962008, 25.086512905580413 ], [ 55.916600280710313, 25.086451964378657 ], [ 55.916546727801943, 25.086393013696721 ], [ 55.916490511188108, 25.086336156951262 ], [ 55.916431729492516, 25.086281493885444 ], [ 55.916370485838407, 25.086229120393838 ], [ 55.916306887667524, 25.086179128354505 ], [ 55.916241046551718, 25.086131605467479 ], [ 55.916173077997193, 25.086086635101271 ], [ 55.916103101241859, 25.086044296146341 ], [ 55.916031239046156, 25.086004662876917 ], [ 55.915957617477773, 25.085967804820623 ], [ 55.915882365690457, 25.085933786636527 ], [ 55.91580561569743, 25.085902668001726 ], [ 55.915727502139895, 25.085874503506723 ], [ 55.915648162050779, 25.085849342559598 ], [ 55.915567734614406, 25.08582722929938 ], [ 55.915486360922387, 25.085808202518599 ], [ 55.915404183726061, 25.085792295595294 ], [ 55.915321347186193, 25.08577953643443 ], [ 55.915237996620021, 25.085769947418921 ], [ 55.915154278246376, 25.085763545370448 ], [ 55.915070338929326, 25.085760341519887 ], [ 55.914986325920346, 25.085760341487632 ], [ 55.914902386600311, 25.0857635452737 ], [ 55.914818668220775, 25.085769947257869 ], [ 55.914735317645707, 25.085779536209358 ], [ 55.914652481094016, 25.085792295306579 ], [ 55.914570303882954, 25.085808202166756 ], [ 55.914488930173306, 25.085827228885041 ], [ 55.914408502716469, 25.085849342083478 ], [ 55.914329162604027, 25.085874502969656 ], [ 55.914251049020415, 25.085902667404639 ], [ 55.914174298998574, 25.085933785980469 ], [ 55.914099047179747, 25.085967804106787 ], [ 55.914025425577236, 25.086004662106536 ], [ 55.913953563344847, 25.086044295320747 ], [ 55.91388358655027, 25.086086634221921 ], [ 55.913815617954093, 25.086131604535918 ], [ 55.913749776794269, 25.08617912737235 ], [ 55.913686178577073, 25.086229119362851 ], [ 55.91362493487447, 25.086281492807391 ], [ 55.913566153128251, 25.086336155828086 ], [ 55.913509936461757, 25.086393012530344 ], [ 55.913456383498769, 25.086451963171129 ], [ 55.913405588190649, 25.08651290433388 ], [ 55.913357639651345, 25.086575729109864 ], [ 55.913312622001236, 25.086640327285892 ], [ 55.913270614219314, 25.086706585537442 ], [ 55.913231690004807, 25.08677438762755 ], [ 55.913195917647755, 25.086843614610778 ], [ 55.913163359909191, 25.086914145041671 ], [ 55.913134073911053, 25.086985855188022 ], [ 55.91310811103591, 25.087058619247788 ], [ 55.913085516836773, 25.087132309569803 ], [ 55.913066330957115, 25.087206796877702 ], [ 55.913050587061363, 25.087281950496752 ], [ 55.913038312775832, 25.0873576385831 ], [ 55.913029529639985, 25.087433728354878 ], [ 55.913024253068897, 25.087510086325455 ], [ 55.913022492325929, 25.087586578537366 ], [ 55.913024250506595, 25.087663070797387 ], [ 55.91302952453303, 25.087739428911949 ], [ 55.91303830515924, 25.087815518922653 ], [ 55.913050576987501, 25.087891207341148 ], [ 55.913066318495083, 25.087966361383359 ], [ 55.913085502072178, 25.088040849202468 ], [ 55.913108094070125, 25.088114540120273 ], [ 55.913134054860507, 25.088187304856273 ], [ 55.913163338904532, 25.088259015754748 ], [ 55.913195894833066, 25.088329547008421 ], [ 55.9132316655365, 25.088398774879483 ], [ 55.913270588265043, 25.088466577916389 ], [ 55.913312594738791, 25.088532837167229 ], [ 55.913357611267337, 25.088597436388159 ], [ 55.913405558879212, 25.088660262247551 ], [ 55.913456353460312, 25.088721204524795 ], [ 55.913509905901428, 25.088780156303542 ], [ 55.913566122254615, 25.088837014159481 ], [ 55.913624903897976, 25.088891678341696 ], [ 55.913686147708653, 25.088944052947664 ], [ 55.913749746243795, 25.088994046091639 ], [ 55.913815587929015, 25.089041570065756 ], [ 55.913883557254124, 25.089086541493927 ], [ 55.913953534975768, 25.089128881478199 ], [ 55.914025398326757, 25.089168515737164 ], [ 55.914099021231273, 25.089205374736235 ], [ 55.914174274526246, 25.089239393809745 ], [ 55.91425102618782, 25.08927051327435 ], [ 55.914329141563123, 25.089298678533719 ], [ 55.914408483606472, 25.089323840174394 ], [ 55.914488913119833, 25.089345954052565 ], [ 55.914570288997041, 25.089364981371261 ], [ 55.914652468471381, 25.089380888748721 ], [ 55.914735307366179, 25.089393648276808 ], [ 55.914818660347649, 25.08940323757 ], [ 55.914902381179999, 25.089409639804689 ], [ 55.914986322981925, 25.08941284374869 ], [ 55.915070338484497, 25.089412843780984 ], [ 55.915154280289407, 25.089409639901461 ], [ 55.915238001127676, 25.089403237731077 ], [ 55.915321354118049, 25.089393648501904 ], [ 55.915404193024628, 25.089380889037454 ], [ 55.915486372513726, 25.089364981723119 ], [ 55.915567748408563, 25.089345954466946 ], [ 55.915648177942394, 25.089323840650557 ], [ 55.915727520009064, 25.089298679070822 ], [ 55.915805635410464, 25.089270513871455 ], [ 55.915882387100865, 25.089239394465846 ], [ 55.915957640427358, 25.089205375450131 ], [ 55.916031263366015, 25.089168516507609 ], [ 55.91610312675369, 25.089128882303836 ], [ 55.916173104514584, 25.089086542373312 ], [ 55.916241073881331, 25.089041570997363 ], [ 55.916306915610576, 25.088994047073829 ], [ 55.91637051419206, 25.088944053978711 ], [ 55.91643175805126, 25.08889167941977 ], [ 55.91649053974524, 25.088837015282724 ], [ 55.916546756151092, 25.08878015746998 ], [ 55.916600308646828, 25.088721205732359 ], [ 55.916651103284366, 25.088660263494177 ], [ 55.916699050954463, 25.088597437671595 ], [ 55.916744067542844, 25.088532838485229 ], [ 55.916786074077962, 25.088466579266672 ], [ 55.916824996869309, 25.088398776259655 ], [ 55.916860767636877, 25.088329548416088 ], [ 55.916893323630731, 25.088259017187418 ], [ 55.916922607741199, 25.088187306311433 ], [ 55.916948568598976, 25.088114541595353 ], [ 55.916971160665184, 25.088040850694927 ], [ 55.916990344311266, 25.087966362890537 ], [ 55.917006085888488, 25.087891208860412 ], [ 55.917018357786844, 25.087815520451354 ], [ 55.91702713848354, 25.087739430447403 ], [ 55.917032412580689, 25.087663072336863 ], [ 55.917034170832203, 25.087586580078188 ], [ 55.917032410160111, 25.087510087864949 ] ] ] ] } },
{ "type": "Feature", "properties": { "field_id": 31, "diam_km": 0.40801467841184502, "status": "active", "active_frac": 0.709, "mean_prob": 0.709, "uncertainty_frac": 0.0, "area_ha": 13.08, "active_area_ha": 9.28, "credit_score": 77 }, "geometry": { "type": "MultiPolygon", "coordinates": [ [ [ [ 55.915352085826754, 25.084132825945154 ], [ 55.91534676498614, 25.084055824069655 ], [ 55.91533790810962, 25.083979092651614 ], [ 55.915325530741697, 25.083902766303364 ], [ 55.915309654602801, 25.083826978926417 ], [ 55.915290307551295, 25.083751863476447 ], [ 55.915267523534503, 25.083677551730183 ], [ 55.915241342528994, 25.083604174054123 ], [ 55.915211810470517, 25.08353185917591 ], [ 55.915178979173454, 25.083460733958425 ], [ 55.915142906239673, 25.083390923177365 ], [ 55.915103654957605, 25.08332254930222 ], [ 55.915061294191204, 25.083255732281597 ], [ 55.915015898258879, 25.083190589332663 ], [ 55.914967546803432, 25.083127234735525 ], [ 55.914916324652076, 25.083065779632946 ], [ 55.914862321667577, 25.083006331835168 ], [ 55.91480563259087, 25.082948995630897 ], [ 55.91474635687451, 25.082893871604291 ], [ 55.91468459850838, 25.082841056458697 ], [ 55.914620465837245, 25.082790642846867 ], [ 55.914554071370603, 25.082742719208426 ], [ 55.914485531585392, 25.082697369614753 ], [ 55.91441496672163, 25.082654673621693 ], [ 55.9143425005715, 25.082614706129753 ], [ 55.914268260262155, 25.082577537252821 ], [ 55.914192376032716, 25.082543232195256 ], [ 55.914114981005902, 25.082511851137369 ], [ 55.914036210954443, 25.082483449129999 ], [ 55.913956204062899, 25.082458075997852 ], [ 55.913875100685274, 25.082435776252225 ], [ 55.913793043098998, 25.082416589012741 ], [ 55.913710175255041, 25.082400547938892 ], [ 55.913626642525706, 25.082387681171028 ], [ 55.913542591449477, 25.082378011280795 ], [ 55.913458169474012, 25.082371555231727 ], [ 55.913373524697619, 25.082368324349456 ], [ 55.913288805609312, 25.082368324301772 ], [ 55.913204160828542, 25.082371555088788 ], [ 55.91311973884433, 25.082378011042799 ], [ 55.913035687754977, 25.082387680838409 ], [ 55.912952155008171, 25.082400547512258 ], [ 55.912869287142435, 25.08241658849278 ], [ 55.912787229530103, 25.082435775639908 ], [ 55.912706126122238, 25.082458075294266 ], [ 55.912626119196261, 25.082483448336312 ], [ 55.912547349106227, 25.082511850255027 ], [ 55.912469954036851, 25.082543231225781 ], [ 55.912394069760836, 25.082577536197949 ], [ 55.912319829401042, 25.08261470499129 ], [ 55.912247363196656, 25.082654672401677 ], [ 55.912176798274935, 25.082697368315287 ], [ 55.912108258428205, 25.082742717831788 ], [ 55.912041863896526, 25.082790641395487 ], [ 55.911977731156938, 25.082841054935159 ], [ 55.911915972719157, 25.082893870011223 ], [ 55.91185669692797, 25.082948993971062 ], [ 55.911800007773429, 25.083006330111552 ], [ 55.911746004708277, 25.083065777848532 ], [ 55.911694782473482, 25.08312723289346 ], [ 55.911646430932059, 25.083190587436135 ], [ 55.911601034911314, 25.083255730333992 ], [ 55.911558674054199, 25.083322547306921 ], [ 55.911519422679334, 25.083390921137863 ], [ 55.911483349650808, 25.083460731878315 ], [ 55.911450518257197, 25.083531857058833 ], [ 55.911420986100595, 25.083604171903826 ], [ 55.911394804995481, 25.083677549550398 ], [ 55.911372020877806, 25.083751861271008 ], [ 55.911352673724359, 25.083826976699186 ], [ 55.911336797482612, 25.083902764058269 ], [ 55.911324420011077, 25.083979090392571 ], [ 55.911315563030406, 25.084055821800657 ], [ 55.911310242085264, 25.084132823670142 ], [ 55.911308466517085, 25.084209960914002 ], [ 55.911310239447396, 25.084287098207398 ], [ 55.911315557772618, 25.084364100225169 ], [ 55.91132441216913, 25.084440831879256 ], [ 55.911336787109896, 25.084517158555652 ], [ 55.911352660891438, 25.084592946350558 ], [ 55.911372005671929, 25.084668062305326 ], [ 55.911394787520045, 25.084742374639699 ], [ 55.911420966474381, 25.084815752983086 ], [ 55.911450496613547, 25.084888068603171 ], [ 55.911483326136683, 25.084959194631814 ], [ 55.911519397454363, 25.085029006287677 ], [ 55.911558647289418, 25.085097381095082 ], [ 55.911601006788139, 25.085164199098926 ], [ 55.911646401640922, 25.085229343075166 ], [ 55.911694752212618, 25.085292698736403 ], [ 55.911745973682173, 25.085354154932492 ], [ 55.91179997619156, 25.08541360384552 ], [ 55.911856665003235, 25.085470941178919 ], [ 55.911915940666496, 25.085526066340591 ], [ 55.911977699191802, 25.085578882619263 ], [ 55.912041832233349, 25.08562929735427 ], [ 55.912108227278921, 25.085677222098081 ], [ 55.912176767847612, 25.085722572771488 ], [ 55.912247333693855, 25.085765269811166 ], [ 55.91231980101864, 25.085805238309266 ], [ 55.912394042686536, 25.085842408144782 ], [ 55.912469928448843, 25.085876714106689 ], [ 55.91254732517217, 25.085908096008303 ], [ 55.912626097071829, 25.085936498792897 ], [ 55.91270610595037, 25.085961872630229 ], [ 55.912787211439749, 25.085984173004157 ], [ 55.9128692712478, 25.086003360790599 ], [ 55.91295214140797, 25.086019402326194 ], [ 55.913035676531656, 25.086032269467459 ], [ 55.913119730063649, 25.086041939640044 ], [ 55.913204154538981, 25.086048395878436 ], [ 55.91328880184188, 25.086051626855728 ], [ 55.913373523465566, 25.086051626903423 ], [ 55.913458170772849, 25.086048396021425 ], [ 55.913542595256956, 25.086041939878061 ], [ 55.913626648802079, 25.086032269800089 ], [ 55.913710183943252, 25.086019402752875 ], [ 55.913793054125172, 25.086003361310588 ], [ 55.913875113959286, 25.085984173616492 ], [ 55.913956219478926, 25.085961873333879 ], [ 55.914036228391907, 25.085936499586595 ], [ 55.914115000330135, 25.085908096890726 ], [ 55.914192397096031, 25.08587671507625 ], [ 55.914268282904949, 25.085842409199742 ], [ 55.914342524623279, 25.085805239447804 ], [ 55.914414992002307, 25.085765271031278 ], [ 55.914485557906517, 25.085722574071042 ], [ 55.914554098536762, 25.0856772234748 ], [ 55.914620493647412, 25.085629298805742 ], [ 55.914684626757385, 25.085578884142908 ], [ 55.914746385354398, 25.085526067933777 ], [ 55.914805661092473, 25.085470942838811 ], [ 55.914862349981995, 25.085413605569226 ], [ 55.91491635257205, 25.085354156717017 ], [ 55.914967574125036, 25.085292700578567 ], [ 55.915015924782693, 25.085229344971761 ], [ 55.915061319723925, 25.085164201046638 ], [ 55.915103679313354, 25.085097383090471 ], [ 55.915142929241249, 25.08502900832724 ], [ 55.915179000653637, 25.084959196711978 ], [ 55.915211830273343, 25.0848880707203 ], [ 55.915241360510677, 25.084815755133462 ], [ 55.91526753956461, 25.084742376819552 ], [ 55.915290321513609, 25.084668064510783 ], [ 55.915309666396062, 25.0845929485778 ], [ 55.915325540280456, 25.084517160800768 ], [ 55.91533791532482, 25.084440834138306 ], [ 55.915346769825526, 25.08436410249417 ], [ 55.915352088255219, 25.084287100482385 ], [ 55.915353861290278, 25.084209963190986 ], [ 55.915352085826754, 25.084132825945154 ] ] ] ] } },
{ "type": "Feature", "properties": { "field_id": 32, "diam_km": 0.40293343561484402, "status": "partial", "active_frac": 0.427, "mean_prob": 0.427, "uncertainty_frac": 0.0, "area_ha": 12.77, "active_area_ha": 5.45, "credit_score": 54 }, "geometry": { "type": "MultiPolygon", "coordinates": [ [ [ [ 55.911312148462514, 25.083348165982631 ], [ 55.911306893930906, 25.083272123047319 ], [ 55.911298147421739, 25.083196347200872 ], [ 55.91128592428575, 25.083120971379273 ], [ 55.911270245972695, 25.083046127816448 ], [ 55.911251139993688, 25.082971947812421 ], [ 55.911228639872974, 25.082898561502816 ], [ 55.911202785088925, 25.082826097630623 ], [ 55.911173621004885, 25.082754683320424 ], [ 55.911141198789544, 25.082684443855221 ], [ 55.911105575326978, 25.082615502456896 ], [ 55.911066813117017, 25.082547980069798 ], [ 55.911024980165443, 25.082481995148772 ], [ 55.910980149864727, 25.082417663451235 ], [ 55.9109324008652, 25.082355097834249 ], [ 55.910881816937113, 25.082294408056416 ], [ 55.91082848682364, 25.082235700585432 ], [ 55.910772504085074, 25.082179078411283 ], [ 55.910713966934907, 25.082124640865619 ], [ 55.91065297806729, 25.082072483447469 ], [ 55.910589644477035, 25.08202269765577 ], [ 55.910524077271823, 25.081975370828843 ], [ 55.910456391477297, 25.081930585991131 ], [ 55.910386705835379, 25.081888421707781 ], [ 55.910315142595799, 25.081848951946547 ], [ 55.910241827301832, 25.081812245948218 ], [ 55.910166888569883, 25.081778368105123 ], [ 55.910090457864058, 25.081747377848192 ], [ 55.91001266926542, 25.081719329542725 ], [ 55.909933659236842, 25.08169427239298 ], [ 55.909853566383696, 25.081672250355869 ], [ 55.909772531210663, 25.081653302064005 ], [ 55.909690695875234, 25.081637460757591 ], [ 55.909608203938475, 25.081624754226596 ], [ 55.90952520011313, 25.081615204761594 ], [ 55.909441830009797, 25.081608829114845 ], [ 55.909358239881591, 25.081605638470954 ], [ 55.909274576367508, 25.081605638427142 ], [ 55.909190986235281, 25.08160882898347 ], [ 55.909107616123904, 25.081615204542857 ], [ 55.90902461228648, 25.08162475392092 ], [ 55.908942120333684, 25.081637460365492 ], [ 55.90886028497826, 25.08165330158614 ], [ 55.908779249781254, 25.081672249793133 ], [ 55.908699156900326, 25.081694271746336 ], [ 55.9086201468401, 25.081719328813321 ], [ 55.908542358206041, 25.081747377037296 ], [ 55.908465927461066, 25.081778367214145 ], [ 55.908390988686307, 25.081812244978721 ], [ 55.908317673345984, 25.081848950900245 ], [ 55.908246110056574, 25.081888420586523 ], [ 55.908176424361379, 25.081930584796883 ], [ 55.908108738510293, 25.081975369563654 ], [ 55.908043171245296, 25.082022696321889 ], [ 55.907979837592151, 25.082072482047241 ], [ 55.907918848658646, 25.082124639401517 ], [ 55.907860311439734, 25.082179076885851 ], [ 55.907804328629666, 25.08223569900133 ], [ 55.907750998442005, 25.082294406416455 ], [ 55.907700414437294, 25.08235509614131 ], [ 55.907652665358746, 25.082417661708263 ], [ 55.907607834976723, 25.082481993358801 ], [ 55.907566001941838, 25.082547978236015 ], [ 55.907527239646569, 25.082615500582488 ], [ 55.907491616096905, 25.08268444194352 ], [ 55.907459193792853, 25.08275468137473 ], [ 55.907430029618617, 25.082826095654379 ], [ 55.90740417474305, 25.082898559499505 ], [ 55.907381674529631, 25.082971945785516 ], [ 55.907362568456932, 25.083046125769556 ], [ 55.90734689004934, 25.083120969315935 ], [ 55.907334666818116, 25.083196345124712 ], [ 55.90732592021326, 25.083272120962018 ], [ 55.907320665585559, 25.083348163891795 ], [ 55.907318912159944, 25.083424340509385 ], [ 55.907320663018986, 25.083500517175125 ], [ 55.907325915097559, 25.083576560249202 ], [ 55.907334659188201, 25.083652336325859 ], [ 55.90734687995721, 25.083727712467471 ], [ 55.907362555971346, 25.08380255643786 ], [ 55.907381659735663, 25.083876736934197 ], [ 55.907404157741468, 25.083950123817349 ], [ 55.907430010525182, 25.084022588340328 ], [ 55.907459172737511, 25.084094003374023 ], [ 55.907491593222915, 25.084164243630244 ], [ 55.907527215109432, 25.084233185881693 ], [ 55.907565975908284, 25.084300709177953 ], [ 55.907607807623599, 25.084366695057842 ], [ 55.907652636871553, 25.084431027757191 ], [ 55.907700385009214, 25.084493594411935 ], [ 55.907750968272389, 25.084554285256178 ], [ 55.90780429792256, 25.084612993814762 ], [ 55.907860280402652, 25.08466961709 ], [ 55.907918817501013, 25.084724055742644 ], [ 55.90797980652389, 25.084776214265801 ], [ 55.908043140475336, 25.084826001152827 ], [ 55.908108708245159, 25.084873329057704 ], [ 55.908176394803725, 25.084918114948408 ], [ 55.908246081403789, 25.084960280252425 ], [ 55.90831764578887, 25.084999750994875 ], [ 55.908390962407701, 25.085036457928066 ], [ 55.908465902634546, 25.085070336653072 ], [ 55.908542334994813, 25.085101327732797 ], [ 55.908620125395849, 25.085129376796189 ], [ 55.908699137362099, 25.085154434633697 ], [ 55.908779232274675, 25.085176457283488 ], [ 55.908860269614429, 25.085195406108792 ], [ 55.908942107208624, 25.085211247865505 ], [ 55.90902460148039, 25.085223954760629 ], [ 55.909107607700584, 25.085233504500994 ], [ 55.909190980241817, 25.085239880332374 ], [ 55.909274572833887, 25.085243071068941 ], [ 55.909358238820509, 25.085243071112757 ], [ 55.909441831416615, 25.085239880463778 ], [ 55.909525203965877, 25.085233504719753 ], [ 55.909608210198165, 25.08522395506634 ], [ 55.909690704485961, 25.085211248257639 ], [ 55.909772542100193, 25.085195406586685 ], [ 55.909853579463864, 25.085176457846256 ], [ 55.90993367440425, 25.085154435280376 ], [ 55.910012686402176, 25.08512937752565 ], [ 55.910090476838661, 25.085101328543779 ], [ 55.910166909238072, 25.085070337544099 ], [ 55.910241849507699, 25.085036458897605 ], [ 55.910315166172914, 25.084999752041238 ], [ 55.91038673060784, 25.084960281373753 ], [ 55.910456417261187, 25.084918116142735 ], [ 55.91052410387632, 25.08487333032296 ], [ 55.910589671705914, 25.084826002486778 ], [ 55.910653005720278, 25.0847762156661 ], [ 55.910713994809036, 25.08472405720682 ], [ 55.910772531976171, 25.084669618615546 ], [ 55.910828514527786, 25.084612995398928 ], [ 55.910881844252131, 25.084554286896235 ], [ 55.910932427591938, 25.084493596104974 ], [ 55.910980175808653, 25.084431029500244 ], [ 55.91102500513788, 25.084366696847876 ], [ 55.911066836936556, 25.084300711011796 ], [ 55.911105597820715, 25.084233187756137 ], [ 55.91114121979431, 25.08416424554202 ], [ 55.911173640368439, 25.084094005319749 ], [ 55.911202802670985, 25.084022590316632 ], [ 55.911228655546239, 25.083950125820735 ], [ 55.911251153644756, 25.08387673896112 ], [ 55.911270257502757, 25.083802558484816 ], [ 55.911285933611467, 25.083727714530852 ], [ 55.911298154475645, 25.083652338402036 ], [ 55.911306898662033, 25.083576562334557 ], [ 55.911312150836658, 25.083500519265964 ], [ 55.911313901791935, 25.083424342602033 ], [ 55.911312148462514, 25.083348165982631 ] ] ] ] } },
{ "type": "Feature", "properties": { "field_id": 33, "diam_km": 0.40833799342517602, "status": "active", "active_frac": 0.698, "mean_prob": 0.698, "uncertainty_frac": 0.0, "area_ha": 13.1, "active_area_ha": 9.15, "credit_score": 76 }, "geometry": { "type": "MultiPolygon", "coordinates": [ [ [ [ 55.907416893290758, 25.084355699426105 ], [ 55.907411568234913, 25.084278636535259 ], [ 55.907402704334736, 25.084201844315725 ], [ 55.907390317147041, 25.084125457486564 ], [ 55.907374428409547, 25.084049610055356 ], [ 55.907355066002701, 25.083974435083178 ], [ 55.907332263900713, 25.083900064451104 ], [ 55.907306062111992, 25.083826628629019 ], [ 55.907276506608724, 25.083754256446461 ], [ 55.907243649246389, 25.083683074866972 ], [ 55.907207547672641, 25.083613208765012 ], [ 55.907168265226126, 25.0835447807072 ], [ 55.907125870825446, 25.083477910737148 ], [ 55.907080438848133, 25.083412716164883 ], [ 55.907032049000108, 25.083349311361182 ], [ 55.906980786175986, 25.083287807556758 ], [ 55.906926740309963, 25.083228312647353 ], [ 55.906870006218107, 25.083170931004307 ], [ 55.906810683431949, 25.083115763291516 ], [ 55.906748876024011, 25.083062906288916 ], [ 55.906684692425053, 25.083012452722677 ], [ 55.906618245233915, 25.082964491102533 ], [ 55.906549651020065, 25.082919105566564 ], [ 55.906479030118938, 25.082876375733555 ], [ 55.906406506421064, 25.082836376563424 ], [ 55.906332207154541, 25.082799178225635 ], [ 55.906256262661948, 25.082764845976211 ], [ 55.90617880617166, 25.082733440043171 ], [ 55.906099973564281, 25.082705015520986 ], [ 55.906019903134059, 25.082679622273869 ], [ 55.905938735346538, 25.082657304848361 ], [ 55.905856612592039, 25.082638102395151 ], [ 55.905773678935894, 25.082622048600438 ], [ 55.905690079865856, 25.082609171626807 ], [ 55.905605962036795, 25.082599494063864 ], [ 55.905521473013444, 25.082593032888557 ], [ 55.905436761011721, 25.082589799435553 ], [ 55.905351974638592, 25.082589799377146 ], [ 55.90526726263149, 25.082593032713447 ], [ 55.905182773597417, 25.082599493772317 ], [ 55.905098655752269, 25.082609171219364 ], [ 55.905015056660837, 25.082622048077813 ], [ 55.904932122978018, 25.08263810175827 ], [ 55.904850000191615, 25.082657304098337 ], [ 55.904768832367054, 25.082679621411998 ], [ 55.904688761894647, 25.082705014548779 ], [ 55.904609929240031, 25.082733438962332 ], [ 55.904532472697582, 25.082764844788663 ], [ 55.904456528147939, 25.082799176933477 ], [ 55.904382228819642, 25.082836375168874 ], [ 55.904309705055311, 25.082876374239106 ], [ 55.90423908408323, 25.082919103974785 ], [ 55.904170489793948, 25.08296448941627 ], [ 55.904104042523144, 25.08301245094485 ], [ 55.90403985884037, 25.083062904422643 ], [ 55.903978051344623, 25.083115761340089 ], [ 55.903918728466842, 25.083170928971143 ], [ 55.903861994279637, 25.08322831053605 ], [ 55.903807948314785, 25.083287805370983 ], [ 55.903756685388487, 25.083349309104761 ], [ 55.903708295435152, 25.083412713841792 ], [ 55.90366286334951, 25.083477908351441 ], [ 55.903620468837786, 25.083544778263061 ], [ 55.903581186277577, 25.083613206266779 ], [ 55.903545084587748, 25.083683072318969 ], [ 55.90351222710715, 25.083754253853208 ], [ 55.903482671483644, 25.083826625995005 ], [ 55.90345646957293, 25.083900061781016 ], [ 55.903433667347414, 25.083974432381648 ], [ 55.903414304815691, 25.084049607327149 ], [ 55.903398415952154, 25.084125454736462 ], [ 55.903386028637549, 25.084201841548555 ], [ 55.903377164609807, 25.084278633755858 ], [ 55.903371839425937, 25.084355696639392 ], [ 55.903370062434789, 25.084432895005019 ], [ 55.903371836760478, 25.084510093420718 ], [ 55.903377159296888, 25.084587156454102 ], [ 55.903386020713128, 25.084663948910062 ], [ 55.903398405469758, 25.08474033606787 ], [ 55.903414291846133, 25.084816183917702 ], [ 55.903433651978389, 25.084891359395485 ], [ 55.903456451908184, 25.084965730616613 ], [ 55.903482651642456, 25.08503916710713 ], [ 55.903512205223379, 25.085111540032692 ], [ 55.90354506080898, 25.085182722424634 ], [ 55.903581160764034, 25.085252589402781 ], [ 55.903620441761227, 25.085321018394357 ], [ 55.903662834892145, 25.085387889349224 ], [ 55.903708265788254, 25.085453084950377 ], [ 55.903756654751071, 25.085516490819913 ], [ 55.903807916892283, 25.085577995719568 ], [ 55.903861962282448, 25.085637491745995 ], [ 55.903918696108867, 25.085694874519977 ], [ 55.903978018841819, 25.085750043369668 ], [ 55.904039826409218, 25.085802901507158 ], [ 55.904104010379136, 25.085853356198349 ], [ 55.904170458150155, 25.085901318925583 ], [ 55.904239053148743, 25.085946705543062 ], [ 55.904309675033893, 25.085989436424352 ], [ 55.904382199908305, 25.086029436602242 ], [ 55.904456500535538, 25.086066635900156 ], [ 55.904532446563458, 25.08610096905538 ], [ 55.904609904752931, 25.086132375833483 ], [ 55.904688739211508, 25.086160801134096 ], [ 55.904768811631861, 25.086186195087553 ], [ 55.904849981534532, 25.086208513142342 ], [ 55.90493210651438, 25.086227716143362 ], [ 55.905015042490398, 25.08624377040061 ], [ 55.905098643958617, 25.086256647748236 ], [ 55.905182764247357, 25.086266325593979 ], [ 55.905267255774575, 25.086272786958922 ], [ 55.905351970306846, 25.086276020507064 ], [ 55.90543675921942, 25.086276020565503 ], [ 55.905521473757055, 25.086272787134035 ], [ 55.905605965295017, 25.08626632588556 ], [ 55.905690085599829, 25.0862566481557 ], [ 55.905773687089457, 25.086243770923286 ], [ 55.90585662309217, 25.086227716780297 ], [ 55.905938748103885, 25.086208513892419 ], [ 55.90601991804364, 25.08618619594948 ], [ 55.906099990506213, 25.086160802106374 ], [ 55.906178825011999, 25.086132376914367 ], [ 55.90625628325364, 25.086100970242978 ], [ 55.906332229338638, 25.086066637192403 ], [ 55.906406530027645, 25.086029437996874 ], [ 55.906479054968507, 25.085989437918919 ], [ 55.906549676924683, 25.085946707134934 ], [ 55.906618271998681, 25.08590132061196 ], [ 55.906684719849366, 25.085853357976287 ], [ 55.906748903903129, 25.085802903373523 ], [ 55.906810711558343, 25.085750045321198 ], [ 55.906870034382933, 25.085694876553251 ], [ 55.9069267683047, 25.085637493857426 ], [ 55.906980813793709, 25.085577997905478 ], [ 55.907032076037112, 25.085516493076451 ], [ 55.907080465105267, 25.085453087273589 ], [ 55.90712589610969, 25.085387891735007 ], [ 55.907168289351731, 25.085321020838585 ], [ 55.90720757046261, 25.085252591901121 ], [ 55.907243670533738, 25.085182724972725 ], [ 55.907276526237602, 25.085111542626024 ], [ 55.907306079938756, 25.085039169741176 ], [ 55.907332279795042, 25.084965733286769 ], [ 55.907355079848386, 25.084891362097068 ], [ 55.907374440105514, 25.084816186645917 ], [ 55.907390326607917, 25.084740338817994 ], [ 55.907402711491471, 25.084663951677239 ], [ 55.90741157303529, 25.084587159233507 ], [ 55.907416895699704, 25.084510096207428 ], [ 55.907418670153653, 25.084432897794187 ], [ 55.907416893290758, 25.084355699426105 ] ] ] ] } },
{ "type": "Feature", "properties": { "field_id": 34, "diam_km": 0.40881893934312602, "status": "partial", "active_frac": 0.298, "mean_prob": 0.298, "uncertainty_frac": 0.0, "area_ha": 13.13, "active_area_ha": 3.91, "credit_score": 44 }, "geometry": { "type": "MultiPolygon", "coordinates": [ [ [ [ 55.912891076647149, 25.079908169093791 ], [ 55.912885745461956, 25.079831015393871 ], [ 55.912876871392527, 25.079754132686162 ], [ 55.912864470013524, 25.079677655848425 ], [ 55.912848563087579, 25.079601719046142 ], [ 55.912829178527105, 25.079526455497209 ], [ 55.91280635034515, 25.079451997238095 ], [ 55.91278011859589, 25.079378474892341 ], [ 55.912750529304112, 25.079306017441365 ], [ 55.912717634384514, 25.079234751998197 ], [ 55.9126814915507, 25.079164803584511 ], [ 55.912642164213743, 25.079096294911295 ], [ 55.912599721370952, 25.079029346163512 ], [ 55.912554237484841, 25.078964074789504 ], [ 55.912505792352441, 25.07890059529468 ], [ 55.912454470965351, 25.078839019040863 ], [ 55.912400363360518, 25.07877945405081 ], [ 55.912343564462262, 25.078722004818854 ], [ 55.912284173915886, 25.078666772127416 ], [ 55.912222295912763, 25.078613852870483 ], [ 55.912158039007487, 25.078563339883374 ], [ 55.912091515927479, 25.078515321780088 ], [ 55.912022843375382, 25.078469882797776 ], [ 55.911952141824074, 25.078427102648995 ], [ 55.911879535305495, 25.078387056381924 ], [ 55.911805151193079, 25.078349814248647 ], [ 55.911729119978261, 25.078315441581978 ], [ 55.911651575041503, 25.078283998680895 ], [ 55.911572652418592, 25.078255540704685 ], [ 55.911492490561706, 25.078230117576283 ], [ 55.911411230096732, 25.078207773894597 ], [ 55.911329013576555, 25.078188548856399 ], [ 55.911245985231048, 25.078172476187483 ], [ 55.91116229071401, 25.078159584083576 ], [ 55.911078076847772, 25.078149895160799 ], [ 55.910993491365538, 25.078143426416087 ], [ 55.910908682652433, 25.078140189197299 ], [ 55.910823799485073, 25.078140189183376 ], [ 55.910738990770696, 25.078143426374353 ], [ 55.910654405285911, 25.07814989509134 ], [ 55.910570191415829, 25.078159583986515 ], [ 55.910486496893697, 25.078172476062967 ], [ 55.910403468541837, 25.078188548704667 ], [ 55.910321252014072, 25.078207773715899 ], [ 55.910239991540259, 25.078230117370929 ], [ 55.910159829673304, 25.078255540473069 ], [ 55.910080907039152, 25.078283998423412 ], [ 55.910003362089988, 25.078315441299079 ], [ 55.909927330861542, 25.078349813940783 ], [ 55.909852946734418, 25.078387056049689 ], [ 55.909780340200044, 25.078427102292967 ], [ 55.909709638631789, 25.078469882418549 ], [ 55.909640966061737, 25.078515321378333 ], [ 55.909574442962771, 25.078563339459809 ], [ 55.909510186037508, 25.078613852425846 ], [ 55.909448308013445, 25.078666771662508 ], [ 55.909388917445256, 25.078722004334445 ], [ 55.90933211852429, 25.078779453547785 ], [ 55.909278010895889, 25.078839018520103 ], [ 55.909226689484456, 25.078900594757112 ], [ 55.909178244326988, 25.07896407423603 ], [ 55.909132760415091, 25.079029345595124 ], [ 55.909090317545811, 25.079096294328984 ], [ 55.909050990181768, 25.079164802989311 ], [ 55.9090148473203, 25.079234751391155 ], [ 55.908981952372564, 25.079306016823526 ], [ 55.908952363052101, 25.079378474264807 ], [ 55.908926131273802, 25.079451996601943 ], [ 55.908903303062431, 25.079526454853575 ], [ 55.908883918472178, 25.079601718396162 ], [ 55.90886801151624, 25.07967765519323 ], [ 55.908855610106983, 25.079754132026892 ], [ 55.90884673600717, 25.07983101473171 ], [ 55.908841404791474, 25.079908168429881 ], [ 55.908839625819311, 25.079985457768 ], [ 55.908841402218314, 25.080062747154418 ], [ 55.908846730878743, 25.080139900997189 ], [ 55.908855602458971, 25.080216783941811 ], [ 55.908868001401764, 25.080293261108956 ], [ 55.908883905961574, 25.080369198330729 ], [ 55.908903288242634, 25.080444462386378 ], [ 55.908926114247819, 25.080518921235861 ], [ 55.908952343938267, 25.080592444251437 ], [ 55.908981931303657, 25.080664902447033 ], [ 55.9090148244427, 25.080736168704405 ], [ 55.909050965654373, 25.080806117996179 ], [ 55.909090291539002, 25.080874627605187 ], [ 55.909132733109367, 25.080941577339871 ], [ 55.909178215911936, 25.081006849745048 ], [ 55.909226660157273, 25.081070330307949 ], [ 55.909277980860004, 25.081131907659412 ], [ 55.90933208798802, 25.081191473768879 ], [ 55.909388886620249, 25.081248924134208 ], [ 55.909448277113299, 25.081304157964976 ], [ 55.909510155276237, 25.081357078359272 ], [ 55.909574412553297, 25.081407592473752 ], [ 55.909640936214373, 25.081455611686525 ], [ 55.90970960955287, 25.08150105175265 ], [ 55.909780312090355, 25.081543832951979 ], [ 55.909852919787916, 25.081583880228983 ], [ 55.909927305263906, 25.081621123324453 ], [ 55.910003338017361, 25.081655496898843 ], [ 55.910080884656892, 25.081686940646808 ], [ 55.91015980913491, 25.081715399403119 ], [ 55.910239972986169, 25.081740823239407 ], [ 55.910321235570784, 25.081763167551731 ], [ 55.910403454321013, 25.081782393138937 ], [ 55.910486484991331, 25.081798466271369 ], [ 55.910570181911645, 25.08181135875007 ], [ 55.910654398242762, 25.081821047956222 ], [ 55.910738986234172, 25.081827516891003 ], [ 55.910823797483175, 25.081830754205132 ], [ 55.910908683195373, 25.081830754219066 ], [ 55.910993494445634, 25.08182751693273 ], [ 55.911078082439587, 25.081821048025688 ], [ 55.911162298774556, 25.081811358847126 ], [ 55.911245995699957, 25.081798466395892 ], [ 55.911329026376642, 25.081782393290677 ], [ 55.911411245134438, 25.081763167730447 ], [ 55.911492507727893, 25.081740823444743 ], [ 55.911572671589219, 25.081715399634771 ], [ 55.911651596078478, 25.081686940904326 ], [ 55.911729142730465, 25.081655497181789 ], [ 55.911805175497506, 25.081621123632331 ], [ 55.911879560988226, 25.081583880561244 ], [ 55.911952168701617, 25.081543833308061 ], [ 55.912022871255999, 25.081501052131909 ], [ 55.912091544612466, 25.081455612088291 ], [ 55.912158068292548, 25.081407592897335 ], [ 55.912222325589575, 25.081357078803926 ], [ 55.91228420377341, 25.081304158429916 ], [ 55.912343594288323, 25.081248924618631 ], [ 55.912400392943262, 25.081191474271904 ], [ 55.912454500094803, 25.081131908180193 ], [ 55.912505820821913, 25.081070330845581 ], [ 55.912554265092318, 25.081006850298515 ], [ 55.91259974792073, 25.080941577908284 ], [ 55.912642189517555, 25.080874628187516 ], [ 55.912681515429234, 25.080806118591386 ], [ 55.912717656668576, 25.080736169311479 ], [ 55.912750549835813, 25.0806649030649 ], [ 55.912780137229824, 25.080592444878992 ], [ 55.912806366949354, 25.080518921871992 ], [ 55.91282919298397, 25.080444463030023 ], [ 55.912848575294781, 25.080369198980726 ], [ 55.912864479884618, 25.080293261764158 ], [ 55.912876878857638, 25.080216784601109 ], [ 55.912885750468256, 25.080139901659368 ], [ 55.912891079159181, 25.080062747818349 ], [ 55.912892855588737, 25.079985458432525 ], [ 55.912891076647149, 25.079908169093791 ] ] ] ] } },
{ "type": "Feature", "properties": { "field_id": 35, "diam_km": 0.79211498509829403, "status": "active", "active_frac": 0.847, "mean_prob": 0.847, "uncertainty_frac": 0.0, "area_ha": 49.25, "active_area_ha": 41.71, "credit_score": 88 }, "geometry": { "type": "MultiPolygon", "coordinates": [ [ [ [ 55.908504816127376, 25.078702018767363 ], [ 55.908494484481302, 25.078552528236457 ], [ 55.908477288347036, 25.078403562853783 ], [ 55.908453257917024, 25.078255383952833 ], [ 55.908422435372849, 25.07810825148653 ], [ 55.908384874811027, 25.07796242357108 ], [ 55.90834064214814, 25.077818156033171 ], [ 55.90828981500475, 25.077675701961308 ], [ 55.908232482569282, 25.077535311261656 ], [ 55.908168745441273, 25.077397230219912 ], [ 55.908098715454948, 25.077261701069062 ], [ 55.908022515482649, 25.077128961564632 ], [ 55.907940279219424, 25.076999244567613 ], [ 55.907852150948095, 25.076872777635906 ], [ 55.907758285286363, 25.076749782625331 ], [ 55.907658846915211, 25.076630475300369 ], [ 55.907554010290085, 25.076515064955792 ], [ 55.907443959334756, 25.076403754049501 ], [ 55.907328887118638, 25.076296737847439 ], [ 55.907208995518019, 25.076194204081158 ], [ 55.907084494861898, 25.076096332618519 ], [ 55.90695560356307, 25.076003295148173 ], [ 55.906822547734954, 25.07591525487851 ], [ 55.906685560794891, 25.075832366251369 ], [ 55.906544883054799, 25.075754774671211 ], [ 55.906400761299622, 25.075682616250074 ], [ 55.906253448354391, 25.075616017568809 ], [ 55.906103202640885, 25.075555095455218 ], [ 55.905950287724316, 25.075499956779044 ], [ 55.905794971851144, 25.075450698264479 ], [ 55.905637527478461, 25.075407406320778 ], [ 55.905478230796305, 25.075370156890472 ], [ 55.905317361243114, 25.07533901531631 ], [ 55.905155201015866, 25.075314036226626 ], [ 55.904992034574946, 25.075295263439493 ], [ 55.904828148145391, 25.075282729886023 ], [ 55.904663829214925, 25.075276457552402 ], [ 55.904499366029768, 25.075276457441507 ], [ 55.90433504708912, 25.075282729553511 ], [ 55.904171160639194, 25.075295262886033 ], [ 55.904007994167756, 25.075314035453093 ], [ 55.903845833899879, 25.075339014324079 ], [ 55.903684964296076, 25.075370155681313 ], [ 55.903525667553346, 25.075407404896787 ], [ 55.903368223110299, 25.07545069662816 ], [ 55.903212907157055, 25.07549995493326 ], [ 55.903059992150837, 25.075555093403239 ], [ 55.902909746338302, 25.075616015314218 ], [ 55.902762433284785, 25.075682613796815 ], [ 55.902618311412283, 25.07575477202359 ], [ 55.902477633546063, 25.075832363414044 ], [ 55.902340646471274, 25.075915251856433 ], [ 55.902207590500026, 25.076003291946648 ], [ 55.902078699049937, 25.076096329243189 ], [ 55.901954198234712, 25.076194200537934 ], [ 55.901834306467386, 25.076296734142524 ], [ 55.901719234077305, 25.076403750189364 ], [ 55.901609182941009, 25.076515060947244 ], [ 55.901504346128235, 25.076630471150455 ], [ 55.901404907563148, 25.076749778341295 ], [ 55.901311041701447, 25.076872773225293 ], [ 55.901222913224501, 25.076999240038141 ], [ 55.901140676750366, 25.077128956924259 ], [ 55.901064476562262, 25.077261696325913 ], [ 55.900994446355575, 25.077397225382292 ], [ 55.900930709003092, 25.077535306338078 ], [ 55.900873376339362, 25.077675696960416 ], [ 55.900822548964378, 25.077818150963733 ], [ 55.900778316066912, 25.077962418441956 ], [ 55.900740755268011, 25.078108246306773 ], [ 55.900709932484631, 25.078255378731463 ], [ 55.900685901813674, 25.078403557599991 ], [ 55.900668705437177, 25.078552522959487 ], [ 55.900658373548069, 25.078702013476445 ], [ 55.900654924296845, 25.078851766895099 ], [ 55.900658363759817, 25.079001520497538 ], [ 55.900668685928068, 25.079151011564591 ], [ 55.900685872717936, 25.079299977836712 ], [ 55.900709894002532, 25.079448157974124 ], [ 55.900740707664447, 25.079595292015256 ], [ 55.900778259669337, 25.079741121832875 ], [ 55.900822484160805, 25.079885391586888 ], [ 55.900873303575523, 25.080027848173327 ], [ 55.900930628779321, 25.080168241668311 ], [ 55.900994359223283, 25.080306325766607 ], [ 55.901064383120215, 25.080441858213721 ], [ 55.90114057764039, 25.08057460123101 ], [ 55.901222809127034, 25.080704321932927 ], [ 55.901310933330784, 25.080830792735512 ], [ 55.90140479566255, 25.080953791755803 ], [ 55.901504231464656, 25.081073103201188 ], [ 55.901609066299656, 25.081188517748043 ], [ 55.90171911625638, 25.081299832908947 ], [ 55.90183418827241, 25.081406853388096 ], [ 55.901954080472869, 25.081509391423953 ], [ 55.902078582524503, 25.081607267118741 ], [ 55.902207476004783, 25.081700308754115 ], [ 55.902340534784948, 25.081788353092431 ], [ 55.902477525426974, 25.081871245663365 ], [ 55.90261820759298, 25.081948841034741 ], [ 55.902762334466992, 25.08202100306794 ], [ 55.902909653188033, 25.082087605156794 ], [ 55.903059905293816, 25.082148530449579 ], [ 55.903212827174293, 25.082203672054323 ], [ 55.903368150534199, 25.082252933226165 ], [ 55.903525602863859, 25.08229622753732 ], [ 55.903684907917516, 25.082333479028598 ], [ 55.903845786197898, 25.082364622342805 ], [ 55.904007955446914, 25.082389602839427 ], [ 55.90417113114087, 25.082408376690456 ], [ 55.90433502698977, 25.082420910957417 ], [ 55.904499355439874, 25.082427183649024 ], [ 55.904663828178144, 25.082427183759936 ], [ 55.904828156638438, 25.08242091128994 ], [ 55.904992052507723, 25.08240837724405 ], [ 55.905155228232204, 25.082389603613059 ], [ 55.905317397521848, 25.082364623335167 ], [ 55.905478275852879, 25.082333480237942 ], [ 55.905637580967117, 25.082296228961511 ], [ 55.905795033367191, 25.082252934862701 ], [ 55.905950356807217, 25.082203673900352 ], [ 55.906103278777366, 25.082148532501837 ], [ 55.906253530982234, 25.082087607411683 ], [ 55.90640084981159, 25.082021005521526 ], [ 55.906544976802927, 25.081948843682678 ], [ 55.906685659095125, 25.081871248501024 ], [ 55.906822649871934, 25.081788356114888 ], [ 55.906955708795287, 25.081700311956002 ], [ 55.907084602426856, 25.081607270494455 ], [ 55.907209104637673, 25.081509394967583 ], [ 55.907328997004861, 25.081406857093398 ], [ 55.907444069194923, 25.081299836769471 ], [ 55.907554119332659, 25.08118852175695 ], [ 55.907658954355341, 25.081073107351489 ], [ 55.907758390351454, 25.080953796040198 ], [ 55.90785225288321, 25.080830797146479 ], [ 55.90794037729264, 25.080704326462754 ], [ 55.908022608990208, 25.080574605871732 ], [ 55.90809880372624, 25.080441862957169 ], [ 55.908168827843532, 25.080306330604472 ], [ 55.908232558512054, 25.080168246592134 ], [ 55.908289883944114, 25.080027853174453 ], [ 55.908340703590483, 25.07988539665654 ], [ 55.908384928316543, 25.079741126962151 ], [ 55.908422480558585, 25.079595297195201 ], [ 55.908453294459711, 25.079448163195607 ], [ 55.908477315985245, 25.079299983090571 ], [ 55.908494503017323, 25.079151016841607 ], [ 55.908504825428658, 25.079001525788456 ], [ 55.90850826513509, 25.078851772190646 ], [ 55.908504816127376, 25.078702018767363 ] ] ] ] } },
{ "type": "Feature", "properties": { "field_id": 36, "diam_km": 0.78795906935127302, "status": "active", "active_frac": 0.896, "mean_prob": 0.896, "uncertainty_frac": 0.0, "area_ha": 48.72, "active_area_ha": 43.65, "credit_score": 92 }, "geometry": { "type": "MultiPolygon", "coordinates": [ [ [ [ 55.901214744730595, 25.081854861901924 ], [ 55.901204466902236, 25.081706155759402 ], [ 55.901187360426299, 25.081557972014398 ], [ 55.901163455337674, 25.081410570629213 ], [ 55.901132793597782, 25.081264210192781 ], [ 55.901095429020884, 25.081119147466918 ], [ 55.901051427179404, 25.080975636936024 ], [ 55.901000865288772, 25.080833930360505 ], [ 55.900943832071846, 25.080694276335322 ], [ 55.900880427603106, 25.080556919853848 ], [ 55.900810763132931, 25.080422101878028 ], [ 55.900734960892294, 25.08029005891585 ], [ 55.900653153878281, 25.080161022606376 ], [ 55.900565485620632, 25.080035219313494 ], [ 55.900472109929801, 25.079912869728876 ], [ 55.900373190627214, 25.079794188484811 ], [ 55.900268901257569, 25.079679383777808 ], [ 55.900159424784526, 25.079568657003421 ], [ 55.900044953269642, 25.079462202402937 ], [ 55.89992568753533, 25.079360206722757 ], [ 55.899801836812678, 25.079262848886881 ], [ 55.899673618374266, 25.079170299683025 ], [ 55.899541257153167, 25.079082721463053 ], [ 55.899404985348276, 25.07900026785839 ], [ 55.899265042016907, 25.078923083510386 ], [ 55.899121672655809, 25.078851303816744 ], [ 55.898975128770147, 25.078785054694052 ], [ 55.898825667432718, 25.078724452356933 ], [ 55.898673550832868, 25.078669603114143 ], [ 55.898519045816606, 25.078620603182319 ], [ 55.898362423418817, 25.078577538517081 ], [ 55.89820395838764, 25.078540484662302 ], [ 55.89804392870284, 25.078509506617674 ], [ 55.897882615088136, 25.078484658724694 ], [ 55.897720300518984, 25.07846598457137 ], [ 55.897557269726143, 25.078453516915697 ], [ 55.897393808696535, 25.07844727762836 ], [ 55.897230204171606, 25.078447277654231 ], [ 55.897066743144364, 25.078453516993285 ], [ 55.896903712356284, 25.078465984700511 ], [ 55.896741397794258, 25.0784846589052 ], [ 55.896580084189019, 25.078509506849198 ], [ 55.896420054516049, 25.078540484944433 ], [ 55.896261589498991, 25.078577538849348 ], [ 55.896104967117616, 25.078620603564115 ], [ 55.895950462120069, 25.078669603544803 ], [ 55.895798345541102, 25.078724452835697 ], [ 55.895648884226773, 25.078785055220109 ], [ 55.895502340366406, 25.078851304389172 ], [ 55.89535897103265, 25.078923084128146 ], [ 55.895219027730761, 25.079000268520435 ], [ 55.895082755957262, 25.079082722168184 ], [ 55.894950394769566, 25.079170300430015 ], [ 55.894822176366475, 25.079262849674429 ], [ 55.894698325680942, 25.079360207549495 ], [ 55.894579059985531, 25.079462203267386 ], [ 55.894464588511234, 25.079568657904098 ], [ 55.894355112080433, 25.079679384713106 ], [ 55.89425082275455, 25.079794189453114 ], [ 55.894151903497203, 25.07991287072846 ], [ 55.894058527853041, 25.080035220342634 ], [ 55.893970859643375, 25.080161023663219 ], [ 55.893889052678574, 25.080290059998578 ], [ 55.893813250488293, 25.080422102984745 ], [ 55.893743586069505, 25.080556920982584 ], [ 55.89368018165316, 25.080694277484127 ], [ 55.893623148489496, 25.080833931527334 ], [ 55.893572586652915, 25.080975638118836 ], [ 55.893528584866161, 25.081119148663678 ], [ 55.893491220344579, 25.081264211401333 ], [ 55.893460558660507, 25.081410571847488 ], [ 55.893436653628086, 25.081557973240216 ], [ 55.893419547208673, 25.081706156990659 ], [ 55.893409269437058, 25.081854863136414 ], [ 55.893405838368601, 25.082003830797849 ], [ 55.893409260047399, 25.082152798635473 ], [ 55.893419528495535, 25.08230150530866 ], [ 55.893436625723332, 25.082449689933952 ], [ 55.89346052176073, 25.082597092542823 ], [ 55.893491174709794, 25.082743454537852 ], [ 55.893528530817967, 25.082888519146234 ], [ 55.8935725245722, 25.083032031870424 ], [ 55.893623078813775, 25.083173740934541 ], [ 55.893680104873482, 25.083313397726226 ], [ 55.893743502727069, 25.083450757232701 ], [ 55.893813161170577, 25.083585578470768 ], [ 55.893888958015275, 25.083717624909585 ], [ 55.893970760301876, 25.083846664885701 ], [ 55.894058424533917, 25.083972472009492 ], [ 55.894151796929073, 25.08409482556246 ], [ 55.894250713689111, 25.08421351088441 ], [ 55.89435500128711, 25.084328319750291 ], [ 55.894464476771837, 25.084439050735376 ], [ 55.894578948088764, 25.084545509568809 ], [ 55.894698214416742, 25.08464750947449 ], [ 55.894822066520575, 25.084744871498835 ], [ 55.894950287118, 25.084837424824695 ], [ 55.895082651260751, 25.084925007071305 ], [ 55.895218926729548, 25.085007464579018 ], [ 55.89535887444125, 25.0850846526791 ], [ 55.895502248868489, 25.085156435947511 ], [ 55.895648798470461, 25.085222688442624 ], [ 55.895798266134364, 25.085283293926132 ], [ 55.895950389626464, 25.085338146067187 ], [ 55.896104902052372, 25.085387148628854 ], [ 55.896261532325248, 25.085430215637089 ], [ 55.896420005641659, 25.085467271531535 ], [ 55.896580043963809, 25.085498251298215 ], [ 55.896741366507371, 25.085523100583579 ], [ 55.896903690234282, 25.085541775789828 ], [ 55.897066730349458, 25.085554244151574 ], [ 55.897230200800657, 25.085560483793195 ], [ 55.897393814780351, 25.085560483767324 ], [ 55.897557285229176, 25.085554244073979 ], [ 55.89772032533962, 25.085541775660669 ], [ 55.89788264905939, 25.085523100403076 ], [ 55.898043971593452, 25.085498251066674 ], [ 55.898204009903786, 25.085467271249371 ], [ 55.898362483206093, 25.085430215304772 ], [ 55.898519113462555, 25.085387148247001 ], [ 55.898673625869726, 25.085338145636459 ], [ 55.898825749340908, 25.085283293447279 ], [ 55.898975216981682, 25.085222687916477 ], [ 55.899121766558395, 25.085156435375037 ], [ 55.899265140958263, 25.085084652061248 ], [ 55.899405088640528, 25.085007463916916 ], [ 55.899541364077869, 25.084925006366095 ], [ 55.899673728187238, 25.08483742407762 ], [ 55.899801948749314, 25.084744870711184 ], [ 55.899925800816021, 25.084647508647688 ], [ 55.900045067105104, 25.084545508704256 ], [ 55.900159538381395, 25.084439049834639 ], [ 55.900269013823909, 25.084328318814933 ], [ 55.900373301378124, 25.084213509916044 ], [ 55.900472218092901, 25.08409482456279 ], [ 55.900565590441381, 25.083972470980299 ], [ 55.900653254625425, 25.083846663828769 ], [ 55.900735056862828, 25.083717623826793 ], [ 55.900810853657134, 25.083585577363984 ], [ 55.900880512049234, 25.08345075610389 ], [ 55.900943909850426, 25.083313396577338 ], [ 55.901000935856885, 25.083173739767648 ], [ 55.901051490044409, 25.083032030687523 ], [ 55.901095483743909, 25.082888517949435 ], [ 55.901132839796738, 25.082743453329254 ], [ 55.901163492689982, 25.082597091324516 ], [ 55.901187388671183, 25.082449688708078 ], [ 55.901204485842428, 25.082301504077375 ], [ 55.901214754233855, 25.082152797400969 ], [ 55.901218175855853, 25.082003829562243 ], [ 55.901214744730595, 25.081854861901924 ] ] ] ] } },
{ "type": "Feature", "properties": { "field_id": 37, "diam_km": 0.2, "status": "active", "active_frac": 0.991, "mean_prob": 0.991, "uncertainty_frac": 0.0, "area_ha": 28.46, "active_area_ha": 28.19, "credit_score": 99 }, "geometry": { "type": "MultiPolygon", "coordinates": [ [ [ [ 55.885374129664577, 25.08313737874802 ], [ 55.886099747808814, 25.084154155515002 ], [ 55.88677060231953, 25.084823735602736 ], [ 55.887687893181123, 25.085294919394656 ], [ 55.888468274958896, 25.085505711556415 ], [ 55.889289729461822, 25.085580108703308 ], [ 55.890357620315619, 25.085406515290224 ], [ 55.891014783917953, 25.085071727298288 ], [ 55.891986838413089, 25.084600542647152 ], [ 55.892616620198652, 25.08401775912214 ], [ 55.893027347450115, 25.08334817462541 ], [ 55.893314856526139, 25.082467789435427 ], [ 55.893383311068042, 25.081661797442088 ], [ 55.893314856526139, 25.080893000134182 ], [ 55.89286305654953, 25.079900996473782 ], [ 55.889440329454018, 25.081711397102605 ], [ 55.889371874912115, 25.081835396165978 ], [ 55.889248656736676, 25.081847796065414 ], [ 55.889152820378001, 25.081773396649989 ], [ 55.885374129664577, 25.08313737874802 ] ] ] ] } }
]
}
